Reaction ID,Prediction
10233,2.4.2
10234,2.4.2
11273,1.1.5
11274,1.1.5
11381,1.14.11
11382,1.14.11
12714,2.7.4
12715,2.7.11
12886,2.4.1
12887,2.4.1
13822,1.14.11
13823,1.14.11
14590,2.1.1
14591,2.1.1
15086,3.2.1
15087,3.2.1
15534,1.1.1
15535,1.1.1
15594,2.5.1
15595,2.5.1
16330,1.13.11
16331,1.13.11
16742,2.3.1
16743,2.3.1
17134,2.7.11
17135,2.7.11
17610,1.21.98
17611,1.1.99
18346,4.1.1
18347,4.1.1
18758,1.14.11
18759,1.14.11
18806,1.8.4
18807,1.8.4
18882,6.3.2
18883,6.3.2
19358,1.14.13
19359,1.14.13
19390,6.2.1
19391,6.2.1
20094,2.4.1
20095,2.4.1
20330,2.7.11
20331,2.7.11
20350,1.14.13
20351,1.14.13
20362,1.14.15
20363,1.14.15
20713,2.3.1
20714,2.3.1
20733,1.8.4
20734,1.8.4
20929,1.8.4
20930,1.8.4
22265,1.14.14
22266,1.14.14
22685,1.14.99
22686,1.14.99
23121,6.3.4
23122,6.3.4
23817,2.6.1
23818,2.6.1
24025,2.6.1
24026,2.6.1
24449,2.4.1
24450,2.4.1
24830,6.3.2
24831,6.3.4
26157,1.1.1
26158,1.1.1
27651,2.7.1
27652,2.7.1
27711,2.7.1
27712,2.7.1
27759,1.5.1
27760,1.5.1
27787,1.2.1
27788,1.2.1
28011,2.8.3
28012,2.8.3
28043,1.2.1
28044,1.2.1
28051,3.6.5
28052,3.1.3
28191,3.5.4
28192,3.5.4
28331,3.6.4
28332,3.6.4
28375,6.3.2
28376,6.3.2
28387,2.7.8
28388,2.7.8
28403,2.7.8
28404,2.7.1
28407,3.6.1
28408,3.6.1
28539,2.7.8
28540,2.8.2
28676,5.3.1
28677,5.3.1
29768,6.3.4
29769,7.6.2
29776,2.7.1
29777,2.7.1
29780,7.4.2
29781,7.4.2
29792,6.3.5
29793,6.3.5
29796,7.2.2
29797,7.2.2
29800,6.3.4
29801,2.7.1
29812,7.6.2
29813,7.6.2
29996,7.2.2
29997,7.2.2
30000,6.3.4
30001,6.3.4
30084,1.16.3
30085,1.7.2
30112,1.11.1
30113,1.11.1
30392,2.6.1
30393,2.6.1
30688,4.1.3
30689,4.1.3
30700,2.6.1
30701,2.6.1
30872,2.7.1
30873,2.7.1
31156,1.2.1
31157,1.2.1
31228,2.7.8
31229,2.4.1
31236,2.6.1
31237,2.6.1
31416,4.2.3
31417,4.2.3
31424,4.2.3
31425,4.2.3
32588,1.14.13
32589,1.14.13
32764,6.3.2
32765,6.3.2
32980,3.1.1
32981,3.1.1
33032,1.1.1
33033,1.1.1
33088,1.1.99
33089,1.1.99
33148,6.3.4
33149,6.3.4
33156,3.1.3
33157,3.1.3
33276,3.1.1
33277,3.1.1
33688,2.3.1
33689,2.3.1
34800,2.3.1
34801,2.3.1
35264,3.1.1
35265,3.1.1
35580,2.4.1
35581,2.4.1
35816,2.4.2
35817,2.4.2
36080,2.7.8
36081,2.7.8
36228,2.7.8
36229,2.7.8
36252,6.2.1
36253,6.2.1
36308,4.1.2
36309,2.3.1
38356,4.2.1
38357,4.2.1
38460,2.3.1
38461,2.3.1
40720,1.8.4
40721,2.1.1
41945,2.7.4
41946,6.3.2
41949,1.2.1
41950,1.7.1
41953,2.6.1
41954,2.6.1
42213,3.1.1
42214,3.1.1
42269,2.3.1
42270,2.3.1
42273,2.3.1
42274,2.3.1
42277,2.3.1
42278,2.3.1
42409,2.7.1
42410,2.7.1
42413,2.7.7
42414,6.3.4
42489,2.3.1
42490,2.3.1
42717,2.5.1
42718,2.5.1
43637,1.2.1
43638,1.2.1
43641,2.3.1
43642,2.3.1
43765,6.2.1
43766,6.2.1
44061,2.3.1
44062,2.3.1
44181,1.3.8
44182,1.3.8
44649,3.1.1
44650,3.1.1
44769,4.1.1
44770,4.1.1
45233,1.3.1
45234,1.3.1
45701,1.14.13
45702,1.14.13
45717,3.1.2
45718,3.1.2
45757,1.14.16
45758,1.14.16
45821,2.8.3
45822,2.8.3
45913,1.3.1
45914,1.3.1
46001,2.5.1
46002,2.5.1
46309,1.14.14
46310,1.14.14
47045,2.8.3
47046,2.8.3
47129,6.2.1
47130,6.2.1
47137,6.2.1
47138,6.2.1
47621,1.14.11
47622,1.14.11
48129,3.6.1
48130,3.6.1
48637,4.2.1
48638,4.2.1
48685,3.5.1
48686,3.5.1
50237,1.14.14
50238,1.14.14
50305,1.14.14
50306,1.14.14
50309,1.14.14
50310,1.14.14
50337,1.14.14
50338,1.14.14
51429,2.3.1
51430,2.3.1
51505,2.4.1
51506,2.4.1
51589,1.3.1
51590,1.3.1
51637,1.3.5
51638,1.3.5
52321,1.14.14
52322,1.14.14
52541,2.4.2
52542,2.4.2
52613,1.3.8
52614,1.3.8
52625,6.3.2
52626,6.3.2
52633,2.7.1
52634,2.7.4
52669,1.2.1
52670,1.2.1
52673,2.6.1
52674,2.6.1
52677,3.5.3
52678,3.5.1
52825,1.14.13
52826,1.14.13
52829,1.14.13
52830,1.14.13
53409,1.14.13
53410,1.14.13
53413,1.14.13
53414,1.14.13
53777,1.13.11
53778,1.13.11
53829,1.14.11
53830,1.14.11
53833,1.14.11
53834,1.14.11
53837,2.3.1
53838,2.3.1
54257,1.14.11
54258,1.14.11
54413,1.3.1
54414,1.3.1
54421,3.2.2
54422,3.2.2
54877,5.5.1
54878,5.5.1
54881,5.5.1
54882,5.5.1
55009,1.14.13
55010,1.14.13
55013,1.14.13
55014,1.14.13
55041,2.3.1
55042,2.3.1
56005,3.2.1
56006,3.2.1
56009,3.2.1
56010,3.2.1
56029,3.2.1
56030,3.2.1
56045,3.2.1
56046,3.2.1
56125,2.5.1
56126,1.3.99
56129,1.3.99
56130,1.3.99
56517,1.14.20
56518,1.11.1
56521,1.21.98
56522,1.21.98
56709,1.14.14
56710,1.14.14
56745,1.14.11
56746,1.14.11
56753,1.14.15
56754,1.14.15
56829,1.8.4
56830,1.8.4
56833,1.8.4
56834,2.3.3
56845,2.1.1
56846,2.1.1
56861,2.3.1
56862,2.3.1
56865,2.3.1
56866,2.3.1
56909,2.5.1
56910,2.5.1
56941,4.1.2
56942,4.1.2
56997,5.3.1
56998,5.3.1
57021,2.7.1
57022,2.7.1
57025,2.2.1
57026,2.2.1
57045,1.1.1
57046,1.1.1
57053,4.1.1
57054,4.1.1
57057,1.1.1
57058,1.1.1
57061,3.1.1
57062,3.1.1
57065,3.1.1
57066,3.1.1
57069,2.7.1
57070,2.7.1
57073,4.1.1
57074,4.1.1
57077,3.1.4
57078,3.1.4
57081,2.3.2
57082,2.3.2
57101,5.3.1
57102,5.3.1
57153,1.14.11
57154,1.14.11
57377,1.14.14
57378,1.14.14
57385,2.3.1
57386,2.3.1
57389,1.14.14
57390,1.14.14
57397,2.1.1
57398,2.1.1
57401,3.1.1
57402,3.1.1
57581,5.3.1
57582,5.3.1
57681,1.14.14
57682,1.14.19
57749,2.3.1
57750,2.3.1
57753,2.3.1
57754,2.3.1
57757,2.3.1
57758,2.3.1
57761,2.3.1
57762,2.3.1
57833,1.2.1
57834,1.2.1
57857,1.14.11
57858,1.14.11
57869,1.14.11
57870,1.14.11
57885,3.6.1
57886,7.2.2
57929,6.3.2
57930,6.3.2
57937,1.2.1
57938,1.2.1
57949,1.14.13
57950,1.14.13
57953,1.14.13
57954,1.14.13
57957,1.14.13
57958,1.14.13
57961,1.14.13
57962,1.14.13
57965,1.14.14
57966,1.14.14
57969,1.14.14
57970,1.14.14
57973,1.14.14
57974,1.14.14
57977,2.4.1
57978,2.4.1
57981,2.4.1
57982,2.4.1
57985,2.4.1
57986,2.4.1
57989,2.4.1
57990,2.4.1
57993,2.4.1
57994,2.4.1
57997,2.4.1
57998,2.4.1
58001,2.4.1
58002,2.4.1
58005,2.4.1
58006,2.4.1
58009,2.4.1
58009,2.4.1
58010,2.4.1
58010,2.4.1
58025,2.4.1
58026,2.4.1
58029,2.3.1
58030,2.3.1
58045,2.3.1
58046,2.3.1
58049,2.3.1
58050,2.3.1
58053,2.3.1
58054,2.3.1
58069,1.13.11
58070,1.13.11
58117,2.4.1
58118,2.4.1
58121,2.7.7
58122,2.7.7
58125,1.14.14
58126,1.14.14
58145,6.3.1
58146,6.3.4
58149,3.1.1
58150,3.1.1
58161,4.2.3
58162,4.2.3
58165,4.2.3
58166,4.2.3
58169,4.2.3
58170,4.2.3
58173,4.2.3
58174,4.2.3
58177,2.5.1
58178,2.5.1
58185,2.5.1
58186,2.5.1
58189,2.5.1
58190,2.5.1
58193,2.5.1
58194,2.5.1
58201,2.6.1
58202,2.6.1
58413,1.14.15
58414,1.2.7
58457,3.2.1
58458,3.2.1
58493,6.3.5
58494,7.6.2
58521,1.14.14
58522,1.14.14
58561,1.3.1
58562,1.3.1
58565,1.1.1
58566,1.5.1
58569,2.3.1
58570,2.3.1
58573,1.3.3
58574,1.1.3
58577,1.3.1
58578,1.3.1
58665,1.1.5
58666,1.1.5
58697,1.14.13
58698,1.14.13
58713,1.14.13
58714,1.14.13
58813,6.3.2
58814,6.3.2
58817,6.3.2
58818,6.3.2
58821,4.1.1
58822,4.1.1
58825,1.14.15
58826,1.14.15
58833,1.14.18
58834,1.14.18
58869,1.14.99
58870,1.14.19
58885,1.14.99
58886,1.14.99
58889,1.14.99
58890,1.14.99
58893,2.8.2
58894,2.8.2
58897,6.2.1
58898,6.2.1
58901,3.5.3
58902,3.5.3
58905,2.3.1
58906,2.3.1
58909,2.3.1
58910,2.3.1
58913,6.3.5
58914,6.3.5
58921,4.2.1
58922,4.2.1
58925,3.3.2
58926,4.2.1
58929,4.2.1
58930,4.2.1
58933,2.3.1
58934,2.3.1
58945,2.3.1
58946,2.3.1
58953,2.4.1
58954,2.4.1
59013,2.1.1
59014,2.1.1
59017,1.3.1
59018,1.3.1
59045,2.4.1
59046,2.4.1
59049,4.1.1
59050,4.1.1
59053,4.1.1
59054,4.1.1
59057,1.8.1
59058,1.8.1
59065,2.1.1
59066,2.1.1
59069,2.1.1
59070,2.1.1
59073,2.1.1
59074,2.1.1
59077,2.4.1
59078,2.4.1
59089,2.5.1
59090,2.5.1
59097,2.4.1
59098,2.4.1
59101,2.4.1
59102,2.4.1
59113,2.7.1
59114,2.7.1
59121,4.1.1
59122,4.1.1
59125,6.3.2
59126,6.3.2
59129,6.3.2
59130,6.3.2
59133,6.3.2
59134,6.3.2
59137,6.3.2
59138,6.3.2
59141,6.3.2
59142,6.3.2
59149,6.2.1
59150,6.2.1
59153,6.2.1
59154,6.2.1
59157,6.2.1
59158,6.2.1
59161,6.2.1
59162,6.2.1
59165,6.2.1
59166,6.2.1
59169,6.2.1
59170,6.2.1
59177,2.7.1
59178,2.7.1
59181,3.6.1
59182,3.6.1
59185,3.1.1
59186,3.5.1
59189,5.1.1
59190,5.1.1
59217,4.1.1
59218,4.1.1
59221,3.7.1
59222,3.7.1
59225,4.2.3
59226,4.2.3
59229,5.3.1
59230,5.3.1
59233,4.2.3
59234,4.2.3
59237,4.2.3
59238,4.2.3
59241,2.3.2
59242,2.3.2
59245,3.1.1
59246,3.1.1
59249,2.8.3
59250,2.3.1
59253,2.3.1
59254,2.3.1
59313,1.1.3
59314,1.1.3
59317,1.1.3
59318,1.1.3
59329,3.1.1
59330,3.1.1
59345,1.1.3
59346,1.1.3
59353,1.1.3
59354,1.1.3
59361,3.5.1
59361,3.5.1
59362,3.5.1
59362,3.5.1
59377,5.4.99
59378,5.5.1
59381,1.3.1
59382,1.5.1
59413,3.5.1
59414,3.5.1
59469,3.5.1
59470,3.5.1
59485,1.7.2
59486,1.7.2
59501,3.6.1
59502,3.6.1
59541,4.1.1
59542,4.1.1
59569,6.3.2
59570,6.3.2
59573,3.5.1
59573,3.5.1
59574,3.5.1
59574,3.5.1
59577,3.5.1
59577,3.5.1
59578,3.5.1
59578,3.5.1
59585,6.3.2
59586,6.3.2
59589,6.3.2
59590,6.3.1
59593,6.3.2
59594,6.3.2
59609,3.5.1
59610,3.5.1
59613,3.5.1
59614,3.5.1
59617,3.5.3
59618,3.5.3
59621,3.5.1
59622,3.5.1
59625,3.5.1
59626,3.5.1
59629,3.5.3
59630,3.5.3
59757,2.1.1
59758,2.1.1
59761,2.4.1
59762,2.4.1
59773,1.1.3
59774,1.1.3
59777,1.1.3
59778,1.1.3
59817,2.3.1
59818,2.3.1
59829,3.2.2
59830,1.11.1
59833,2.7.1
59834,2.7.1
59857,2.1.1
59858,2.1.1
59957,4.4.1
59958,4.4.1
59977,4.1.1
59978,4.1.1
59981,3.6.1
59982,3.6.1
59985,3.5.1
59986,3.5.1
59989,1.1.1
59990,1.3.1
59993,1.3.8
59994,2.3.1
59997,1.3.8
59998,1.3.8
60001,1.13.11
60002,1.13.11
60033,3.6.5
60034,3.6.5
60037,3.5.1
60038,3.5.1
60041,3.5.1
60042,3.5.1
60049,1.14.13
60050,1.14.13
60069,1.14.13
60070,1.14.13
60085,1.1.1
60086,1.1.1
60089,1.1.1
60090,1.1.1
60093,1.1.1
60094,1.1.1
60097,1.1.1
60098,1.1.1
60101,2.4.1
60102,2.4.1
60105,2.3.1
60106,2.3.1
60109,4.2.1
60110,4.2.1
60113,4.2.1
60114,4.2.1
60117,1.14.11
60118,1.14.11
60121,2.1.1
60122,2.1.1
60125,4.2.3
60126,4.2.3
60157,7.5.2
60158,3.6.1
60169,2.7.2
60170,2.7.2
60189,1.14.11
60190,1.14.11
60201,1.14.11
60202,1.14.11
60209,1.14.11
60210,1.14.11
60225,1.14.11
60226,1.14.11
60237,1.14.11
60238,1.14.11
60245,1.5.99
60246,1.14.18
60261,2.1.1
60262,2.1.1
60265,2.1.1
60266,2.1.1
60277,2.1.1
60278,2.1.1
60281,2.1.1
60282,2.1.1
60289,2.1.1
60290,2.1.1
60293,2.1.1
60294,2.1.1
60297,2.1.1
60298,2.1.1
60309,2.1.1
60310,2.1.1
60325,2.1.1
60326,2.1.1
60329,2.1.1
60330,2.1.1
60345,2.1.1
60346,2.1.1
60349,2.1.1
60350,2.1.1
60361,1.14.14
60362,2.7.1
60385,4.2.1
60386,4.2.1
60389,3.1.1
60390,3.2.1
60393,4.2.1
60394,4.2.1
60397,3.2.1
60398,3.2.1
60401,3.2.1
60402,3.1.1
60405,3.1.1
60406,3.1.1
60409,3.2.1
60410,3.2.1
60413,3.2.1
60414,3.2.1
60417,3.2.1
60418,3.2.1
60421,3.2.1
60422,3.2.1
60425,4.2.3
60426,4.2.3
60429,3.5.1
60430,3.5.1
60437,3.1.1
60438,3.1.1
60441,3.1.1
60442,3.1.1
60445,3.5.1
60446,3.5.1
60449,3.5.1
60450,3.5.1
60453,4.4.1
60454,4.4.1
60577,2.1.1
60578,2.1.1
60665,1.6.3
60666,1.7.1
60945,2.1.1
60946,2.1.1
61021,2.3.1
61022,2.3.1
61157,6.2.1
61158,2.3.1
61301,4.1.2
61302,4.1.2
61341,4.1.1
61342,4.1.1
61393,2.7.1
61394,2.7.1
61397,2.7.1
61398,2.7.1
61417,5.3.3
61418,5.5.1
61421,5.3.3
61422,5.2.1
61425,1.1.1
61426,1.1.1
61429,1.1.1
61430,1.1.1
61433,1.1.1
61434,1.1.1
61437,3.6.1
61438,3.6.1
61473,2.3.1
61474,2.3.1
61477,2.3.1
61478,2.3.1
61481,2.3.1
61482,2.3.1
61493,2.3.1
61494,2.3.1
61501,2.4.1
61502,2.4.1
61505,2.4.1
61506,2.4.1
61509,2.4.1
61510,2.4.1
61529,2.3.1
61530,2.3.1
61577,1.2.1
61578,1.3.1
61581,1.3.1
61582,1.3.1
61589,2.7.1
61590,2.7.1
61593,2.8.4
61594,2.5.1
61613,1.14.11
61614,1.14.11
61617,1.14.13
61618,1.14.13
61637,6.2.1
61638,6.2.1
61641,4.1.1
61642,4.1.1
61649,6.2.1
61650,6.2.1
61653,6.2.1
61654,6.2.1
61657,2.7.1
61658,2.7.1
61661,2.7.1
61662,2.7.1
61665,2.7.1
61666,2.7.1
61669,6.2.1
61670,6.2.1
61681,6.2.1
61682,6.2.1
61689,6.2.1
61690,6.2.1
61697,6.2.1
61698,6.2.1
61705,6.2.1
61706,6.2.1
61717,7.5.2
61718,7.5.2
61789,6.2.1
61790,6.2.1
61801,6.2.1
61802,6.2.1
61893,1.3.1
61894,1.3.1
62017,2.4.2
62018,2.4.2
62021,3.2.1
62022,3.2.1
62085,2.7.1
62086,2.7.1
62169,3.5.1
62170,3.5.1
62233,5.1.1
62234,5.4.99
62237,3.6.1
62238,3.6.1
62241,5.1.1
62242,5.4.99
62245,5.1.1
62246,5.4.99
62357,3.6.1
62358,3.6.5
62373,2.1.1
62374,2.1.1
62377,3.1.1
62378,3.7.1
62385,3.1.4
62386,3.6.1
62393,1.1.1
62394,1.1.1
62397,1.1.1
62398,1.1.1
62401,1.1.1
62402,1.1.1
62405,1.13.12
62406,1.13.12
62409,2.1.1
62410,2.1.1
62413,4.1.2
62414,2.3.1
62417,4.1.2
62418,2.5.1
62433,2.5.1
62434,2.5.1
62437,4.2.1
62438,4.2.1
62445,2.3.2
62446,2.3.2
62453,6.2.1
62454,6.2.1
62461,6.2.1
62462,6.2.1
62493,6.2.1
62494,6.2.1
62505,6.2.1
62506,6.2.1
62557,4.1.1
62558,4.1.1
62561,1.3.99
62562,1.3.99
62565,1.3.99
62566,1.3.99
62577,2.8.1
62578,2.8.1
62581,2.8.1
62582,2.8.1
62585,6.3.4
62586,6.3.4
62593,1.1.1
62594,1.1.1
62597,1.1.1
62598,1.1.1
62621,1.8.4
62622,1.17.4
62625,1.17.4
62626,1.11.1
62629,1.7.1
62630,1.7.1
62633,1.8.4
62634,1.8.4
62637,1.11.1
62638,1.11.1
62641,1.17.4
62642,1.11.1
62933,3.5.1
62934,3.5.1
62937,3.5.1
62938,3.1.1
62941,3.5.1
62942,3.5.1
63133,2.1.1
63134,2.1.1
63137,2.1.1
63138,2.1.1
63193,1.13.11
63194,1.13.11
63297,2.5.1
63298,2.5.1
63333,5.3.1
63334,5.3.1
63337,5.3.1
63338,5.3.1
63341,7.3.2
63342,2.7.10
63345,2.7.12
63346,2.7.9
63349,7.3.2
63349,7.3.2
63350,6.3.1
63350,6.3.1
63357,1.10.3
63358,1.10.3
63361,1.1.3
63362,1.1.3
63365,1.1.3
63366,1.1.3
63377,1.14.14
63378,1.14.14
63389,1.3.99
63390,1.3.99
63405,1.14.14
63406,1.14.14
63409,1.14.14
63410,1.14.14
63421,2.7.7
63422,2.7.7
63425,2.7.7
63426,2.7.7
63429,3.2.2
63430,3.6.1
63441,2.7.7
63442,2.7.7
63445,2.7.8
63446,2.7.8
63449,2.7.7
63450,2.7.7
63453,2.4.2
63454,2.7.1
63509,1.13.11
63510,1.13.11
63513,1.14.13
63514,1.14.13
63561,2.1.2
63562,2.1.2
63641,1.14.19
63642,1.11.1
63645,2.7.8
63646,2.7.8
63661,4.1.1
63662,4.1.1
63793,3.5.3
63794,3.5.3
63797,3.5.3
63798,3.5.1
63801,5.1.3
63802,5.1.3
63805,5.1.3
63806,5.1.3
63829,2.6.1
63830,2.6.1
63833,2.3.1
63834,2.3.1
63837,1.13.11
63838,1.13.11
63853,1.13.11
63854,1.13.11
63857,1.13.11
63858,1.13.11
63861,1.13.11
63862,1.13.11
63865,1.13.11
63866,1.13.11
63869,1.13.11
63870,1.13.11
63873,1.14.11
63874,1.14.11
63877,1.14.11
63878,1.14.11
63881,1.8.2
63882,1.8.2
63885,1.11.1
63886,1.11.2
64057,1.1.1
64058,1.1.1
64061,1.1.1
64062,1.1.1
64065,1.1.1
64066,1.1.1
64069,1.1.1
64070,1.1.1
64149,2.4.3
64150,2.4.3
64153,2.4.3
64154,2.4.3
64161,7.3.2
64162,7.3.2
64417,1.1.1
64418,1.1.1
64445,2.1.1
64446,2.1.1
64449,2.1.1
64450,2.1.1
64453,2.1.1
64454,2.1.1
64457,2.1.1
64458,2.1.1
64473,2.1.1
64474,2.1.1
64517,1.8.1
64518,1.1.1
64533,1.14.18
64534,1.14.18
64537,2.7.8
64538,2.7.8
64541,2.7.8
64542,2.4.1
64597,2.4.1
64598,2.4.1
64649,1.2.1
64650,1.2.1
64653,1.2.1
64654,1.2.1
64657,1.2.1
64658,1.2.1
64661,6.2.1
64662,6.2.1
64793,1.4.1
64794,1.4.1
64801,1.4.1
64802,1.4.1
64857,4.2.3
64858,4.2.3
64865,4.1.1
64866,4.1.1
64877,3.6.1
64878,3.6.1
64881,3.6.1
64882,3.6.1
64913,3.6.1
64914,3.6.1
64989,3.6.1
64990,3.1.2
65021,2.3.3
65022,2.3.1
65029,1.11.1
65030,1.11.1
65033,1.3.5
65034,1.3.5
65153,2.4.1
65154,2.4.1
65221,1.3.1
65222,1.3.1
65245,2.4.1
65246,2.4.1
65293,6.4.1
65294,6.3.5
65309,2.3.1
65310,2.3.1
65313,2.3.1
65314,2.3.1
65377,2.3.1
65378,2.1.1
65385,3.6.1
65386,3.6.1
65389,3.6.1
65390,3.6.1
65437,2.7.8
65438,2.7.8
65493,2.3.2
65494,2.3.1
65501,4.1.99
65502,1.21.98
65505,3.5.1
65506,3.5.1
65509,1.4.3
65510,1.4.3
65561,2.6.1
65562,2.6.1
65617,1.3.99
65618,1.3.99
65657,1.3.99
65658,1.3.99
65661,1.3.99
65662,1.3.99
65693,3.5.1
65694,2.3.1
65701,1.14.14
65702,1.14.14
65705,2.4.1
65706,2.4.1
65709,2.4.1
65710,2.4.1
65713,2.4.1
65714,2.4.1
65717,1.14.11
65718,1.14.11
65721,1.14.11
65722,1.14.11
65725,1.14.11
65726,1.14.11
65729,1.14.11
65730,1.14.11
65733,1.14.11
65734,1.14.11
65737,1.14.11
65738,1.14.11
65741,1.14.11
65742,1.14.11
65745,1.14.11
65746,1.14.11
65749,1.14.11
65750,1.14.11
65753,1.14.11
65754,1.14.11
65761,1.14.14
65762,1.14.14
65769,1.14.15
65770,1.14.15
65809,1.14.15
65810,1.14.15
65813,1.14.99
65814,1.14.99
65817,7.2.2
65818,7.2.2
65829,4.2.3
65830,4.2.3
65833,7.2.2
65834,7.2.2
65837,7.2.2
65838,7.2.2
65849,1.3.99
65850,1.3.99
65861,1.3.99
65862,1.3.99
65865,1.3.99
65866,1.3.99
65885,2.6.1
65886,2.6.1
65897,3.5.1
65898,2.6.1
65901,2.6.1
65902,2.6.1
65925,2.1.1
65926,2.1.1
65929,2.1.1
65930,2.1.1
65933,2.1.1
65934,2.1.1
65937,5.3.1
65938,5.3.1
65997,2.1.1
65998,2.1.1
66001,2.1.1
66002,2.1.1
66005,2.1.1
66006,2.1.1
66029,2.1.1
66030,2.1.1
66033,2.4.1
66034,2.4.1
66373,3.1.3
66374,3.1.3
66537,1.3.99
66538,1.3.99
66541,1.3.99
66542,1.3.99
66585,1.3.99
66586,1.3.99
66593,2.4.2
66594,2.4.2
66717,2.4.2
66718,2.2.1
66821,7.2.2
66822,7.2.2
66825,2.5.1
66826,2.5.1
66829,2.5.1
66830,2.4.2
66921,2.2.1
66922,2.5.1
66933,2.3.1
66934,2.3.1
66937,2.3.1
66938,2.3.1
66949,2.3.1
66950,2.4.1
66953,2.4.1
66954,2.4.1
66957,2.4.1
66958,2.4.1
66961,2.4.1
66962,2.4.1
66965,2.4.1
66966,2.4.1
66969,2.4.1
66970,2.4.1
66973,2.4.1
66974,2.4.1
66977,2.4.1
66978,2.4.1
67001,2.3.1
67002,2.3.1
67005,3.6.1
67006,3.6.1
67009,2.1.1
67010,2.1.1
67013,2.7.7
67014,2.7.7
67021,2.1.1
67022,2.7.1
67025,2.1.1
67026,2.7.1
67241,3.1.1
67242,3.1.1
67445,2.3.1
67446,2.3.1
67453,3.1.1
67454,3.1.4
67485,3.6.1
67486,3.6.1
67629,6.3.2
67630,6.3.2
67657,1.16.1
67658,1.16.1
67773,3.1.3
67774,3.1.3
67777,3.1.3
67778,3.1.3
67813,2.3.1
67814,2.3.1
67817,3.5.1
67818,3.5.1
67825,3.6.1
67826,3.1.4
67829,2.4.1
67830,2.4.1
67841,2.7.1
67842,2.7.1
67845,2.4.3
67846,2.4.3
67909,3.1.6
67910,3.1.6
67977,5.5.1
67978,5.5.1
68013,1.1.3
68014,1.1.3
68029,1.7.3
68030,1.7.3
68049,2.1.1
68050,2.1.1
68053,3.1.4
68054,3.6.1
68077,2.7.7
68078,2.7.7
68081,6.3.4
68082,6.3.4
68101,1.1.1
68102,1.1.1
68109,1.1.1
68110,1.1.1
68129,2.3.1
68130,2.3.1
68181,3.1.2
68182,3.1.2
68185,3.1.2
68186,3.1.2
68329,2.5.1
68330,3.1.3
68357,3.5.1
68358,3.5.3
68417,4.2.1
68418,4.2.1
68421,4.2.1
68422,4.2.1
68461,2.8.2
68462,2.8.2
68465,3.1.6
68466,3.1.6
68553,1.1.1
68554,1.1.1
68557,1.1.1
68558,1.1.1
68561,1.4.1
68562,1.5.1
68569,4.2.1
68570,4.2.1
68589,2.1.2
68590,2.1.2
68601,4.2.1
68602,4.2.1
68605,4.4.1
68606,4.4.1
68625,4.4.1
68626,4.4.1
68629,4.4.1
68630,4.4.1
68633,1.18.1
68634,1.18.1
68809,3.2.1
68810,3.2.1
68825,4.2.3
68826,4.2.3
68993,1.14.13
68994,1.14.13
69001,2.1.1
69002,2.1.1
69005,6.3.5
69006,6.3.5
69009,1.14.13
69010,1.14.13
69045,1.13.11
69046,1.13.11
69053,1.14.13
69054,1.14.13
69185,2.5.1
69186,2.5.1
69193,6.3.2
69194,6.3.2
69197,6.3.2
69198,6.3.2
69201,6.3.2
69202,6.3.2
69205,6.3.2
69206,6.3.2
69229,4.4.1
69230,4.4.1
69253,4.4.1
69254,4.4.1
69313,4.4.1
69314,4.4.1
69317,4.4.1
69318,4.4.1
69337,5.4.4
69338,5.4.4
69341,5.4.4
69342,5.4.4
69345,5.4.4
69346,5.4.4
69349,4.4.1
69350,4.4.1
69365,2.3.1
69366,2.3.1
69385,2.5.1
69386,2.5.1
69389,2.1.3
69390,2.1.3
69393,2.4.3
69394,2.4.3
69397,2.3.1
69398,2.3.1
69401,2.3.1
69402,2.3.1
69433,1.8.4
69434,1.8.4
69461,2.8.1
69462,1.8.4
69465,1.8.4
69466,1.8.4
69469,2.6.1
69470,2.6.1
69473,2.3.1
69474,2.3.1
69477,2.3.1
69478,2.3.1
69481,2.4.1
69482,2.4.1
69485,1.1.3
69486,1.1.3
69513,1.1.3
69514,1.1.3
69529,2.6.1
69530,2.6.1
69537,2.7.1
69538,2.7.1
69604,4.6.1
69605,4.6.1
69608,2.3.1
69609,2.3.1
69612,3.2.1
69613,3.2.1
69716,6.2.1
69717,6.2.1
69736,2.8.3
69737,2.8.3
69740,2.8.3
69741,2.8.3
69744,2.8.3
69745,2.8.3
69748,2.8.3
69749,2.8.3
69752,1.13.12
69753,1.13.12
69756,1.3.3
69757,1.14.13
69792,2.3.2
69793,3.6.1
69796,3.1.1
69797,3.1.1
69800,3.5.1
69801,2.5.1
69820,1.14.13
69821,1.14.13
69924,1.14.14
69925,1.14.14
69972,1.14.14
69973,1.14.14
69984,1.14.14
69985,1.14.14
70016,1.14.14
70017,1.14.14
70020,1.14.14
70021,1.14.14
70032,1.14.14
70033,1.14.14
70036,1.14.14
70037,1.14.14
70040,1.14.14
70041,1.14.14
70044,1.14.14
70045,1.14.14
70060,1.14.14
70061,1.14.14
70064,1.14.14
70065,1.14.14
70068,1.14.14
70069,1.14.14
70176,2.4.1
70177,2.4.1
70184,3.2.1
70185,2.4.1
70188,3.2.1
70189,3.2.1
70192,2.7.1
70193,2.7.1
70196,2.7.1
70197,2.7.1
70228,4.2.1
70229,4.2.1
70232,1.2.1
70233,1.3.1
70328,1.3.1
70329,1.8.1
70364,3.5.2
70365,3.5.2
70408,1.10.3
70409,1.14.99
70456,1.14.16
70457,1.14.16
70492,2.7.8
70493,2.4.1
70504,3.6.1
70505,3.6.1
70508,3.6.1
70509,3.6.1
70512,2.4.1
70513,2.4.1
70532,2.4.1
70533,2.4.1
70536,2.7.8
70537,2.7.8
70540,2.7.8
70541,2.4.1
70556,3.2.1
70557,3.2.1
70560,3.2.1
70561,3.2.1
70708,5.3.1
70709,5.3.1
70776,1.14.14
70777,1.14.14
70780,1.1.1
70781,1.1.1
70804,2.4.2
70805,2.2.1
70808,5.3.1
70809,5.3.1
70812,2.2.1
70813,2.5.1
70912,2.7.1
70913,2.7.1
71400,1.14.14
71401,1.14.14
71404,1.14.14
71405,1.14.14
71408,1.14.14
71409,1.14.14
71648,4.2.1
71649,4.2.1
71660,1.1.2
71661,1.1.2
71736,2.8.3
71737,2.8.3
71788,1.13.11
71789,1.13.11
72284,3.8.1
72285,3.8.1
72328,2.5.1
72329,2.5.1
72332,1.21.99
72333,1.3.5
72336,3.8.1
72337,3.1.1
72340,3.8.1
72341,1.1.5
72344,1.3.99
72345,3.8.1
72348,3.8.1
72349,3.8.1
72412,4.2.1
72413,4.2.1
72620,1.21.99
72621,4.99.1
72700,1.1.1
72701,1.1.1
72880,4.3.1
72881,4.3.1
73000,3.5.1
73001,3.5.1
73068,3.2.1
73069,3.2.1
73232,1.14.14
73233,1.14.14
73416,4.1.1
73417,4.1.1
73656,1.3.7
73657,1.3.7
73824,2.4.3
73825,2.4.99
73828,2.4.3
73829,2.4.3
73832,2.4.3
73833,2.4.3
73836,2.5.1
73837,2.5.1
73840,7.6.2
73841,7.3.2
73844,2.4.1
73845,2.4.1
73848,2.4.1
73849,2.4.1
73852,2.4.1
73853,2.4.1
73856,2.4.1
73857,2.4.1
73912,2.7.1
73913,2.7.1
74016,4.1.1
74017,4.1.1
74068,2.7.1
74069,2.7.1
74072,2.7.8
74073,2.7.1
74088,2.7.1
74089,2.7.1
74092,2.7.1
74093,2.8.2
74096,2.4.1
74097,2.7.1
74100,2.4.1
74101,2.7.1
74112,1.14.13
74113,1.14.13
74148,2.3.1
74149,2.3.1
74152,2.3.1
74153,2.3.1
74156,1.2.7
74157,1.2.7
74168,1.2.7
74169,1.2.7
74172,3.5.1
74173,3.5.1
74176,1.4.1
74177,1.4.1
74180,1.4.1
74181,1.4.1
74192,3.5.1
74193,3.1.1
74240,2.4.1
74241,2.4.1
74272,2.7.1
74273,2.7.1
74276,2.7.8
74277,2.7.8
74280,2.7.8
74281,2.7.8
74284,2.7.8
74285,2.7.8
74288,2.3.1
74289,2.3.1
74292,2.5.1
74293,2.7.8
74464,4.1.1
74465,4.1.1
74472,1.14.11
74473,1.14.11
74476,1.14.11
74477,1.14.11
74480,1.14.20
74481,1.14.11
74484,1.14.11
74485,1.14.11
74532,2.8.4
74533,1.21.98
74536,2.1.1
74537,2.3.1
74588,4.2.3
74589,4.2.3
74592,1.14.14
74593,1.14.14
74636,1.14.11
74637,1.14.11
74708,1.1.1
74709,1.1.1
74712,2.1.1
74713,2.1.1
74852,3.7.1
74853,3.5.99
74924,2.3.3
74925,2.3.3
74928,2.3.3
74929,2.3.3
74932,1.14.11
74933,1.14.11
74936,1.14.11
74937,1.14.11
75128,5.4.99
75129,5.4.99
75132,5.4.4
75133,5.4.4
75136,1.1.1
75137,1.3.1
75148,4.2.3
75149,4.2.3
75152,4.2.3
75153,4.2.3
75156,4.2.3
75157,4.2.3
75180,4.2.3
75181,4.2.3
75184,4.2.3
75185,4.2.3
75192,1.1.1
75193,1.1.1
75196,1.1.1
75197,1.1.1
75216,1.1.1
75217,1.1.1
75220,3.1.1
75221,3.1.1
75224,3.1.1
75225,3.1.1
75228,3.1.1
75229,3.1.1
75232,3.1.1
75233,3.1.1
75252,1.21.3
75253,1.1.3
75256,1.1.3
75257,1.1.3
75260,1.1.3
75261,1.1.3
75264,1.1.3
75265,1.1.3
75268,1.1.1
75269,1.1.1
75352,1.5.99
75353,1.14.18
75356,3.5.5
75357,3.5.1
75380,3.5.3
75381,3.5.3
75408,4.2.1
75409,4.2.1
75868,4.99.1
75869,1.21.99
75872,2.1.1
75873,2.1.1
75876,2.1.1
75877,2.1.1
75880,2.1.1
75881,2.1.1
75932,3.5.3
75933,3.5.3
75956,1.14.11
75957,1.14.11
75976,2.1.1
75977,2.1.1
76036,1.14.14
76037,1.14.14
76040,1.14.19
76041,1.14.19
76044,1.14.14
76045,1.14.14
76048,2.1.1
76049,2.1.1
76052,2.1.1
76053,2.1.1
76068,2.1.1
76069,2.1.1
76248,6.3.4
76249,6.3.4
76408,3.5.1
76409,3.5.1
76468,1.14.13
76469,1.14.13
76492,3.5.1
76493,3.7.1
76496,2.3.1
76497,2.3.1
76500,5.1.1
76501,5.1.1
76504,3.5.1
76505,3.5.1
76520,1.11.1
76521,1.11.1
76524,4.1.2
76525,4.1.2
76548,2.3.1
76549,2.3.1
76552,2.3.1
76553,2.3.1
76556,2.3.2
76557,2.3.2
76560,3.1.1
76561,3.5.1
76568,2.4.1
76569,2.4.1
76572,5.3.1
76573,5.3.1
76576,5.3.1
76577,5.3.1
76616,1.2.1
76617,1.2.1
76648,4.2.1
76649,4.2.1
76992,1.18.1
76993,1.18.1
76996,1.18.1
76997,1.18.1
77000,1.18.1
77001,1.18.1
77112,3.1.3
77113,3.1.3
77116,3.1.3
77117,3.1.3
77120,3.1.3
77121,3.1.3
77124,3.1.3
77125,3.1.3
77128,3.1.3
77129,3.1.3
77132,3.1.3
77133,3.1.3
77136,3.1.3
77137,3.1.3
77140,3.1.3
77141,3.1.3
77144,3.1.3
77145,3.1.3
77148,3.1.3
77149,3.1.3
77172,3.5.4
77173,3.5.3
77228,2.1.1
77229,2.1.1
77248,3.1.3
77249,3.1.3
77356,2.6.1
77357,2.6.1
77640,3.6.5
77641,3.6.5
77644,3.1.3
77645,3.1.3
77740,2.3.1
77741,2.3.1
77788,1.1.3
77789,1.5.3
77880,1.5.3
77881,1.5.3
77884,3.1.3
77885,3.1.3
77904,1.1.2
77905,1.1.2
77908,1.4.3
77909,1.4.3
77964,4.2.3
77965,4.2.3
77968,4.2.3
77969,4.2.3
77972,4.2.3
77973,4.2.3
77976,2.5.1
77977,2.5.1
77980,4.2.3
77981,4.2.3
78168,1.1.1
78169,1.1.1
78172,2.1.1
78173,2.1.1
78272,4.2.3
78273,4.2.3
78276,4.2.3
78277,4.2.3
78280,4.2.3
78281,4.2.3
78284,4.2.3
78285,4.2.3
78288,4.2.3
78289,4.2.3
78292,4.2.3
78293,4.2.3
78412,3.2.2
78413,3.5.2
78460,7.4.2
78461,7.4.2
78700,2.4.1
78701,2.4.1
78708,3.5.3
78709,3.5.3
78712,2.4.1
78713,2.4.2
78716,3.2.1
78717,3.2.1
78720,3.2.1
78721,3.2.1
78724,3.2.1
78725,3.2.1
78744,3.2.1
78745,3.2.1
78748,1.1.99
78749,1.1.99
78756,1.1.99
78757,1.1.99
78764,3.2.1
78765,3.2.1
78780,3.5.1
78781,4.3.1
78796,2.3.1
78797,2.3.3
78808,4.1.1
78809,4.1.1
78812,1.4.1
78813,1.5.1
78816,1.14.13
78817,1.14.13
78820,2.6.1
78821,2.6.1
78824,2.6.1
78825,2.6.1
78828,3.7.1
78829,4.1.2
78840,1.8.4
78841,1.8.4
78884,3.2.1
78885,3.2.1
78944,1.11.1
78945,1.8.1
78952,3.1.4
78953,3.1.4
78972,4.1.1
78973,4.1.1
78976,4.2.1
78977,4.2.1
78980,4.2.3
78981,4.2.3
78984,4.2.3
78985,4.2.3
78988,4.2.3
78989,4.2.3
78992,4.1.1
78993,4.1.1
78996,4.2.1
78997,4.2.1
79000,6.3.4
79001,6.3.5
79004,6.3.5
79005,6.3.4
79008,6.3.5
79009,6.3.5
79012,4.2.3
79013,4.2.3
79080,1.14.15
79081,1.14.15
79148,1.1.1
79149,1.1.1
79152,1.1.3
79153,1.1.3
79168,1.14.14
79169,1.14.14
79176,2.8.3
79177,2.8.3
79180,2.3.1
79181,2.8.3
79184,2.3.1
79185,2.3.1
79228,2.5.1
79229,2.5.1
79232,2.5.1
79233,2.5.1
79272,4.2.1
79273,4.2.1
79276,4.2.1
79277,4.2.1
79280,6.3.2
79281,6.3.2
79292,6.3.2
79293,6.3.2
79304,5.5.1
79305,5.5.1
79600,2.1.1
79601,2.1.1
79604,2.1.1
79605,2.1.1
79616,1.3.1
79617,1.5.1
79620,1.14.14
79621,1.14.14
79624,2.3.1
79625,2.3.1
79628,2.1.1
79629,2.1.1
79632,2.1.1
79633,2.1.1
79652,2.8.3
79653,2.3.1
79656,2.8.3
79657,2.8.3
79660,2.8.4
79661,2.1.1
79664,2.8.4
79665,2.1.1
79700,3.6.1
79701,3.6.1
79704,3.6.1
79705,3.6.1
79892,5.3.3
79893,5.3.3
80008,4.2.1
80009,5.5.1
80552,2.1.1
80553,2.1.1
80556,2.1.1
80557,2.1.1
80560,1.13.11
80561,1.13.11
80572,1.13.11
80573,1.13.11
80584,2.1.1
80585,2.1.1
80604,1.7.2
80605,1.7.2
80644,1.14.15
80645,1.3.7
80660,2.1.1
80661,2.1.1
80836,2.5.1
80837,2.5.1
80840,3.1.3
80841,3.1.3
80892,2.5.1
80893,2.5.1
80896,3.6.1
80897,3.1.3
80900,2.3.1
80901,1.14.19
80904,1.1.1
80905,1.1.1
80908,1.14.14
80909,1.14.14
80912,1.1.1
80913,1.1.1
80916,2.3.1
80917,2.3.1
80920,2.3.1
80921,2.3.1
80932,1.14.14
80933,1.14.14
80936,2.1.1
80937,2.1.1
80940,1.14.14
80941,1.14.14
80944,2.1.1
80945,2.1.1
81236,1.4.3
81237,1.4.3
81240,1.5.3
81241,1.4.3
81244,1.5.3
81245,1.4.3
81248,1.14.15
81249,1.14.15
81252,1.14.15
81253,1.14.15
81256,1.14.15
81257,1.14.15
81260,1.14.15
81261,1.14.15
81264,4.1.1
81265,4.1.1
81268,4.1.1
81269,4.1.1
81272,4.1.1
81273,4.1.1
81276,4.1.1
81277,4.1.1
81280,1.14.15
81281,1.14.15
81284,1.14.15
81285,1.14.15
81288,1.14.15
81289,1.14.15
81292,1.14.15
81293,1.14.15
81296,1.14.15
81297,1.14.15
81308,5.5.1
81309,5.5.1
81312,5.5.1
81313,5.5.1
81340,3.2.1
81341,3.2.1
81364,2.4.2
81365,2.4.1
81368,3.1.3
81369,3.1.3
81372,4.2.3
81373,4.2.3
81408,1.21.98
81409,2.1.1
81488,4.1.1
81489,4.1.1
81492,2.3.1
81493,2.3.1
81496,2.3.1
81497,2.3.1
81500,1.14.14
81501,1.14.14
81512,5.1.3
81513,5.1.3
81516,1.1.1
81517,1.1.1
81520,1.1.1
81521,1.1.1
81524,1.1.1
81525,1.1.1
81828,2.3.1
81829,2.3.1
81872,1.13.12
81873,1.13.12
81948,2.4.1
81949,2.4.1
82004,1.5.99
82005,1.5.99
82032,1.14.15
82033,1.14.15
82056,1.14.15
82057,1.14.15
82104,1.14.15
82105,1.14.15
82108,1.14.15
82109,1.14.15
82112,1.14.20
82113,1.14.11
82176,2.1.1
82177,2.1.1
82184,2.1.1
82185,2.1.1
82188,2.1.1
82189,2.1.1
82192,2.1.1
82193,2.1.1
82196,2.3.2
82197,2.3.2
82208,2.3.2
82209,2.3.2
82216,2.1.1
82217,2.1.1
82220,2.3.2
82221,1.8.4
82224,2.3.2
82225,2.3.2
82228,2.3.2
82229,2.3.2
82236,2.3.2
82237,2.6.1
82240,2.1.2
82241,2.6.1
82244,2.3.1
82245,2.3.1
82256,2.3.2
82257,2.3.2
82300,2.3.1
82301,2.3.1
82308,1.3.1
82309,1.2.1
82312,6.3.2
82313,6.3.2
82556,2.6.1
82557,2.1.2
82852,1.14.13
82853,1.14.13
82856,1.14.13
82857,1.14.13
82860,1.14.13
82861,1.14.13
83144,3.2.1
83145,3.2.1
83260,2.1.2
83261,3.5.1
83264,2.1.2
83265,2.1.2
83268,2.6.1
83269,2.1.2
83272,3.5.1
83273,3.5.1
83296,1.14.15
83297,1.14.15
83300,1.14.15
83301,1.14.15
84088,2.3.1
84089,2.3.1
84092,2.3.1
84093,2.3.1
84096,2.3.1
84097,3.1.2
