Reaction name,SIMMER pred
397,2.7.1
261,2.5.1
373,
367,4.3.2
320,2.3.1
175,5.1.3
366,5.4.99;3.2.1
371,2.7.1
420,1.1.1
146,4.2.3
311,2.7.4;2.7.1
224,
490,3.1.3
179,1.13.11
433,4.1.1
471,4.2.1
353,3.1.3
63,5.3.1
205,2.1.1
185,2.3.1
459,1.14.13;1.17.1;1.1.1
180,3.1.1
53,1.1.1;1.3.1
147,5.4.99
166,2.1.1
449,
271,2.4.2;2.4.1
73,3.6.1
227,
394,3.2.1
359,4.2.3
122,2.3.1
174,
368,6.3.4;2.7.1
372,
100,1.1.1
250,2.7.7;2.4.1
429,
140,4.2.3
131,2.1.1
210,5.3.3
106,4.2.1
60,3.6.1
473,2.7.1
18,2.7.1
256,2.1.1
453,2.7.7
295,2.7.7;2.4.1
480,4.1.1
342,1.14.12;1.1.1
483,2.7.1
20,1.14.11
88,
333,4.1.1
358,6.3.2
296,3.1.2;2.3.1
407,1.2.1;1.14.13;1.1.1
119,6.2.1;2.3.1
120,2.3.1
253,1.11.1
8,3.2.1;2.4.1
177,1.7.1;1.14.13;1.1.1
145,
312,3.2.1
216,
241,5.4.99
14,1.14.20
437,3.5.4
272,5.5.1
187,2.7.1
158,
26,2.6.1
52,3.5.1
479,1.5.1;1.3.1;1.1.1
347,4.2.3
316,3.6.1
460,
337,3.5.1
13,4.2.3
318,2.7.7;2.4.1
482,2.4.1
279,1.14.12;1.17.1;1.1.1
422,2.6.1
211,5.4.2;3.1.3
455,3.5.1
418,5.3.2
382,4.2.3
58,2.1.1
189,2.7.7
489,2.6.1
138,1.13.11
191,1.3.1;1.1.1
139,
255,1.14.13;1.1.1
243,2.4.2;2.4.1
442,2.3.1
35,
287,
220,5.1.3
111,
405,5.4.99
188,3.5.4
242,6.4.1
233,1.8.1
150,1.13.11
457,5.5.1
417,2.7.3;2.7.1
4,3.1.1
228,2.4.1
435,1.1.1
259,1.1.1
92,4.2.1;5.3.1
161,5.1.3
400,6.3.1;6.3.2
438,2.1.1
66,3.1.1
293,
113,1.7.1;1.14.13;1.1.1
204,2.5.1;4.2.3
440,2.1.1
232,1.14.13
27,4.2.1
129,4.1.1;4.99.1
497,
267,1.1.1
208,2.7.1
217,5.4.99
128,2.8.3
487,5.4.99
203,4.3.3
209,2.1.1
493,2.3.1
84,2.1.3
70,
176,2.3.1
300,4.3.1
104,2.5.1
302,1.14.20;1.14.11
29,
317,5.1.3
338,4.2.3
46,4.2.3
69,4.2.1
468,
94,1.14.13;1.1.1
282,2.4.1
290,2.1.1
68,1.3.1;1.1.1
136,2.1.1
201,3.4.16
408,1.5.1;1.1.1
40,5.4.99
85,4.2.1
461,
308,4.3.1;2.6.1;4.4.1
152,2.7.1
436,2.1.1
380,1.5.1;1.3.1;1.1.1
450,2.4.1
441,1.3.1
334,5.1.3
348,1.3.1;1.1.1
396,2.4.1
172,4.1.2
5,
102,2.6.1
298,5.1.3
452,1.1.1
428,
310,1.8.5
388,4.2.3
71,1.1.1
96,2.3.3;2.3.1
283,4.2.3
444,3.2.2
82,3.5.4
28,2.4.1
375,1.14.12;1.1.1
198,1.2.1
275,2.5.1
365,
289,1.14.13
319,3.5.3
240,2.5.1
130,2.1.1
485,2.4.2;2.4.1
326,3.2.1;2.4.1
360,5.3.3
9,
265,4.2.1
434,1.3.1;1.1.1
430,3.1.6
62,2.1.1
164,2.7.1
321,3.2.1;2.4.1
484,4.2.1;5.5.1
11,3.4.13;3.5.1
162,
392,4.2.1
45,2.1.1
304,1.1.1
124,3.2.2
421,5.1.3
151,1.14.13;1.17.1;1.1.1
350,2.1.1
25,5.3.1
236,1.1.1
403,3.1.7;3.1.3
244,
292,5.3.1
108,1.5.1;1.1.1
75,3.5.1;3.5.4
38,5.4.3;2.6.1
260,1.5.3;1.4.3
2,2.4.1
19,3.1.1
195,1.14.13;1.1.1
291,2.1.1
37,2.7.7
263,1.14.11
268,
474,2.4.1
500,
59,3.6.1
284,4.1.3
7,
466,2.1.1
454,1.7.1;1.14.13;1.1.1
196,2.5.1
142,
411,3.5.1
419,5.4.3
39,2.3.1
248,3.2.1
427,3.1.3
432,2.3.1
121,2.3.1
323,2.7.1
157,1.3.1;1.5.1;1.1.1
379,1.1.1
247,
183,3.5.1
410,3.1.7;3.1.3
384,6.2.1;2.3.1
340,1.3.1;1.1.1
448,2.5.1
361,2.3.1
212,1.13.11
305,3.1.7;4.2.3
299,5.1.3
499,2.1.1
402,4.2.3
492,1.8.1
465,3.5.3
409,1.14.13;1.14.12;1.1.1
390,2.8.3
356,3.6.1;2.7.1
237,3.1.3
137,5.3.3
251,3.6.1;2.7.7
182,
127,1.2.1
345,2.6.1
306,4.99.1
285,4.2.1
167,1.2.1;1.3.1;1.1.1
181,2.5.1
159,1.1.1
354,1.5.3
331,3.5.1
132,3.5.1
281,
294,3.2.1
377,2.4.1
116,2.7.7
257,1.8.1
123,3.1.3
376,5.3.1;2.7.7
36,5.1.3
202,4.1.99;2.2.1
144,2.4.1
200,
238,3.2.1
254,1.5.1;1.1.1
49,1.2.1;1.1.1
297,1.14.13;1.3.1;1.1.1
475,1.1.1
346,3.2.2
491,1.7.1;1.1.1
332,1.3.1;1.14.13;1.1.1
225,2.1.1
101,1.2.1;1.14.13;1.1.1
213,1.5.1;1.1.1
65,2.7.7
494,2.5.1
56,4.1.2
156,3.5.1
451,2.7.1
286,3.1.7;2.5.1
149,
341,1.2.1;1.1.1
134,2.1.2
413,3.1.1
64,3.1.3
135,2.1.1
262,2.7.4;2.7.1
229,2.7.7;2.7.1
477,3.7.1
447,4.99.1
215,1.14.13;1.1.1
352,1.1.1
329,4.1.1
55,2.6.1
322,2.3.1
186,3.1.2;2.3.1
439,3.1.1
170,
163,1.14.12;1.3.1;1.1.1
42,2.3.1
401,
301,2.4.1
32,2.7.7;2.4.1
362,1.14.12;1.1.1
249,3.1.1
303,2.1.1
67,2.3.1
234,3.2.2
16,3.6.1
165,2.1.1;2.5.1
197,1.1.1
221,
192,5.3.3
153,1.1.1
48,3.1.3
169,3.5.4
160,2.3.1
97,3.6.1
456,1.13.12
431,1.14.12;1.1.1
335,1.3.1;1.5.1;1.1.1
478,3.1.1
246,5.3.1
269,1.14.11
386,1.4.3
339,3.4.13
469,1.5.1;1.1.1
219,1.14.11
44,1.13.11
47,5.3.3
416,1.14.13
81,1.1.1
168,5.4.99
488,
343,5.3.3
258,2.4.1
414,
6,5.3.1
393,1.3.1;1.1.1
87,
385,3.5.1
57,2.4.1
23,2.5.1
328,
193,3.5.3
50,1.3.1;1.1.1
105,2.1.1
109,
369,
21,1.3.1;1.1.1
103,
363,1.3.1;1.1.1
458,4.2.1
126,2.4.1
76,2.6.1
357,4.2.1
218,1.1.1
223,3.6.1
398,
370,6.3.1
235,3.1.3
404,2.7.4;2.7.1
324,2.3.1
133,1.14.13;1.1.1
470,4.2.1;5.3.1
30,3.2.1
476,3.1.1
99,2.7.1
125,
288,1.17.1;1.1.1
389,2.4.1
273,3.5.3
443,2.4.1
231,
1,2.4.1
118,2.7.1
496,3.1.3
78,4.1.1
148,3.1.3
481,1.2.3
43,3.1.3
79,2.4.1
314,2.7.1
61,4.1.2
141,
313,1.14.12;1.14.13;1.1.1
77,1.14.12;1.17.1;1.1.1
399,1.1.1
498,
426,2.6.1
214,
395,1.2.1;1.1.1
17,3.2.1
464,2.4.1
336,
462,6.3.4
276,2.7.1
155,2.5.1;3.1.3
351,
378,3.5.1
415,4.2.3
31,4.2.1
95,4.2.3
315,2.4.1
381,6.4.1
425,1.13.11
91,3.5.2
98,2.1.2
222,1.7.1;1.14.13;1.1.1
90,3.1.4
391,2.1.1
143,1.5.1;1.14.13;1.1.1
117,3.1.1
446,3.1.3
266,5.3.3
374,2.1.1
207,2.6.1
424,3.5.1;3.5.4
83,
412,3.6.1
309,1.14.11
154,2.8.1
349,2.3.1
486,2.1.1
270,1.14.11
184,6.3.5
12,4.4.1;4.2.1
24,2.6.1
15,3.1.3
230,5.1.3
325,3.8.1
89,1.14.12;1.1.1
226,3.1.3
74,5.4.99
387,2.8.3
252,1.2.1
445,2.1.1
199,1.4.1;1.1.1
112,2.5.1
80,1.14.11
114,1.1.1
274,6.3.5
115,2.3.1
110,1.14.13;1.1.1
472,5.4.99
239,2.4.1
22,2.1.1
107,3.6.1
277,1.5.1;1.1.1
206,1.1.1
54,5.4.2
344,3.6.1
10,2.4.2;2.4.1
3,1.5.1;1.1.1
280,1.14.13;1.17.1;1.1.1
278,3.4.13
72,5.1.3
34,2.8.3
264,1.1.1
327,3.6.1
463,2.1.1
495,4.4.1
190,3.1.3
307,4.1.99
173,2.4.1
194,
330,4.2.3
355,6.3.4;2.7.1
41,4.2.3
93,2.7.1
178,1.5.1;1.1.1
406,2.3.1
86,2.3.1
171,2.1.1
245,1.14.13;1.1.1
383,3.5.1
51,2.3.1
33,2.6.1
467,3.1.1
364,4.2.3
423,
