reaction,side,cofactor_smiles
5-fu,left,C1C=CN(C=C1C(=O)N)[C@H]2[C@@H]([C@@H]([C@H](O2)COP(=O)(O)OP(=O)(O)OC[C@@H]3[C@H]([C@H]([C@@H](O3)N4C=NC5=C(N=CN=C54)N)OP(=O)(O)O)O)O)O
5-fu,right,C1=CC(=C[N+](=C1)[C@H]2[C@@H]([C@@H]([C@H](O2)COP(=O)(O)OP(=O)(O)OC[C@@H]3[C@H]([C@H]([C@@H](O3)N4C=NC5=C(N=CN=C54)N)OP(=O)(O)O)O)O)O)C(=O)N
balsalazide,left,[H+]
balsalazide,left,C1(/N(\C=C/CC(/C(N)=O)=1)[C@@H]5(O[C@H](COP(OP(OC[C@H]4(O[C@@H](N2(C3(\C(\N=C/2)=C(N)/N=C\N=3)))[C@H](O)[C@H](O)4))(=O)[O-])(=O)[O-])[C@@H](O)[C@@H](O)5))
balsalazide,right,C5(/C(/C(N)=O)=C\C=C/[N+](/[C@@H]4(O[C@H](COP(OP(OC[C@H]3(O[C@@H](N1(C2(\C(\N=C/1)=C(N)/N=C\N=2)))[C@H](O)[C@H](O)3))(=O)[O-])(=O)[O-])[C@@H](O)[C@@H](O)4))=5)
capecitabine,left,OP(=O)(O)[O-]
clonazepam,left,C1C=CN(C=C1C(=O)N)[C@H]2[C@@H]([C@@H]([C@H](O2)COP(=O)(O)OP(=O)(O)OC[C@@H]3[C@H]([C@H]([C@@H](O3)N4C=NC5=C(N=CN=C54)N)OP(=O)(O)O)O)O)O
clonazepam,right,C1=CC(=C[N+](=C1)[C@H]2[C@@H]([C@@H]([C@H](O2)COP(=O)(O)OP(=O)(O)OC[C@@H]3[C@H]([C@H]([C@@H](O3)N4C=NC5=C(N=CN=C54)N)OP(=O)(O)O)O)O)O)C(=O)N
diclofenac glucuronide,left,O
digoxin,left,CC1=CC2=C(C=C1C)N(C3=NC(=O)NC(=O)C3=N2)C[C@@H]([C@@H]([C@@H](COP(=O)(O)OP(=O)(O)OC[C@@H]4[C@H]([C@H]([C@@H](O4)N5C=NC6=C(N=CN=C65)N)O)O)O)O)O
digoxin,left,[H+]
digoxin,left,[SH-]
digoxin,left,[SH-]
digoxin,left,[SH-]
digoxin,left,[SH-]
digoxin,left,[Fe]
digoxin,left,[Fe]
digoxin,left,[Fe]
digoxin,left,[Fe]
digoxin,right,CC1=CC2=C(C=C1C)N(C3=C(N2)C(=O)NC(=O)N3)C[C@@H]([C@@H]([C@@H](COP(=O)(O)OP(=O)(O)OC[C@@H]4[C@H]([C@H]([C@@H](O4)N5C=NC6=C(N=CN=C65)N)O)O)O)O)O
doxifluridine,left,OP(=O)(O)[O-]
ezetimib glucuronide,left,O
flunitrazepam,left,C1C=CN(C=C1C(=O)N)[C@H]2[C@@H]([C@@H]([C@H](O2)COP(=O)(O)OP(=O)(O)OC[C@@H]3[C@H]([C@H]([C@@H](O3)N4C=NC5=C(N=CN=C54)N)OP(=O)(O)O)O)O)O
flunitrazepam,right,C1=CC(=C[N+](=C1)[C@H]2[C@@H]([C@@H]([C@H](O2)COP(=O)(O)OP(=O)(O)OC[C@@H]3[C@H]([C@H]([C@@H](O3)N4C=NC5=C(N=CN=C54)N)OP(=O)(O)O)O)O)O)C(=O)N
gemcitabine,left,O
gemcitabine,left,[H+]
gemcitabine,right,[NH4+]
hydrocortisone (cortisol),left,[H+]
hydrocortisone (cortisol),right,C5(/C(/C(N)=O)=C\C=C/[N+](/[C@@H]4(O[C@H](COP(OP(OC[C@H]3(O[C@@H](N1(C2(\C(\N=C/1)=C(N)/N=C\N=2)))[C@H](O)[C@H](O)3))(=O)[O-])(=O)[O-])[C@@H](O)[C@@H](O)4))=5)
indomethacin glucuronide,left,O
ketoprofen glucuronide,left,O
morphine 6-glucuronide,left,O
nitrazepam,left,C1C=CN(C=C1C(=O)N)[C@H]2[C@@H]([C@@H]([C@H](O2)COP(=O)(O)OP(=O)(O)OC[C@@H]3[C@H]([C@H]([C@@H](O3)N4C=NC5=C(N=CN=C54)N)OP(=O)(O)O)O)O)O
nitrazepam,right,C1=CC(=C[N+](=C1)[C@H]2[C@@H]([C@@H]([C@H](O2)COP(=O)(O)OP(=O)(O)OC[C@@H]3[C@H]([C@H]([C@@H](O3)N4C=NC5=C(N=CN=C54)N)OP(=O)(O)O)O)O)O)C(=O)N
olsalazine,left,[H+]
olsalazine,left,C1(/N(\C=C/CC(/C(N)=O)=1)[C@@H]5(O[C@H](COP(OP(OC[C@H]4(O[C@@H](N2(C3(\C(\N=C/2)=C(N)/N=C\N=3)))[C@H](O)[C@H](O)4))(=O)[O-])(=O)[O-])[C@@H](O)[C@@H](O)5))
olsalazine,right,C5(/C(/C(N)=O)=C\C=C/[N+](/[C@@H]4(O[C@H](COP(OP(OC[C@H]3(O[C@@H](N1(C2(\C(\N=C/1)=C(N)/N=C\N=2)))[C@H](O)[C@H](O)3))(=O)[O-])(=O)[O-])[C@@H](O)[C@@H](O)4))=5)
prontosil,left,[H+]
prontosil,left,C1(/N(\C=C/CC(/C(N)=O)=1)[C@@H]5(O[C@H](COP(OP(OC[C@H]4(O[C@@H](N2(C3(\C(\N=C/2)=C(N)/N=C\N=3)))[C@H](O)[C@H](O)4))(=O)[O-])(=O)[O-])[C@@H](O)[C@@H](O)5))
prontosil,right,C5(/C(/C(N)=O)=C\C=C/[N+](/[C@@H]4(O[C@H](COP(OP(OC[C@H]3(O[C@@H](N1(C2(\C(\N=C/1)=C(N)/N=C\N=2)))[C@H](O)[C@H](O)3))(=O)[O-])(=O)[O-])[C@@H](O)[C@@H](O)4))=5)
regorafenib-glucuronide,left,O
SN38-G,left,O
sulfasalazine,left,[H+]
sulfasalazine,left,C1(/N(\C=C/CC(/C(N)=O)=1)[C@@H]5(O[C@H](COP(OP(OC[C@H]4(O[C@@H](N2(C3(\C(\N=C/2)=C(N)/N=C\N=3)))[C@H](O)[C@H](O)4))(=O)[O-])(=O)[O-])[C@@H](O)[C@@H](O)5))
sulfasalazine,right,C5(/C(/C(N)=O)=C\C=C/[N+](/[C@@H]4(O[C@H](COP(OP(OC[C@H]3(O[C@@H](N1(C2(\C(\N=C/1)=C(N)/N=C\N=2)))[C@H](O)[C@H](O)3))(=O)[O-])(=O)[O-])[C@@H](O)[C@@H](O)4))=5)
trifluridine,left,OP(=O)(O)[O-]
