Reaction ID,Theia
R06382,"1.1.1,0.9999997615814209;1.14.13,1.5014869347851345e-07;1.-.-,1.2844908781062259e-07;1.3.1,3.160172568072994e-08;1.1.5,2.477521121591053e-08"
R02869,"2.5.1,0.9999730587005615;2.1.1,7.1580079747946e-06;3.3.1,4.894193352811271e-06;4.4.1,4.5961087380419485e-06;6.2.1,3.0385317586478777e-06"
R10000,"2.1.1,1.0;1.8.3,2.8254749651068778e-09;2.5.1,2.183174530046017e-09;4.4.1,1.8418568892286658e-09;2.3.1,8.825012942637045e-10"
R00045,"1.14.18,0.9903280138969421;1.10.3,0.00452659884467721;1.14.16,0.0033475710079073906;1.14.13,0.0012196103343740106;1.13.11,0.0003911689855158329"
R04662,"2.7.7,0.7416996359825134;2.4.1,0.24882380664348602;6.2.1,0.0022852818947285414;2.7.4,0.0012783365091308951;2.7.1,0.000834431906696409"
R02353,"1.1.1,0.9984142780303955;1.3.1,0.00047378402086906135;2.3.1,0.0003853387024719268;1.14.13,0.0001556550560053438;1.-.-,0.00012729688023682684"
R06804,"2.4.1,0.9907076358795166;2.4.2,0.009199338033795357;2.3.1,4.865755545324646e-05;3.2.1,1.7736458175932057e-05;2.7.7,1.4682375876873266e-05"
R09628,"4.2.3,0.5488100051879883;5.5.1,0.355744868516922;4.2.1,0.06871803104877472;5.4.99,0.017882831394672394;5.3.3,0.0025611103046685457"
R09672,"3.2.1,0.996595561504364;3.1.1,0.0012379192048683763;3.1.4,0.0010195847135037184;3.5.1,0.00045404135016724467;3.2.2,0.000279499712632969"
R10253,"2.3.1,0.9999967813491821;3.1.2,1.7599226111997268e-06;3.1.1,1.3256737929623341e-06;2.3.3,1.4894740729687328e-07;1.2.7,3.757270050641637e-08"
R04249,"1.13.11,0.8363615870475769;1.14.13,0.06497124582529068;1.1.1,0.029427997767925262;4.1.1,0.010272457264363766;2.3.1,0.007409180048853159"
R11784,"2.7.1,0.995013415813446;2.7.2,0.001732019823975861;3.1.3,0.0011101964628323913;3.6.1,0.0005427378346212208;2.1.1,0.00046657733037136495"
R11899,"2.1.1,0.5731467008590698;4.4.1,0.4196699261665344;4.2.1,0.002455834997817874;2.5.1,0.0022850821260362864;1.14.13,0.0006406071479432285"
R07672,"5.1.3,0.9966179728507996;2.7.1,0.0012060347944498062;2.7.7,0.0008050506003201008;2.3.1,0.00023740442702546716;2.3.2,0.00016336279804818332"
R03275,"2.6.1,0.9106366038322449;6.2.1,0.03792007267475128;3.5.1,0.026744836941361427;2.8.3,0.016769636422395706;2.8.1,0.0012139087775722146"
R02433,"2.6.1,0.9997521042823792;2.8.1,0.00013973898603580892;1.4.1,3.4454620617907494e-05;1.1.1,8.158317541528959e-06;4.1.1,6.7679607127502095e-06"
R05748,"1.20.4,0.9747786521911621;1.8.5,0.005714067257940769;1.11.1,0.004093106836080551;1.4.1,0.002288594376295805;5.3.4,0.0018242402002215385"
R07619,"2.5.1,0.9981912970542908;1.14.14,0.001559136202558875;1.14.13,0.0001183002968900837;1.8.99,7.99860863480717e-05;2.1.1,1.5684496247558855e-05"
R06310,"2.3.1,0.9989142417907715;3.1.1,0.0007319403230212629;6.2.1,0.0002520343696232885;2.8.3,6.508972001029179e-05;3.1.2,2.9244991310406476e-05"
R03407,"1.1.1,0.9955599308013916;1.3.1,0.004138108342885971;2.3.1,8.083630382316187e-05;1.8.1,4.3465748603921384e-05;1.6.5,3.1826464692130685e-05"
R04459,"4.6.1,0.7371001243591309;2.7.8,0.112077996134758;6.5.1,0.05772018805146217;2.7.1,0.020176146179437637;1.6.2,0.01952638477087021"
R04564,"2.4.99,0.8211253881454468;3.1.3,0.1252744495868683;2.7.7,0.023213323205709457;2.3.2,0.02229170873761177;3.1.4,0.0020035146735608578"
R04682,"1.1.1,0.9761871099472046;1.14.13,0.01952602155506611;1.5.1,0.0013546636328101158;2.3.1,0.000732966756913811;1.-.-,0.0005570286302827299"
R13232,"4.2.3,0.9734438061714172;3.1.7,0.024659231305122375;5.3.3,0.000891519186552614;2.5.1,0.0005162621382623911;5.5.1,0.0003844313614536077"
R01418,"3.5.3,0.9375976920127869;3.5.1,0.05276268348097801;3.5.4,0.0011911226902157068;6.3.4,0.0011012948816642165;4.3.2,0.0010458300821483135"
R02003,"2.5.1,0.5552414059638977;5.3.3,0.4392559826374054;1.17.1,0.0027443747967481613;2.7.1,0.0008159149438142776;4.1.1,0.0002686076913960278"
R09227,"1.14.12,0.9999837875366211;1.14.13,9.755654900800437e-06;1.14.-,3.334130724397255e-06;1.3.1,1.657311031522113e-06;1.18.1,4.4859064018965e-07"
R07190,"1.14.13,0.560969889163971;1.14.14,0.4343554377555847;1.13.12,0.0016075818566605449;1.7.3,0.0013441953342407942;4.99.1,0.0004271988582331687"
R10622,"3.1.3,0.9453105330467224;3.6.1,0.04591559246182442;3.1.4,0.003171434160321951;2.7.1,0.0020836694166064262;3.2.1,0.0020522221457213163"
R12425,"2.3.1,0.13771121203899384;2.7.4,0.1075223982334137;2.4.1,0.07033617049455643;5.1.3,0.06864075362682343;2.7.8,0.04989010840654373"
R03197,"4.1.1,0.9989780187606812;2.3.1,0.00038183218566700816;2.5.1,0.00010061161447083578;1.17.99,7.602860569022596e-05;1.2.4,5.4460426326841116e-05"
R05595,"4.2.1,0.9461210370063782;2.3.1,0.050224751234054565;3.1.1,0.0015456080436706543;3.1.2,0.0013386752689257264;2.8.3,0.00027426384622231126"
R06400,"1.14.13,0.9999998807907104;1.1.1,1.017824899918196e-07;1.14.15,5.354943155566616e-08;1.14.14,1.357463474960241e-08;1.-.-,1.8105469345996994e-09"
R05436,"1.14.12,0.9999294281005859;1.1.1,2.7016674721380696e-05;1.14.13,2.5664345230325125e-05;1.3.1,7.648695827811025e-06;1.11.1,2.572034645709209e-06"
R04209,"4.1.1,0.999785840511322;5.4.99,0.00015588181850034744;1.14.11,1.2238834642630536e-05;1.1.1,1.21035409392789e-05;1.2.4,8.812670785118826e-06"
R02887,"3.2.1,0.8814548850059509;3.4.11,0.029092630371451378;3.1.4,0.019690625369548798;3.1.1,0.011712104082107544;3.4.13,0.010398097336292267"
R12791,"2.3.1,0.9955203533172607;6.2.1,0.0017130442429333925;3.1.2,0.0011357803596183658;2.3.2,0.0006544828065671027;2.5.1,0.0002712046552915126"
R06346,"1.14.11,0.9982752799987793;1.3.99,0.0015429616905748844;1.14.20,9.124939242610708e-05;1.3.3,3.505207860143855e-05;1.3.1,1.6047964891185984e-05"
R09565,"1.13.11,0.8386750221252441;1.1.3,0.08434068411588669;1.1.-,0.03402021899819374;1.1.5,0.025802304968237877;4.1.3,0.004519594367593527"
R07238,"2.1.1,1.0;2.3.1,9.299947097141104e-12;4.4.1,1.0304902547594863e-12;4.2.1,4.593429044248698e-13;1.3.98,3.595905040745806e-13"
R02509,"3.5.1,0.9950457811355591;3.5.4,0.0031283460557460785;4.2.1,0.0007374680717475712;3.5.3,0.00029830183484591544;1.4.3,0.0001583429257152602"
R02268,"5.3.99,0.9930671453475952;2.5.1,0.0061426106840372086;5.3.1,0.00027068654890172184;4.1.1,0.00013492951984517276;1.14.99,0.00010728002962423488"
R07150,"1.1.1,0.985713005065918;1.2.1,0.008285176940262318;4.2.1,0.0007643690332770348;1.14.13,0.0007501619402319193;1.8.1,0.0005839487421326339"
R05680,"1.1.1,0.988278329372406;1.3.1,0.008631794713437557;1.1.5,0.0024024874437600374;1.1.99,0.00014031698810867965;1.-.-,0.00012881467409897596"
R07779,"1.14.13,0.9924375414848328;1.14.18,0.0057030958123505116;1.14.19,0.00046472373651340604;1.14.14,0.0003663356474135071;1.14.15,0.0003127843083348125"
R00405,"6.2.1,0.6904245615005493;2.3.1,0.2650768756866455;2.7.3,0.029464222490787506;6.3.2,0.008649682626128197;3.1.2,0.0022301645949482918"
R02263,"4.1.2,0.9998229146003723;1.1.1,0.00012274806795176119;5.3.3,1.5840600099181756e-05;4.2.1,1.500079633842688e-05;2.4.1,6.189758551045088e-06"
R10770,"6.2.1,0.9613828063011169;2.3.1,0.03833451494574547;2.7.1,6.949427915969864e-05;3.1.2,5.793742457171902e-05;2.7.2,4.491486106417142e-05"
R05334,"1.4.3,0.9984392523765564;1.5.3,0.0005938326357863843;3.5.4,0.0005575579707510769;1.5.99,0.0002689922694116831;4.1.99,6.350097828544676e-05"
R05646,"2.7.1,0.9949865341186523;2.7.7,0.0029700344894081354;5.1.3,0.0018950607627630234;2.7.4,9.726014832267538e-05;3.6.1,7.486291451641591e-06"
R04857,"3.5.1,0.9691101908683777;3.5.3,0.029297655448317528;4.3.2,0.0004396641452331096;3.5.4,0.00043841474689543247;1.13.12,0.00011287907545920461"
R02849,"2.7.1,0.9850747585296631;2.1.1,0.006503527518361807;2.3.1,0.002609701594337821;2.7.2,0.0010914572048932314;2.7.4,0.0009678322239778936"
R12953,"3.5.1,0.9968376159667969;3.2.1,0.0013139690272510052;1.5.1,0.0011999108828604221;1.2.1,0.0004922837251797318;2.3.1,7.88434044807218e-05"
R06637,"2.3.1,0.9999974966049194;6.2.1,8.7111754965008e-07;3.1.2,4.420620598466485e-07;2.1.1,4.304447429603897e-07;4.1.1,2.139787511623581e-07"
R11855,"4.2.3,0.48853492736816406;3.1.7,0.45910724997520447;5.3.3,0.03867661580443382;2.5.1,0.0059242104180157185;5.5.1,0.004924993962049484"
R00385,"1.3.1,0.9993625283241272;2.3.1,0.0004415857547428459;1.2.1,9.140864131040871e-05;1.3.3,3.611158535932191e-05;1.3.99,3.1488285458181053e-05"
R01055,"4.2.1,0.6728323101997375;3.5.1,0.18786831200122833;3.2.1,0.026211736723780632;2.3.1,0.018843980506062508;3.2.-,0.014939386397600174"
R06930,"1.14.12,0.9991235136985779;1.3.1,0.0005385912954807281;1.14.13,0.00018284042016603053;1.13.11,0.00010661854321369901;1.14.14,2.784809112199582e-05"
R10452,"2.1.1,1.0;2.3.1,2.4962969191744122e-11;3.5.1,1.431901385656742e-11;2.5.1,7.773168393676588e-12;3.4.19,5.526930042104583e-12"
R07150,"1.1.1,0.985713005065918;1.2.1,0.008285176940262318;4.2.1,0.0007643690332770348;1.14.13,0.0007501619402319193;1.8.1,0.0005839487421326339"
R02923,"1.4.3,0.9994875192642212;1.5.99,0.0004333872639108449;1.4.99,2.8862285034847446e-05;1.5.-,1.8438771803630516e-05;1.5.3,9.231716830981895e-06"
R05684,"1.1.1,0.9996956586837769;1.1.99,0.00016908188990782946;1.3.1,3.845747050945647e-05;2.7.1,2.4616112568764947e-05;1.-.-,1.6060181224020198e-05"
R11797,"2.1.1,1.0;2.3.1,1.1693227497389103e-09;2.6.1,8.191356482001311e-10;2.5.1,7.163127035969552e-11;1.14.11,5.528756619188613e-11"
R10832,"2.4.1,0.9996613264083862;2.4.2,0.0001473744778195396;2.7.1,0.0001124906848417595;2.7.3,4.237557732267305e-05;3.1.3,2.91765700239921e-05"
R10740,"1.1.1,0.3845524191856384;1.14.20,0.3816263973712921;1.14.11,0.07019086927175522;4.4.1,0.055198997259140015;4.1.1,0.02892850711941719"
R03549,"1.13.11,0.9996554851531982;1.14.18,0.00015696937043685466;3.1.1,7.620070391567424e-05;1.10.3,5.893839625059627e-05;1.14.16,2.524929732317105e-05"
R01416,"3.5.3,0.7052730321884155;3.5.1,0.29339149594306946;3.5.5,0.0004410862165968865;3.5.4,0.00013055205636192113;4.2.1,0.0001185271394206211"
R07035,"1.11.1,0.7382571697235107;5.3.3,0.22387893497943878;1.14.99,0.013422727584838867;4.2.1,0.006767815910279751;2.5.1,0.0038340308237820864"
R05227,"2.5.1,0.9966757297515869;4.2.1,0.0031663249246776104;3.1.3,0.00010903404472628608;1.3.1,1.4742101484443992e-05;2.7.1,1.063630679709604e-05"
R03386,"1.14.13,0.9987151622772217;1.14.12,0.0012797664385288954;1.14.-,2.1400428522611037e-06;1.14.14,1.7427336160835694e-06;1.13.12,3.332793312438298e-07"
R13346,"1.3.1,0.6348098516464233;1.3.99,0.24459725618362427;1.-.-,0.11942771822214127;4.2.1,0.0003676175547298044;1.14.14,0.000303070672089234"
R00608,"1.1.3,0.9552591443061829;1.1.99,0.02524907886981964;1.8.3,0.005964618641883135;1.11.1,0.004197125788778067;1.1.5,0.0033215456642210484"
R03880,"2.4.2,0.5874798893928528;2.3.1,0.41136956214904785;2.4.1,0.0009525127243250608;2.7.8,6.980175385251641e-05;1.1.1,5.04450399603229e-05"
R06643,"2.3.1,0.9906865954399109;2.1.1,0.006542439106851816;1.-.-,0.001183631713502109;1.1.1,0.000780742266215384;4.1.1,0.0005073032807558775"
R06528,"1.14.14,0.5379951596260071;1.-.-,0.2455461472272873;2.1.1,0.13783876597881317;1.14.13,0.029946837574243546;4.1.2,0.026169490069150925"
R10206,"1.14.14,0.8393422365188599;1.1.99,0.1410776525735855;1.8.3,0.00857473537325859;1.13.99,0.005186273250728846;1.13.12,0.0010790396481752396"
R04577,"2.4.1,0.999995231628418;2.4.2,3.173231789332931e-06;2.7.7,5.903786473027139e-07;3.1.1,4.415457794948452e-07;3.2.1,2.548845543515199e-07"
R12011,"2.1.1,0.999997615814209;2.-.-,1.1961726613662904e-06;2.5.1,2.0017368740354868e-07;1.3.98,1.7769077942375588e-07;4.3.3,9.705186698738544e-08"
R09106,"2.3.1,0.9999181032180786;1.2.1,3.9706490497337654e-05;3.1.1,2.3603859517606907e-05;3.1.2,8.701321348780766e-06;1.3.1,5.190403044252889e-06"
R05689,"1.1.1,0.9999614953994751;1.8.1,1.6400912500103004e-05;1.1.5,5.3475628192245495e-06;1.3.1,4.9109589781437535e-06;1.2.1,3.720380846061744e-06"
R11874,"1.5.98,0.998497724533081;1.12.98,0.0013743287418037653;1.8.98,4.037666803924367e-05;1.7.7,1.6062320355558768e-05;3.1.21,1.4809247659286484e-05"
R05678,"1.1.1,0.9995352029800415;1.1.99,0.00018692588491830975;1.3.1,8.65238398546353e-05;1.14.13,5.154300379217602e-05;1.1.5,2.706021405174397e-05"
R11152,"1.14.13,0.9936329126358032;2.3.1,0.004380342084914446;3.1.1,0.0018793210620060563;1.1.1,4.446479579200968e-05;1.-.-,2.8455895517254248e-05"
R01695,"1.1.3,0.9652207493782043;1.1.99,0.0341946966946125;5.3.1,0.0003269755397923291;4.2.2,0.00017486891010776162;2.2.1,4.401546175358817e-05"
R05588,"2.8.3,0.9999103546142578;1.3.99,3.537314842105843e-05;5.4.99,1.6277492250083014e-05;2.3.1,9.57319662120426e-06;6.2.1,6.573440714419121e-06"
R08437,"2.1.1,1.0;2.3.1,4.502539562977609e-13;2.5.1,5.923340702478075e-14;1.-.-,5.604353176739789e-14;6.3.2,2.0899601155060198e-14"
R04438,"2.6.1,0.9999891519546509;1.4.1,5.526085715246154e-06;1.1.1,1.9520571186149027e-06;5.3.3,1.0133398973266594e-06;4.1.3,3.3661987686173234e-07"
R09426,"2.4.1,0.999178946018219;2.7.7,0.0006915557314641774;5.1.3,6.338956154650077e-05;2.4.2,2.3315400540013798e-05;1.1.1,8.856366548570804e-06"
R00719,"3.6.1,0.8364036083221436;3.1.3,0.05007956176996231;3.6.4,0.03177787736058235;3.1.4,0.025153227150440216;2.7.3,0.015497368760406971"
R03241,"2.7.1,0.9996660947799683;5.3.1,0.00021344111883081496;2.7.4,6.391574424924329e-05;2.1.1,3.424822716624476e-05;3.1.3,1.0182588084717281e-05"
R11228,"1.14.15,0.4841306209564209;1.14.13,0.3718470335006714;1.1.1,0.05080261453986168;1.-.-,0.03937697783112526;1.14.-,0.017825454473495483"
R04994,"2.1.1,0.9999997615814209;2.3.1,6.831723453615268e-08;2.5.1,4.6907334905199605e-08;4.1.1,4.6185739677184756e-08;6.3.2,1.9032187381640142e-08"
R05865,"4.2.1,0.5332342982292175;3.7.1,0.4636859893798828;1.13.11,0.0006895416299812496;1.14.19,0.00046344014117494226;5.3.99,0.00028433516854420304"
R09556,"4.1.2,0.9744600057601929;4.2.1,0.019668156281113625;5.3.3,0.002650005044415593;4.1.99,0.002058448037132621;4.3.3,0.0003179980267304927"
R10287,"5.4.3,0.999996542930603;2.6.1,3.39236794388853e-06;4.3.1,4.097901040722718e-08;5.1.1,1.6970293614804177e-08;2.7.8,6.812296948766061e-09"
R02851,"2.6.1,0.9997349381446838;1.5.99,0.00017557140381541103;1.4.3,3.544876381056383e-05;5.1.1,2.6445655748830177e-05;1.4.1,5.677186436514603e-06"
R11161,"1.14.14,0.9999964237213135;1.14.13,2.51665528594458e-06;5.4.4,5.232841431279667e-07;1.13.11,1.8409934909868753e-07;1.14.99,5.8609767705775084e-08"
R01777,"2.3.1,0.9996433258056641;1.2.1,0.00027398805832490325;3.1.1,6.410467904061079e-05;3.1.2,7.284140338015277e-06;2.5.1,3.859298885799944e-06"
R11284,"1.1.3,0.9993807077407837;1.8.3,0.000303876877296716;1.1.99,0.0001426489179721102;2.6.1,8.894033817341551e-05;1.21.3,1.4886729331919923e-05"
R11602,"2.5.1,0.9996370077133179;5.3.3,0.00016175341443158686;2.4.1,6.365954322973266e-05;5.3.99,3.26711124216672e-05;1.1.99,1.2958975275978446e-05"
R02059,"3.5.1,0.9227918386459351;3.1.1,0.0758725106716156;3.2.1,0.0010127474088221788;2.3.1,8.901397814042866e-05;4.2.1,4.2680057958932593e-05"
R03702,"3.1.1,0.9980399012565613;2.3.1,0.0017706308281049132;4.2.1,0.00011813062155852094;3.7.1,3.347490564920008e-05;1.13.11,1.8650025594979525e-05"
R08227,"3.5.2,0.9999998807907104;2.1.3,3.1223311935946185e-08;3.1.2,1.2590023246161763e-08;3.5.1,7.94460941477837e-09;4.2.1,6.436268851217619e-09"
R00384,"1.3.1,0.9993625283241272;2.3.1,0.0004415857547428459;1.2.1,9.140864131040871e-05;1.3.3,3.611158535932191e-05;1.3.99,3.1488285458181053e-05"
R08035,"1.8.99,0.9750511646270752;1.14.13,0.010723046027123928;1.7.1,0.004633639473468065;1.-.-,0.0016046013915911317;2.5.1,0.0014483549166470766"
R04726,"2.3.1,0.9999086856842041;4.1.1,4.488475315156393e-05;3.1.1,1.6213896742556244e-05;3.1.2,1.0728593224484939e-05;1.2.7,7.468395779142156e-06"
R13319,"6.2.1,0.6419045925140381;2.7.4,0.32588452100753784;2.7.2,0.02013421803712845;6.3.1,0.003144779009744525;2.7.1,0.0030544758774340153"
R02821,"2.1.1,0.9999661445617676;2.3.1,3.0936673283576965e-05;2.5.1,1.388952114211861e-06;1.14.13,2.7558266424421163e-07;1.4.1,1.880789568531327e-07"
R03306,"1.14.12,0.8907104730606079;1.14.13,0.09520883858203888;1.14.-,0.007280257064849138;1.14.14,0.005350859370082617;1.3.1,0.0008434865740127861"
R03200,"5.4.99,0.9999996423721313;5.4.1,1.7920454808972863e-07;5.5.1,3.5595956404677054e-08;4.2.1,2.1112889214691677e-08;4.1.3,1.0455266874487279e-08"
R03220,"1.3.3,0.9637631773948669;1.3.98,0.03205437958240509;1.13.12,0.000872743665240705;1.14.18,0.000629724352620542;1.13.11,0.00042466766899451613"
R05289,"1.2.1,0.9968921542167664;1.1.1,0.0015995773719623685;1.2.3,0.001412539160810411;1.17.1,2.5112474759225734e-05;1.5.1,1.5089306543814018e-05"
R02569,"2.5.1,0.683384895324707;4.1.2,0.1607666313648224;5.1.3,0.07580329477787018;4.3.1,0.02165955677628517;2.3.1,0.01491490751504898"
R08895,"3.5.1,0.8212379217147827;3.1.1,0.16799160838127136;3.2.1,0.010491578839719296;2.3.1,4.55064327979926e-05;3.1.2,3.744424247997813e-05"
R11272,"2.4.1,0.9911967515945435;2.7.7,0.004661684390157461;2.4.2,0.003657616674900055;6.2.1,0.0001622674462851137;2.5.1,3.2675099646439776e-05"
R03369,"1.14.13,0.9679323434829712;1.14.14,0.028918292373418808;1.14.-,0.0013335279654711485;1.14.15,0.0007496114121749997;1.-.-,0.0003911545791197568"
R11869,"5.5.1,0.9995759129524231;4.2.3,0.00017586268950253725;5.4.99,8.269058889709413e-05;4.5.1,5.624045661534183e-05;1.3.99,3.9178084989544004e-05"
R06177,"5.5.1,0.2951701581478119;2.7.8,0.28399261832237244;2.4.1,0.14299750328063965;2.5.1,0.11975404620170593;5.2.1,0.0898795798420906"
R08327,"1.14.13,0.8662804961204529;1.14.14,0.12718649208545685;1.1.1,0.0022408219520002604;1.14.99,0.0010009889956563711;1.14.-,0.0007266227039508522"
R06149,"1.14.-,0.8374786376953125;3.2.1,0.08780430257320404;2.3.1,0.030125590041279793;3.1.1,0.020460670813918114;4.2.1,0.011433598585426807"
R12107,"1.3.1,0.8864777088165283;1.3.99,0.10956935584545135;1.1.1,0.0034583909437060356;1.3.3,0.00017386971740052104;1.3.8,6.301300891209394e-05"
R08220,"3.1.1,0.9998683929443359;3.1.4,3.1878902518656105e-05;2.3.1,2.5981533326557837e-05;3.2.1,2.1511650629690848e-05;3.1.-,1.7579599443706684e-05"
R06930,"1.14.12,0.9991235136985779;1.3.1,0.0005385912954807281;1.14.13,0.00018284042016603053;1.13.11,0.00010661854321369901;1.14.14,2.784809112199582e-05"
R12050,"2.5.1,0.9944071769714355;2.3.2,0.0023533697240054607;2.7.8,0.0017204006435349584;1.14.13,0.00036792870378121734;3.5.1,0.00021259869390632957"
R00897,"2.5.1,0.7424347996711731;4.2.1,0.24923129379749298;3.1.2,0.0030209405813366175;4.4.1,0.0026635194662958384;2.3.1,0.000832253776025027"
R06914,"1.2.1,0.9974949359893799;1.1.1,0.0013186467112973332;1.2.3,0.0008536074310541153;1.17.1,9.095798304770142e-05;1.2.99,4.987281499779783e-05"
R11106,"1.14.19,0.9999918937683105;1.14.14,4.216052730043884e-06;1.9.3,1.980166643988923e-06;1.3.3,6.014269047227572e-07;1.14.99,3.727239459294651e-07"
R09453,"1.14.13,0.6657206416130066;1.14.14,0.13795453310012817;1.14.-,0.11736712604761124;1.14.15,0.06956697255373001;1.1.1,0.0053653293289244175"
R10861,"1.1.1,0.8763071298599243;1.2.1,0.11365792900323868;5.1.3,0.009686348028481007;1.1.-,5.3911771829007193e-05;1.5.1,3.9112612284952775e-05"
R02684,"1.1.1,0.9970868229866028;1.3.1,0.002801754977554083;5.3.3,3.7842255551368e-05;1.-.-,2.4736247723922133e-05;1.6.5,1.8058306523016654e-05"
R03517,"3.1.6,0.997209370136261;3.2.1,0.0013857594458386302;2.8.2,0.0013256013626232743;3.10.1,3.3899519621627405e-05;3.4.11,1.0567969184194226e-05"
R08045,"1.7.1,0.9998199343681335;1.7.-,3.5973127523902804e-05;1.1.1,2.5760791686479934e-05;1.6.6,1.6361973393941298e-05;1.19.1,1.4773158909520134e-05"
R04137,"4.2.1,0.9999159574508667;5.4.4,5.843013059347868e-05;1.-.-,1.2247456652403343e-05;5.5.1,3.052642114198534e-06;4.3.-,2.2847777927381685e-06"
R01085,"3.7.1,0.9952623844146729;4.4.1,0.004271834623068571;1.1.1,0.00010584937990643084;5.2.1,6.131644477136433e-05;4.1.99,5.80245723540429e-05"
R07737,"1.1.1,0.9998674392700195;1.3.1,0.00011814913159469143;1.2.1,6.839894012955483e-06;1.-.-,2.8394092623784672e-06;2.3.1,2.2628162241744576e-06"
R00499,"3.1.2,0.9775762557983398;2.3.1,0.012474375776946545;3.1.1,0.0039895568042993546;3.2.1,0.002875964855775237;2.5.1,0.0006432204972952604"
R13112,"4.2.3,0.626499593257904;4.3.1,0.11554733663797379;4.3.2,0.10891478508710861;2.3.1,0.042991310358047485;1.14.13,0.03442082181572914"
R09564,"1.11.2,0.9996522665023804;1.11.1,0.00014812358131166548;1.11.-,0.0001322191092185676;3.8.1,5.5900378356454894e-05;3.1.7,3.0030962534510763e-06"
R11207,"6.3.1,0.6478748321533203;6.3.2,0.08441947400569916;2.3.2,0.06992325186729431;6.2.1,0.052147895097732544;2.7.3,0.04938556253910065"
R10525,"2.4.1,0.9415364861488342;1.1.1,0.021654397249221802;2.7.1,0.010127679444849491;5.4.99,0.009293531067669392;5.4.1,0.006985443644225597"
R08540,"4.2.3,0.8544358015060425;5.5.1,0.09718626737594604;2.5.1,0.022546835243701935;4.2.1,0.01464955322444439;5.3.3,0.008149622939527035"
R07724,"2.1.1,1.0;1.-.-,7.515316147177487e-11;2.3.1,1.0455454210744897e-11;2.5.1,5.687720260050266e-12;6.3.2,1.874591627759603e-12"
R01167,"4.1.1,0.9999550580978394;2.3.1,2.0120922272326425e-05;2.7.8,6.07176662015263e-06;4.3.1,4.267989879735978e-06;2.7.-,3.4159388633270282e-06"
R00998,"2.3.3,0.9998283386230469;4.2.1,8.399900980293751e-05;2.3.1,4.896409882348962e-05;3.1.2,1.9147299099131487e-05;4.1.3,6.197092716320185e-06"
R03887,"3.5.99,0.8466963768005371;3.5.1,0.04827199876308441;3.5.4,0.03544307500123978;1.4.3,0.024612849578261375;4.3.1,0.016952838748693466"
R05449,"1.14.14,0.9445754289627075;1.14.13,0.050015710294246674;1.13.12,0.0006683465326204896;1.14.12,0.0006072772084735334;1.3.8,0.0005880406242795289"
R03072,"2.5.1,0.9998589754104614;4.4.1,8.125430758809671e-05;2.1.1,4.287268529878929e-05;5.3.99,9.971349754778203e-06;2.6.1,3.3009896469593514e-06"
R07288,"2.8.2,0.9626315236091614;1.1.1,0.017385300248861313;5.4.99,0.008636447601020336;5.-.-,0.004278117325156927;2.4.1,0.002373279770836234"
R03519,"2.4.1,0.9527426958084106;2.7.7,0.04045502841472626;2.4.-,0.0030319171492010355;2.1.1,0.0013684420846402645;6.2.1,0.0009104603086598217"
R10531,"3.6.1,0.8364036083221436;3.1.3,0.05007956176996231;3.6.4,0.03177787736058235;3.1.4,0.025153227150440216;2.7.3,0.015497368760406971"
R05689,"1.1.1,0.9999614953994751;1.8.1,1.6400912500103004e-05;1.1.5,5.3475628192245495e-06;1.3.1,4.9109589781437535e-06;1.2.1,3.720380846061744e-06"
R00394,"6.2.1,0.6751262545585632;2.3.1,0.20440126955509186;1.2.1,0.05897083878517151;3.1.2,0.054963771253824234;1.2.7,0.002135505201295018"
R04099,"1.1.1,0.9992347955703735;1.3.1,0.0002669687382876873;1.14.14,0.00017401270451955497;1.2.1,0.0001429013500455767;2.3.1,0.00010257471876684576"
R02712,"3.5.1,0.9998716115951538;3.4.19,5.891331602470018e-05;3.2.1,1.761958446877543e-05;3.4.11,1.7278214727411978e-05;3.5.5,8.352131771971472e-06"
R12727,"2.1.1,0.5389661192893982;6.2.1,0.33431991934776306;2.7.4,0.11161073297262192;2.7.2,0.007277794647961855;2.7.1,0.0020274200942367315"
R08006,"2.4.1,0.9999890327453613;3.2.1,7.875782102928497e-06;2.7.7,1.6750350368965883e-06;2.4.2,5.144179340277333e-07;5.1.3,2.776693861505919e-07"
R13064,"3.2.1,0.9987900853157043;2.4.2,0.0008537585381418467;2.4.1,0.00024034056696109474;3.1.3,4.734870890388265e-05;3.6.1,2.507137287466321e-05"
R03751,"3.1.1,0.9999849796295166;2.3.1,1.0347996976634022e-05;3.5.1,1.9067133507633116e-06;3.1.2,7.600702360832656e-07;1.14.13,6.161415058159037e-07"
R11260,"2.4.1,0.9998074173927307;3.2.1,0.00012958113802596927;5.4.99,4.202729542157613e-05;2.4.2,1.4461039427260403e-05;2.3.1,2.424873173367814e-06"
R12026,"2.4.2,0.9999421834945679;2.6.1,1.4022689356352203e-05;2.4.1,1.137075469159754e-05;2.5.1,8.344027264683973e-06;2.3.1,6.338920229609357e-06"
R12452,"1.14.11,0.5394322872161865;1.13.11,0.4414162039756775;1.14.20,0.010092290118336678;1.4.11,0.003879568073898554;4.1.1,0.003591714659705758"
R04099,"1.1.1,0.9992347955703735;1.3.1,0.0002669687382876873;1.14.14,0.00017401270451955497;1.2.1,0.0001429013500455767;2.3.1,0.00010257471876684576"
R11508,"2.1.1,0.9999997615814209;2.3.1,1.567121756806955e-07;2.5.1,3.691812722195209e-08;4.4.1,1.3077276150852413e-08;1.3.98,9.707257220270549e-09"
R13346,"1.3.1,0.6348098516464233;1.3.99,0.24459725618362427;1.-.-,0.11942771822214127;4.2.1,0.0003676175547298044;1.14.14,0.000303070672089234"
R04835,"1.1.1,0.9895690083503723;1.3.1,0.00986659899353981;2.3.1,0.00022475568403024226;1.-.-,7.214421930257231e-05;1.14.13,6.64907056489028e-05"
R01160,"2.3.1,0.9983853101730347;2.6.1,0.0011807805858552456;1.2.7,7.552092574769631e-05;1.2.1,7.099367212504148e-05;6.3.2,4.677735341829248e-05"
R03604,"3.2.1,0.9990177154541016;2.4.1,0.0007432806887663901;3.1.1,0.0001520341756986454;1.14.-,2.2810248992755078e-05;3.7.1,9.504890840617009e-06"
R12589,"3.6.1,0.8364036083221436;3.1.3,0.05007956176996231;3.6.4,0.03177787736058235;3.1.4,0.025153227150440216;2.7.3,0.015497368760406971"
R09988,"1.1.1,0.9996102452278137;1.14.13,0.00030848293681629;1.6.5,5.8366491430206224e-05;1.-.-,8.595291546953376e-06;1.8.1,4.530247679213062e-06"
R05219,"2.1.1,0.9999994039535522;4.4.1,1.9083280733411812e-07;3.13.1,1.5346969917118258e-07;4.2.1,8.987118604864008e-08;3.3.1,8.698610542978713e-08"
R01566,"3.5.3,0.9996815919876099;1.14.13,0.00012355914805084467;3.5.1,6.0157643019920215e-05;3.5.4,4.800569513463415e-05;6.3.4,1.8631953935255297e-05"
R12098,"3.13.1,0.902167022228241;3.3.1,0.07519625872373581;4.4.1,0.009103837423026562;2.5.1,0.004346510395407677;4.2.1,0.0020838382188230753"
R01738,"1.1.1,0.9998446702957153;1.1.5,5.3965759434504434e-05;2.7.1,3.541842306731269e-05;1.1.99,2.4589769964222796e-05;1.3.1,1.070993585017277e-05"
R03713,"1.3.1,0.769719660282135;1.3.99,0.22459305822849274;1.1.1,0.00513802096247673;1.3.3,0.00021926536282990128;1.3.8,0.00010118998761754483"
R04194,"2.4.1,0.9990787506103516;2.3.1,0.00033493852242827415;3.2.1,0.000290789088467136;5.4.99,0.0002536048705223948;5.4.1,3.0216624509193935e-05"
R00490,"4.3.1,0.9893677830696106;4.3.2,0.002424591453745961;3.5.5,0.0017107680905610323;2.3.1,0.0015845575835555792;1.3.5,0.0014944400172680616"
R02944,"1.1.1,0.9982439279556274;1.3.1,0.0015199126210063696;1.14.13,0.0001614328211871907;2.3.1,3.9848666347097605e-05;1.-.-,1.2727097782772034e-05"
R04463,"6.3.5,0.9911049008369446;6.3.1,0.003825709456577897;3.5.2,0.0021287088748067617;6.3.4,0.0009176835301332176;3.5.1,0.000494339328724891"
R07598,"1.4.3,0.9998928308486938;1.5.3,7.610672037117183e-05;3.5.4,2.581338230811525e-05;1.4.9,2.564616806921549e-06;1.5.99,1.1575806411201484e-06"
R04208,"2.7.3,0.7576484084129333;6.3.3,0.21790120005607605;2.1.2,0.006448771338909864;6.3.4,0.004834323655813932;1.5.99,0.003117976011708379"
R07264,"2.4.2,0.7739285230636597;2.4.1,0.22219549119472504;2.7.1,0.0037205347325652838;3.1.3,0.0001251216745004058;2.7.3,1.2703031643468421e-05"
R03465,"4.1.2,0.994500994682312;4.2.1,0.0035580922849476337;4.5.1,0.0008558613481000066;2.6.1,0.0006264236872084439;2.3.1,0.000150315448991023"
R03060,"3.1.3,0.669396698474884;3.1.4,0.23327648639678955;3.6.1,0.08342061191797256;3.6.2,0.003350780578330159;2.7.3,0.0024045947939157486"
R09943,"2.4.1,0.9992318153381348;2.7.3,0.0003735186473932117;3.1.3,0.00017696921713650227;2.7.1,0.00013356184354051948;2.4.-,3.467779970378615e-05"
R07907,"2.1.1,0.9999943971633911;1.-.-,1.464271917939186e-06;2.7.4,9.198471957461152e-07;2.3.1,6.818568181188311e-07;2.4.1,4.796272605744889e-07"
R01868,"2.1.1,0.9999641180038452;2.5.1,1.2590636288223322e-05;4.2.1,8.894444363249931e-06;4.3.1,6.627311904594535e-06;2.1.2,2.2933518266654573e-06"
R01158,"1.1.1,0.9981778860092163;1.2.1,0.0007815749850124121;1.14.13,0.0001690354256425053;1.3.1,0.00012191895802970976;1.5.1,0.00011375894246157259"
R02024,"1.17.4,0.9987269043922424;1.8.4,0.0004134206392336637;1.11.1,0.00035250996006652713;1.8.1,0.00019267234893050045;5.3.4,9.423976007383317e-05"
R10422,"1.1.1,0.9992032647132874;1.3.1,0.0005871293251402676;2.3.1,7.57325833546929e-05;1.14.13,4.3696101784007624e-05;1.-.-,2.9710981834796257e-05"
R03350,"3.1.3,0.9916524291038513;3.6.1,0.006694419775158167;2.7.1,0.0010354977566748857;4.2.3,0.0003529523382894695;3.1.4,0.00020823869272135198"
R09780,"5.1.3,0.9916786551475525;5.-.-,0.004650781396776438;5.3.1,0.0014394607860594988;1.1.1,0.0006399867124855518;4.1.2,0.00046192097943276167"
R12561,"2.3.1,0.9792435765266418;6.2.1,0.01666475459933281;2.3.3,0.0008692262344993651;3.1.2,0.0006557864253409207;1.2.7,0.0005760907079093158"
R00631,"1.2.1,0.9988402724266052;1.1.1,0.0004272263322491199;3.1.1,0.0003608794941101223;1.4.1,0.00013526891416404396;1.17.1,7.464447116944939e-05"
R12313,"5.1.1,0.9996609687805176;3.4.13,0.00016416708240285516;2.6.1,7.198240928119048e-05;3.4.17,2.155414767912589e-05;1.5.99,1.3402586773736402e-05"
R01403,"1.3.1,0.9992208480834961;1.1.1,0.0002845985582098365;2.3.1,0.0002455862704664469;1.6.2,0.00012264607357792556;1.18.1,2.4794273485895246e-05"
R07288,"2.8.2,0.9626315236091614;1.1.1,0.017385300248861313;5.4.99,0.008636447601020336;5.-.-,0.004278117325156927;2.4.1,0.002373279770836234"
R11561,"3.5.1,0.9814985394477844;3.4.11,0.012688095681369305;2.3.2,0.004359050188213587;6.3.1,0.0003208091075066477;3.4.19,0.0002471683837939054"
R09837,"5.3.3,0.9991034865379333;1.-.-,0.000622947292868048;3.3.2,7.843114144634455e-05;5.4.99,7.34114510123618e-05;5.3.2,2.6580564735922962e-05"
R03114,"1.1.1,0.9993367791175842;1.3.1,0.00039049790939316154;1.14.13,0.00018149260722566396;1.6.5,2.24264931603102e-05;1.-.-,2.226973811048083e-05"
R11183,"2.7.1,0.9984022974967957;2.7.4,0.00062606978463009;2.7.7,0.0003774177166633308;3.1.3,0.0002230284153483808;2.1.1,9.494675759924576e-05"
R02287,"2.1.2,0.9980707764625549;4.3.1,0.0004962547100149095;2.6.1,0.0003446195332799107;5.3.1,0.000246991403400898;1.1.3,0.0001357794099021703"
R05649,"1.2.1,0.9974949359893799;1.1.1,0.0013186467112973332;1.2.3,0.0008536074310541153;1.17.1,9.095798304770142e-05;1.2.99,4.987281499779783e-05"
R11561,"3.5.1,0.9814985394477844;3.4.11,0.012688095681369305;2.3.2,0.004359050188213587;6.3.1,0.0003208091075066477;3.4.19,0.0002471683837939054"
R13220,"1.1.1,0.9801977872848511;1.3.1,0.01784098520874977;2.3.1,0.0005644718767143786;1.-.-,0.0003299711679574102;1.2.1,0.00032945864950306714"
R04180,"3.1.3,0.6309682726860046;3.1.4,0.2610345780849457;3.6.1,0.07156359404325485;3.2.1,0.03167608752846718;2.3.1,0.001207489985972643"
R06595,"1.1.1,0.7253060936927795;4.2.1,0.20914308726787567;1.2.1,0.05388714000582695;1.1.5,0.00803700927644968;1.1.-,0.0012336059007793665"
R05720,"1.13.11,0.999987006187439;2.3.1,1.0310654033673927e-05;1.14.12,1.3829790077579673e-06;1.14.13,4.880914161731198e-07;1.14.-,2.9899692322032934e-07"
R00102,"3.2.2,0.6599799394607544;3.5.1,0.2509453594684601;2.4.2,0.06811686605215073;2.3.1,0.019148267805576324;3.2.1,0.00046972959535196424"
R11290,"1.1.1,0.9958940744400024;1.3.1,0.002413530834019184;1.16.1,0.00036334537435323;1.8.1,0.0002545588940847665;1.6.5,0.00022462900960817933"
R07826,"1.14.13,0.6841015219688416;1.14.18,0.1580260694026947;1.14.-,0.04053124785423279;1.14.14,0.038477830588817596;2.1.1,0.017301257699728012"
R10368,"1.14.21,0.9999071359634399;1.14.19,3.622438453021459e-05;1.3.3,2.680815669009462e-05;1.6.99,8.264588359452318e-06;1.10.99,3.3897879347932758e-06"
R12822,"1.-.-,0.6603596806526184;2.1.1,0.1214619129896164;4.2.1,0.10422472655773163;4.2.3,0.037854764610528946;1.1.1,0.03537380322813988"
R08791,"2.1.1,1.0;2.3.1,1.2747904953869238e-09;2.5.1,2.2013949690924406e-11;1.14.21,7.93980712340131e-13;2.2.1,6.393360233586387e-13"
R10447,"2.1.1,1.0;2.3.1,1.7349725036633e-14;6.-.-,5.139631811305564e-16;2.5.1,3.8984236117170024e-16;6.3.2,2.483089260974598e-16"
R08093,"4.2.1,0.9886206984519958;2.3.1,0.00276494724676013;3.1.2,0.002287156879901886;1.14.14,0.0019910933915525675;3.1.3,0.0012505401391535997"
R08050,"1.14.11,0.9988214373588562;1.14.20,0.0011296061566099524;4.1.1,2.3013586542219855e-05;2.6.1,9.785653674043715e-06;1.1.99,7.4794456850213464e-06"
R04695,"1.5.1,0.9999927282333374;1.5.99,3.9426608964276966e-06;1.19.1,1.1626619880189537e-06;1.14.13,4.33090718843232e-07;1.4.1,4.212336648379278e-07"
R08889,"1.13.11,0.5959710478782654;1.13.12,0.34034472703933716;1.14.99,0.03941602632403374;1.14.19,0.0037901538889855146;1.5.3,0.002907410031184554"
R00512,"2.7.4,0.7740060091018677;2.7.1,0.19946995377540588;2.1.1,0.01891961507499218;6.2.1,0.002652202034369111;2.7.2,0.0017209263751283288"
R03508,"4.1.1,0.999910831451416;1.2.4,3.3851760235847905e-05;1.2.2,2.098890945489984e-05;4.4.1,6.913214747328311e-06;1.17.98,6.397021024895366e-06"
R00509,"2.7.4,0.740511417388916;2.7.1,0.20748527348041534;2.1.1,0.0456983745098114;2.7.2,0.002086911117658019;1.6.2,0.0005935762892477214"
R00224,"4.1.1,0.992921769618988;1.2.7,0.003350617131218314;4.1.3,0.0017512491904199123;1.2.4,0.0014574133092537522;4.4.1,0.0001246520841959864"
R02454,"1.1.1,0.994526207447052;1.2.1,0.004655173048377037;2.3.1,0.0004866374656558037;5.1.2,0.000134744550450705;2.7.1,0.00012474913091864437"
R09399,"6.3.2,0.5103960633277893;2.7.3,0.47036752104759216;2.7.1,0.014361817389726639;6.3.3,0.0009638078045099974;1.13.11,0.0007754600956104696"
R04256,"1.14.13,0.5438625812530518;1.14.14,0.19472633302211761;1.14.-,0.1526217758655548;1.14.15,0.0804663747549057;1.1.1,0.021917222067713737"
R12466,"2.3.1,0.9979318380355835;3.1.1,0.0015693913446739316;1.2.1,0.00021323731925804168;3.1.2,0.00018665415700525045;6.2.1,4.4963151594856754e-05"
R07143,"1.1.1,0.9999969005584717;1.2.1,1.2865266398875974e-06;1.-.-,9.900944633045583e-07;2.3.1,2.656632602793252e-07;1.1.99,2.0740687034503935e-07"
R09914,"5.4.99,0.9997784495353699;5.5.1,0.0001699029962765053;5.4.4,3.95852948713582e-05;1.-.-,3.631468416642747e-06;4.2.1,3.414960929148947e-06"
R03991,"2.3.1,0.9989180564880371;3.1.2,0.0009578812750987709;2.8.3,4.0137801988748834e-05;3.1.1,2.483185744495131e-05;2.3.3,1.971525307453703e-05"
R07483,"1.3.1,0.9997521042823792;1.14.13,7.537878263974562e-05;1.3.99,6.874347309349105e-05;1.1.1,3.803623258136213e-05;1.6.5,3.3132728276541457e-05"
R08261,"2.4.1,0.9999693632125854;2.7.7,2.528407276258804e-05;2.4.2,4.561120476864744e-06;6.2.1,1.632309931665077e-07;2.4.99,9.794023014819686e-08"
R04248,"1.1.3,0.26689231395721436;1.15.1,0.1897139698266983;1.11.1,0.10220237076282501;1.1.5,0.09834969788789749;1.8.3,0.07729257643222809"
R02466,"4.1.1,0.9968069791793823;2.3.1,0.0008876511128619313;3.5.1,0.0005683600320480764;4.2.1,0.00033092653029598296;1.17.99,0.00016491841233801097"
R12393,"6.2.1,0.9617972373962402;2.7.2,0.03641350939869881;2.3.1,0.0009384452714584768;2.7.1,0.00021071828086860478;6.3.1,0.00016924554074648768"
R02561,"1.14.13,0.8942910432815552;1.2.1,0.0821416825056076;1.14.14,0.009248398244380951;1.2.3,0.0034845967311412096;1.14.12,0.0029274611733853817"
R01976,"1.1.1,0.9853934645652771;2.3.1,0.011437807232141495;4.2.1,0.0011776306200772524;1.-.-,0.0005608972278423607;1.2.1,0.0005360856303013861"
R07449,"1.14.-,0.9524828791618347;1.1.1,0.037533972412347794;1.1.99,0.0022677863016724586;1.1.3,0.0020545904990285635;2.3.1,0.001641764072701335"
R11566,"4.2.1,0.999862790107727;2.3.1,4.507310222834349e-05;3.1.2,2.8902712074341252e-05;3.1.1,1.845410770329181e-05;3.2.1,6.300653694779612e-06"
R01786,"2.7.1,0.995013415813446;2.7.2,0.001732019823975861;3.1.3,0.0011101964628323913;3.6.1,0.0005427378346212208;2.1.1,0.00046657733037136495"
R11367,"6.2.1,0.9999613761901855;2.7.2,1.5714826076873578e-05;3.1.2,1.5145163160923403e-05;2.3.1,2.632520136103267e-06;2.1.1,2.3749973934172885e-06"
R04188,"2.6.1,0.9998692274093628;1.4.1,0.00010103237582370639;4.1.3,7.943393939058296e-06;1.4.11,7.883855687396135e-06;4.1.1,3.5534305879991734e-06"
R10283,"4.1.3,0.9972852468490601;4.1.2,0.0017500888789072633;1.1.99,0.0006214496097527444;4.2.1,7.612579793203622e-05;1.1.3,5.932337080594152e-05"
R10156,"1.1.1,0.9985697269439697;1.3.1,0.0008504922152496874;1.14.13,0.0003320689429529011;1.6.5,6.816865789005533e-05;1.6.99,4.942533269058913e-05"
R12261,"5.5.1,0.6252032518386841;4.2.3,0.3743898272514343;5.3.3,0.00037467392394319177;5.4.99,1.0651227967173327e-05;4.3.2,6.68273787596263e-06"
R11921,"4.99.1,0.9999648332595825;4.1.99,1.4344029295898508e-05;4.4.1,4.957996225130046e-06;2.5.1,3.6524168081086827e-06;1.14.14,2.856836545106489e-06"
R05518,"4.2.1,0.992651641368866;1.1.1,0.003108745673671365;3.7.1,0.001441104686819017;2.6.1,0.0007209207396954298;5.3.1,0.0005828762077726424"
R13402,"1.1.1,0.9987747073173523;1.3.1,0.0005514019285328686;1.2.1,0.0005009353626519442;2.3.1,6.687216955469921e-05;1.5.1,2.3036707716528326e-05"
R13145,"2.3.1,0.9986995458602905;3.1.2,0.0008154891547746956;1.3.1,0.00012520285963546485;1.2.4,0.00011933731730096042;2.1.1,8.408288704231381e-05"
R13376,"1.3.7,0.45269232988357544;4.-.-,0.24423201382160187;1.18.-,0.17706194519996643;1.3.-,0.04829768091440201;1.4.99,0.026795808225870132"
R07970,"1.14.13,0.9906300902366638;1.13.12,0.008760097436606884;1.3.98,0.00010837711306521669;4.1.99,8.995932148536667e-05;1.14.15,8.625172631582245e-05"
R01814,"1.14.16,0.6898607611656189;1.14.14,0.1616445779800415;3.5.4,0.037966955453157425;1.14.13,0.03744487091898918;1.5.3,0.02974512241780758"
R02174,"2.1.1,0.9999974966049194;1.4.3,2.5029764856299153e-06;1.3.98,3.972840900701158e-08;2.3.1,1.7304920163496718e-08;4.3.3,8.393816308682744e-09"
R00847,"2.7.1,0.9997991919517517;4.6.1,0.00012204806989757344;3.1.3,1.5933188478811644e-05;2.7.2,1.5277693819371052e-05;2.7.7,1.5045383406686597e-05"
R07186,"1.14.11,0.9035834670066833;1.14.20,0.05880141630768776;4.1.1,0.02663487382233143;1.13.12,0.0029035548213869333;1.4.11,0.0018965993076562881"
R05248,"1.13.11,0.9999756813049316;4.1.1,1.5042716768220998e-05;1.3.5,3.4523329759394983e-06;1.13.12,1.0752979733297252e-06;1.14.17,8.930104513638071e-07"
R03229,"2.1.1,1.0;2.3.1,7.474496577231093e-09;1.-.-,3.760477707004384e-09;2.5.1,1.4331569264669497e-09;3.3.1,6.602686175583017e-10"
R03918,"1.1.1,0.9981780052185059;1.2.1,0.0016208711313083768;1.11.1,5.154065729584545e-05;1.8.1,4.661908678826876e-05;1.6.5,3.276236020610668e-05"
R08229,"2.4.2,0.9999957084655762;3.2.2,3.70969837604207e-06;6.3.4,1.3232212836555846e-07;3.1.3,8.509662308142651e-08;2.7.8,7.972084858920425e-08"
R11426,"1.3.1,0.9999802112579346;1.1.1,8.487007107760292e-06;1.6.5,3.357353762112325e-06;2.5.1,1.2360724213067442e-06;5.3.3,9.34319473344658e-07"
R05385,"4.5.1,0.9999122619628906;2.5.1,3.446020491537638e-05;1.97.1,2.5159408323816024e-05;5.5.1,1.0123825632035732e-05;4.2.1,5.097365828987677e-06"
R04862,"1.1.1,0.9999935626983643;2.3.1,3.2566169920755783e-06;1.-.-,2.037903641394223e-06;1.14.13,4.797110477738897e-07;1.2.1,2.7999075769002957e-07"
R07978,"1.17.3,0.7200378775596619;1.14.14,0.23998503386974335;1.14.13,0.016699228435754776;1.17.5,0.0076291668228805065;1.2.3,0.004499410279095173"
R04135,"4.1.1,0.5089553594589233;2.1.2,0.23898272216320038;2.3.1,0.17768150568008423;2.5.1,0.024162862449884415;1.14.11,0.020630301907658577"
R08272,"1.14.14,0.8994170427322388;3.5.1,0.030078265815973282;1.14.13,0.021167144179344177;1.4.3,0.009057228453457355;4.2.1,0.00675050588324666"
R02158,"2.4.1,0.9999979734420776;2.7.7,7.891712812124752e-07;3.2.1,5.879260811525455e-07;2.4.2,1.921329157994478e-07;2.7.8,8.827798581023671e-08"
R07604,"1.2.4,0.5213999152183533;3.4.22,0.2237187772989273;1.97.1,0.09403865039348602;1.14.12,0.05979980528354645;3.4.21,0.056437909603118896"
R07770,"6.2.1,0.9617972373962402;2.7.2,0.03641350939869881;2.3.1,0.0009384452714584768;2.7.1,0.00021071828086860478;6.3.1,0.00016924554074648768"
R09792,"2.1.1,1.0;1.-.-,5.16095187419463e-11;2.3.1,1.4920910644186658e-12;3.3.1,4.647158309209476e-13;2.5.1,3.0108128989091154e-13"
R12347,"3.1.1,0.99998939037323;3.5.1,6.072246833355166e-06;2.3.1,3.572904915927211e-06;4.2.1,4.727174882646068e-07;3.1.2,2.565981276347884e-07"
R01150,"6.3.2,0.6286914348602295;2.7.3,0.25672632455825806;2.7.1,0.11188183724880219;2.1.1,0.0008590861107222736;2.7.4,0.00027106006746180356"
R02324,"2.7.1,0.9980056881904602;3.1.1,0.0005016543436795473;2.7.2,0.00048103180597536266;3.6.1,0.00033674854785203934;3.1.3,0.0002123953599948436"
R10781,"4.1.1,0.9990143775939941;1.1.1,0.0005945993470959365;5.3.3,0.00031530510750599205;2.7.1,4.603397974278778e-05;1.1.5,1.3743974704993889e-05"
R01608,"1.1.1,0.9756622314453125;1.2.1,0.02424231357872486;1.1.-,3.705021663336083e-05;1.-.-,1.5591444025631063e-05;1.5.1,1.4281189578468911e-05"
R09510,"1.14.11,0.9854985475540161;1.14.20,0.007117611821740866;1.1.99,0.00295759248547256;1.13.12,0.0026176541578024626;4.1.1,0.0009615669841878116"
R04112,"3.5.1,0.889477014541626;2.6.1,0.05980057269334793;2.7.8,0.02963429130613804;2.3.1,0.006594470236450434;4.2.1,0.0053024678491055965"
R08115,"1.13.11,0.9999520778656006;5.5.1,3.68629080185201e-05;1.14.14,5.966349363006884e-06;1.14.12,1.6273164646918303e-06;1.3.1,1.5259475958373514e-06"
R07880,"2.3.1,0.9998350143432617;3.1.2,0.00012522908218670636;3.1.1,2.1850264602107927e-05;6.2.1,1.2366480405034963e-05;1.2.1,4.059004822920542e-06"
R00010,"3.2.1,0.9998657703399658;3.7.1,5.4610285587841645e-05;5.4.99,3.399905835976824e-05;3.1.1,1.4925963114365004e-05;2.3.1,1.09005786725902e-05"
R01335,"3.7.1,0.9988903403282166;3.1.1,0.0008707396336831152;4.4.1,0.00013758496788796037;1.1.1,6.269576260820031e-05;4.1.2,1.9992956367786974e-05"
R00005,"3.5.1,0.999771773815155;3.5.3,9.658842463977635e-05;3.2.1,4.80751768918708e-05;3.1.1,3.578652103897184e-05;3.5.2,3.395280509721488e-05"
R09134,"1.13.11,0.997904896736145;1.14.12,0.000864101923070848;1.14.13,0.0007951276493258774;6.2.1,0.00022813987743575126;1.13.12,6.88722066115588e-05"
R02115,"3.1.1,0.9999939203262329;2.3.1,4.4902644731337205e-06;3.1.-,5.768074515799526e-07;3.5.1,2.751548890955746e-07;3.-.-,1.961337829925469e-07"
R01769,"1.17.3,0.6034579277038574;3.5.4,0.3361210227012634;1.17.1,0.04626088961958885;1.2.3,0.003757704980671406;1.11.1,0.003054586239159107"
R07812,"2.5.1,0.990756094455719;3.1.7,0.004058418795466423;4.2.1,0.0015570110408589244;4.2.99,0.0005573985981754959;4.1.2,0.0005007658619433641"
R12106,"1.3.1,0.9996510744094849;4.2.1,0.00012672929733525962;1.1.1,0.00010194168862653896;1.2.1,6.169040716486052e-05;1.6.2,1.200276346935425e-05"
R06865,"1.14.13,0.5847362875938416;1.14.16,0.20039981603622437;1.14.18,0.10058023035526276;1.14.15,0.03230863809585571;1.14.-,0.02587663009762764"
R05226,"3.5.1,0.9997871518135071;3.4.11,4.148507650825195e-05;1.13.12,3.0013125069672242e-05;3.2.1,1.824380160542205e-05;4.2.1,1.7414218746125698e-05"
R10434,"2.4.1,0.9982632994651794;2.4.2,0.0007630368927493691;2.7.7,0.0005704226205125451;6.2.1,8.4469465946313e-05;5.1.3,4.0571274439571425e-05"
R07298,"3.1.3,0.9400359392166138;3.6.1,0.0575982928276062;2.7.1,0.0013929677661508322;3.1.4,0.0006919548031874001;4.2.3,0.00014079401444178075"
R04199,"1.17.1,0.9999436140060425;1.7.1,2.068338835670147e-05;1.17.98,8.115342097880784e-06;1.2.1,7.028623713267734e-06;1.4.1,3.900655883626314e-06"
R02396,"2.3.1,0.99989914894104;3.1.2,4.2384966945974156e-05;1.1.1,1.748901922837831e-05;3.1.1,1.6127150956890546e-05;1.14.13,1.3998489521327429e-05"
R08807,"2.3.1,0.9999983310699463;3.1.2,9.508038942840358e-07;3.1.1,4.1957895291488967e-07;4.2.1,2.228231039680395e-07;1.2.7,4.849272983165065e-08"
R02303,"2.3.1,0.13771121203899384;2.7.4,0.1075223982334137;2.4.1,0.07033617049455643;5.1.3,0.06864075362682343;2.7.8,0.04989010840654373"
R05409,"1.13.11,0.9999154806137085;6.2.1,4.879248081124388e-05;1.14.12,1.779006743163336e-05;2.7.7,1.463847092963988e-05;1.14.99,1.0350509001000319e-06"
R04108,"2.4.1,0.9999653100967407;2.7.7,2.0607227270375006e-05;3.2.1,6.967569333937718e-06;3.1.1,2.8629146981984377e-06;2.7.8,7.576996381430945e-07"
R10539,"1.14.11,0.9967619180679321;1.14.20,0.0029732463881373405;1.4.11,0.0001882012002170086;1.1.5,1.61281022883486e-05;1.2.4,9.894611139316112e-06"
R01218,"1.5.1,0.9956448078155518;3.5.4,0.0021122058387845755;6.3.3,0.0005721060442738235;1.8.1,0.0003073831903748214;1.5.99,0.0002626776695251465"
R11791,"3.2.1,0.9999372959136963;2.4.1,4.389239984448068e-05;3.2.2,3.6063004245079355e-06;3.6.1,2.8570141239470104e-06;5.1.3,2.8480806122388458e-06"
R09689,"5.4.99,0.9999979734420776;5.4.1,2.0290774500608677e-06;5.4.4,3.1246352172331626e-09;5.-.-,3.8773159682925495e-10;5.5.1,7.173913546543176e-11"
R01877,"3.1.3,0.669396698474884;3.1.4,0.23327648639678955;3.6.1,0.08342061191797256;3.6.2,0.003350780578330159;2.7.3,0.0024045947939157486"
R10039,"3.2.1,0.9999599456787109;2.4.1,9.529738235869445e-06;3.4.13,7.1615872911934275e-06;4.1.2,5.507752121047815e-06;2.3.1,2.745622168731643e-06"
R10834,"2.4.1,0.9995697140693665;3.2.1,0.00040758270188234746;5.1.3,1.1021327736671083e-05;2.7.7,1.0130534974450711e-05;2.4.2,9.19478509331384e-07"
R05304,"5.4.2,0.7947638630867004;2.7.1,0.0988226979970932;1.6.2,0.021750522777438164;2.3.1,0.010072034783661366;5.1.3,0.008968579582870007"
R10268,"4.2.1,0.9999933242797852;2.3.1,3.876935807056725e-06;5.4.4,6.359999247251835e-07;1.14.14,2.3278280991689826e-07;1.-.-,2.1579457154530246e-07"
R12881,"2.5.1,0.9182366728782654;1.14.14,0.052134834229946136;5.3.3,0.019542790949344635;5.3.99,0.004318417049944401;2.7.1,0.001084946095943451"
R08572,"2.7.4,0.5128358602523804;2.7.1,0.4819701313972473;2.1.1,0.0016623219707980752;6.2.1,0.0013565606204792857;2.7.2,0.000648972752969712"
R07255,"2.3.1,0.7730584740638733;1.14.13,0.22294890880584717;1.-.-,0.0027396546211093664;4.2.1,0.0007666719611734152;4.3.3,0.000387217674870044"
R02395,"1.1.1,0.9990584254264832;2.3.1,0.0009087707148864865;1.-.-,1.2649355085159186e-05;1.14.13,1.1172985978191718e-05;1.14.11,3.9108149394451175e-06"
R08146,"1.2.1,0.9974527955055237;1.1.1,0.0023312843404710293;1.5.1,6.227166159078479e-05;1.2.3,5.945296288700774e-05;1.3.1,3.851857763947919e-05"
R07625,"1.-.-,0.789663553237915;2.1.1,0.10052274167537689;2.3.1,0.09230645000934601;2.5.1,0.007917569018900394;1.14.14,0.004807912278920412"
R09306,"1.1.1,0.9995903372764587;1.14.13,0.00016948750999290496;1.3.1,0.00010862873023143038;1.1.-,6.561257760040462e-05;1.-.-,3.410613498999737e-05"
R12458,"2.1.1,1.0;2.3.1,2.9265091683328137e-08;2.5.1,3.995220154706658e-09;1.3.-,3.2946942951639357e-09;4.1.1,1.9445798304928985e-09"
R03183,"1.1.1,0.9989892840385437;1.3.1,0.0006051359814591706;1.2.1,0.0001398877357132733;1.-.-,6.237400521058589e-05;1.8.1,3.2210678909905255e-05"
R01016,"4.2.3,0.9672734141349792;4.1.2,0.031131496652960777;3.1.3,0.0008591960067860782;1.1.1,0.0001599186798557639;2.5.1,0.00013856659643352032"
R07300,"3.5.1,0.9282596111297607;3.1.1,0.06888900697231293;3.1.2,0.0011043320409953594;4.2.1,0.0006159581243991852;2.3.1,0.00025259432732127607"
R12405,"1.1.1,0.9996808767318726;1.14.-,0.00018735561752691865;1.3.1,6.956290599191561e-05;1.14.13,2.6929967134492472e-05;1.-.-,9.268210305890534e-06"
R10867,"3.2.1,0.9998250603675842;3.7.1,0.00012952263932675123;2.4.1,3.4377440897515044e-05;4.2.1,2.5301590085291537e-06;5.3.1,2.2396500298782485e-06"
R08006,"2.4.1,0.9999890327453613;3.2.1,7.875782102928497e-06;2.7.7,1.6750350368965883e-06;2.4.2,5.144179340277333e-07;5.1.3,2.776693861505919e-07"
R02136,"2.7.1,0.9167584180831909;4.6.1,0.06497018784284592;1.1.1,0.01787904091179371;1.1.99,0.00025490656844340265;5.1.3,3.7622001400450245e-05"
R00686,"3.4.17,0.6003260612487793;5.1.1,0.3689855933189392;3.4.11,0.01054998580366373;3.4.16,0.007980463095009327;3.4.13,0.005770031362771988"
R08654,"4.4.1,0.9857347011566162;4.1.99,0.007076449226588011;4.3.1,0.005996793508529663;2.5.1,0.00039193552220240235;1.14.-,0.00012953381519764662"
R06586,"2.6.1,0.9352604150772095;1.1.99,0.019160041585564613;4.3.1,0.015372528694570065;2.4.1,0.011152848601341248;1.4.1,0.005063146818429232"
R05645,"5.3.1,0.9999980926513672;1.1.3,7.430028290400514e-07;2.4.1,2.621881378672697e-07;5.1.3,2.2376769948095898e-07;2.7.1,1.2065078180967248e-07"
R06951,"5.3.99,0.9999654293060303;4.2.1,8.888418960850686e-06;5.99.1,8.103384971036576e-06;5.1.3,2.803185907396255e-06;2.3.1,2.378211547693354e-06"
R01813,"1.1.1,0.9999995231628418;1.1.-,8.270294671319789e-08;1.1.5,7.046688210721186e-08;1.1.2,5.380064749260782e-08;1.14.13,4.8138364405758693e-08"
R03429,"2.7.1,0.9999059438705444;2.7.4,4.368315057945438e-05;4.6.1,2.808832323353272e-05;3.1.3,7.124756393750431e-06;2.3.1,5.444453563541174e-06"
R09218,"1.6.5,0.4271087050437927;1.13.11,0.2185150533914566;1.1.-,0.07432873547077179;1.14.-,0.052209220826625824;2.7.8,0.05010569840669632"
R09581,"1.14.13,0.560969889163971;1.14.14,0.4343554377555847;1.13.12,0.0016075818566605449;1.7.3,0.0013441953342407942;4.99.1,0.0004271988582331687"
R09405,"1.14.14,0.9999034404754639;4.2.1,6.957992445677519e-05;1.14.13,1.8810627807397395e-05;1.-.-,3.026001650141552e-06;2.5.1,1.6785343177616596e-06"
R01397,"2.1.3,0.9966123700141907;6.3.5,0.002844728296622634;6.3.4,0.00015845555753912777;2.4.2,0.0001186159424833022;2.7.3,8.68652350618504e-05"
R03718,"2.3.1,0.9920451641082764;3.1.2,0.004864566959440708;6.2.1,0.0025198704097419977;3.1.1,0.000149292332935147;6.3.2,0.0001424303336534649"
R01030,"3.1.4,0.9944342970848083;3.1.3,0.004308971110731363;3.6.1,0.0009819160914048553;2.7.8,0.00017309530812781304;3.2.1,2.5306671886937693e-05"
R10643,"2.8.3,0.987689733505249;6.3.2,0.0037530753761529922;1.3.99,0.002966948552057147;4.2.1,0.0018406379967927933;5.3.3,0.0014445383567363024"
R07954,"1.14.13,0.48722198605537415;1.13.12,0.42021551728248596;1.14.14,0.08586850017309189;1.3.98,0.002237207256257534;1.5.1,0.0012112257536500692"
R08627,"2.3.3,0.9919670224189758;4.1.3,0.0038534970954060555;4.2.1,0.0021613026037812233;2.3.1,0.0018161155749112368;3.1.2,0.00010933229350484908"
R09137,"1.3.1,0.9999659061431885;3.1.1,1.3949594176665414e-05;2.3.1,1.0078859304485377e-05;1.3.99,3.0318467452161713e-06;1.1.1,2.5687502329674317e-06"
R09889,"4.2.3,0.9902922511100769;5.5.1,0.009634952060878277;5.3.3,6.08126210863702e-05;3.1.7,4.724315658677369e-06;4.3.2,1.7959152955882018e-06"
R13444,"1.1.1,0.5101974606513977;1.3.1,0.4772973954677582;1.2.1,0.010548675432801247;1.6.5,0.0010706798639148474;1.5.1,0.00022456125589087605"
R06794,"2.1.1,1.0;1.-.-,7.515316147177487e-11;2.3.1,1.0455454210744897e-11;2.5.1,5.687720260050266e-12;6.3.2,1.874591627759603e-12"
R05507,"2.6.1,0.998997151851654;1.4.1,0.0008920409600250423;1.4.3,7.696921238675714e-05;4.1.1,1.769248592609074e-05;1.4.11,4.167671249888372e-06"
R06893,"3.1.1,0.8990350961685181;3.5.1,0.08142940700054169;3.2.1,0.007971156388521194;3.1.2,0.007589378394186497;4.2.1,0.0016128005227074027"
R02047,"1.1.1,0.997517466545105;1.2.1,0.001224036794155836;1.3.1,0.0008002594113349915;1.14.13,0.00010233760986011475;1.-.-,9.595647134119645e-05"
R10225,"1.23.1,0.4848889410495758;1.3.1,0.2785181403160095;1.1.1,0.19997912645339966;1.-.-,0.020026205107569695;1.18.1,0.008020896464586258"
R06028,"2.1.1,0.9568701386451721;2.5.1,0.04301841929554939;2.7.4,6.8656649091281e-05;2.7.7,3.0503795642289333e-05;3.8.1,3.817243850789964e-06"
R08229,"2.4.2,0.9999957084655762;3.2.2,3.70969837604207e-06;6.3.4,1.3232212836555846e-07;3.1.3,8.509662308142651e-08;2.7.8,7.972084858920425e-08"
R12364,"4.2.3,0.9941027760505676;4.2.1,0.005881444085389376;4.3.2,8.28714019007748e-06;4.1.99,1.4780575838813093e-06;5.4.4,1.1037396916435682e-06"
R05282,"1.1.1,0.9811286926269531;1.3.1,0.008926132693886757;1.2.1,0.00615688506513834;1.-.-,0.0032912997994571924;1.1.99,0.00011024058039765805"
R00301,"1.1.1,0.9997342228889465;1.1.99,0.000106121959106531;3.1.1,4.856463419855572e-05;1.3.1,4.059248021803796e-05;1.1.5,3.51948183379136e-05"
R07663,"1.14.99,0.7383431792259216;1.14.12,0.10699431598186493;1.13.11,0.09305815398693085;2.7.7,0.01458012592047453;1.1.3,0.010134811513125896"
R05500,"1.21.99,0.4241390526294708;1.97.1,0.2615393400192261;2.5.1,0.08687398582696915;1.21.1,0.02867618203163147;3.8.1,0.027392050251364708"
R00753,"2.3.1,0.42471709847450256;4.2.1,0.2424890547990799;1.1.1,0.17915712296962738;4.1.1,0.03859488666057587;1.14.13,0.027401745319366455"
R05368,"3.8.1,0.9847352504730225;1.1.1,0.009031173773109913;3.1.1,0.0023772709537297487;4.2.1,0.0016145050758495927;3.1.7,0.0014577521942555904"
R05595,"4.2.1,0.9461210370063782;2.3.1,0.050224751234054565;3.1.1,0.0015456080436706543;3.1.2,0.0013386752689257264;2.8.3,0.00027426384622231126"
R12269,"4.2.3,0.9989973902702332;5.5.1,0.0007303159218281507;5.3.3,0.00012331617472227663;4.3.2,2.505164775357116e-05;2.5.1,2.2131522200652398e-05"
R07144,"1.1.1,0.9999997615814209;1.-.-,9.707244430501305e-08;1.2.1,6.410922281929743e-08;5.1.3,1.3421040279126828e-08;1.1.-,1.2008557703779843e-08"
R01695,"1.1.3,0.9652207493782043;1.1.99,0.0341946966946125;5.3.1,0.0003269755397923291;4.2.2,0.00017486891010776162;2.2.1,4.401546175358817e-05"
R06789,"3.7.1,0.9990481734275818;5.2.1,0.000664068094920367;4.2.1,6.264571857172996e-05;3.4.17,4.777001595357433e-05;1.14.19,4.61001654912252e-05"
R01406,"6.2.1,0.9940565824508667;3.1.2,0.005682905670255423;2.3.1,0.00025185258709825575;2.7.2,4.955983058607671e-06;2.1.1,1.7342240425932687e-06"
R05452,"6.2.1,0.9856202602386475;2.3.1,0.007230928633362055;3.1.2,0.005078712943941355;2.7.2,0.0010504156816750765;1.13.12,0.00031367994961328804"
R07923,"2.4.1,0.8474921584129333;2.7.7,0.15069980919361115;6.2.1,0.0007174578495323658;2.7.1,0.00020286273502279073;2.3.1,0.00020242173923179507"
R06367,"3.1.2,0.7509868741035461;6.2.1,0.12288271635770798;1.2.1,0.10320393741130829;2.3.3,0.006605791859328747;2.3.1,0.004170231521129608"
R11532,"3.5.99,0.9774781465530396;3.5.4,0.007966432720422745;3.5.1,0.0037776606623083353;1.5.99,0.0032655533868819475;4.3.1,0.0024312250316143036"
R03429,"2.7.1,0.9999059438705444;2.7.4,4.368315057945438e-05;4.6.1,2.808832323353272e-05;3.1.3,7.124756393750431e-06;2.3.1,5.444453563541174e-06"
R06523,"4.2.3,0.8003353476524353;5.5.1,0.19955921173095703;4.3.2,5.896767834201455e-05;3.1.7,3.5601031413534656e-05;5.4.99,3.4654942737688543e-06"
R11526,"1.14.13,0.9999282360076904;1.14.-,1.8950027879327536e-05;1.14.14,1.5078439901117235e-05;1.14.15,1.2257797607162502e-05;1.6.99,4.816381988348439e-06"
R02319,"3.6.1,0.8364036083221436;3.1.3,0.05007956176996231;3.6.4,0.03177787736058235;3.1.4,0.025153227150440216;2.7.3,0.015497368760406971"
R07942,"1.17.3,0.9992105960845947;1.2.3,0.00023394598974846303;3.5.4,0.00013567545101977885;1.7.3,0.00010874333383981138;1.14.18,8.722535858396441e-05"
R02657,"1.2.3,0.9518852829933167;1.17.3,0.023227600380778313;1.1.3,0.013401170261204243;1.2.1,0.008984309621155262;4.1.1,0.0008112476207315922"
R03828,"2.3.1,0.13771121203899384;2.7.4,0.1075223982334137;2.4.1,0.07033617049455643;5.1.3,0.06864075362682343;2.7.8,0.04989010840654373"
R01155,"2.6.1,0.9871302247047424;1.4.1,0.012494570575654507;1.2.-,0.00017795611347537488;4.1.2,3.649638165370561e-05;4.1.1,3.14368044200819e-05"
R03383,"6.2.1,0.7345530986785889;2.3.1,0.20159411430358887;2.1.1,0.03971003741025925;1.2.1,0.011595486663281918;2.7.4,0.0034962797071784735"
R00418,"5.1.3,0.9516034722328186;2.3.1,0.04145459830760956;2.7.8,0.0031885728240013123;2.7.7,0.0013321568258106709;2.4.2,0.0005494067445397377"
R06985,"1.3.1,0.8224248886108398;2.3.1,0.17559383809566498;1.3.99,0.0013629280729219317;1.3.3,0.00029538702801801264;1.1.1,0.00010168324661208317"
R05446,"1.14.14,0.9853909015655518;1.14.13,0.011746183037757874;1.14.18,0.002119651762768626;1.10.3,0.0003929979866370559;1.3.3,5.856029747519642e-05"
R03574,"2.4.1,0.9999890327453613;3.2.1,7.875782102928497e-06;2.7.7,1.6750350368965883e-06;2.4.2,5.144179340277333e-07;5.1.3,2.776693861505919e-07"
R04429,"1.3.1,0.9791958332061768;2.3.1,0.019789278507232666;1.1.1,0.0004943346721120179;1.3.99,0.0002307019749423489;1.18.1,6.023911191732623e-05"
R00998,"2.3.3,0.9998283386230469;4.2.1,8.399900980293751e-05;2.3.1,4.896409882348962e-05;3.1.2,1.9147299099131487e-05;4.1.3,6.197092716320185e-06"
R02727,"2.4.1,0.9999399185180664;2.7.1,5.001026875106618e-05;3.1.3,5.230797341937432e-06;2.4.2,3.6185988392389845e-06;5.4.99,2.777015595256671e-07"
R11710,"1.3.98,0.6285653710365295;4.3.3,0.21713711321353912;4.1.99,0.032089173793792725;4.4.1,0.019646339118480682;2.1.1,0.01870107091963291"
R01445,"5.1.3,0.984635591506958;3.2.1,0.011014866642653942;5.3.1,0.003272421658039093;2.4.1,0.0004991909954696894;2.7.1,0.0003056812274735421"
R10814,"3.6.1,0.8364036083221436;3.1.3,0.05007956176996231;3.6.4,0.03177787736058235;3.1.4,0.025153227150440216;2.7.3,0.015497368760406971"
R03028,"4.1.1,0.38938426971435547;1.14.19,0.13971741497516632;1.3.1,0.10721908509731293;1.3.3,0.09084317833185196;1.3.99,0.08650429546833038"
R09655,"5.2.1,0.690041184425354;5.3.3,0.036812443286180496;2.3.1,0.03544624149799347;5.1.3,0.026712603867053986;2.7.4,0.024793224409222603"
R01268,"3.5.1,0.9999781847000122;3.5.5,1.3290992683323566e-05;3.5.3,2.947482926174416e-06;6.3.1,9.129065574597917e-07;3.4.19,8.719975426174642e-07"
R00182,"3.2.2,0.9997552037239075;2.4.2,0.00024245455279015005;3.5.1,7.166423188209592e-07;3.1.1,6.71824977871438e-07;2.3.1,2.1835458596797253e-07"
R11828,"4.2.3,0.9986982345581055;4.3.2,0.0006128816166892648;5.5.1,0.000511964550241828;1.14.13,6.2317427364178e-05;4.1.99,5.2818457334069535e-05"
R09989,"1.1.1,0.9998661279678345;2.7.1,4.7187462769215927e-05;1.11.1,3.783961074077524e-05;1.8.1,1.4251860193326138e-05;1.14.13,8.597336091042962e-06"
R03712,"1.14.13,0.9988285899162292;1.14.12,0.0007301263394765556;1.14.18,0.0003119977773167193;1.14.16,4.630194234778173e-05;1.14.14,3.880618169205263e-05"
R03021,"1.1.1,0.5872113704681396;1.1.99,0.41157466173171997;1.1.5,0.00038460252108052373;1.8.1,0.00010879449109779671;1.1.2,9.584402141626924e-05"
R00160,"3.6.1,0.9358121752738953;3.1.4,0.035271234810352325;3.-.-,0.009909307584166527;3.2.1,0.006021079141646624;3.1.3,0.0059103392995893955"
R05406,"1.13.11,0.9997721314430237;1.14.-,0.00014460219244938344;1.14.99,3.1301897251978517e-05;1.1.99,1.5188013094302732e-05;1.14.14,1.3908703294873703e-05"
R09767,"2.7.1,0.9856313467025757;2.7.4,0.00634155236184597;2.1.1,0.0026234928518533707;2.7.2,0.0018127253279089928;2.7.7,0.0008565117605030537"
R11857,"4.2.3,0.999657392501831;2.8.5,0.00013682068674825132;5.5.1,9.031150693772361e-05;3.1.7,3.0330496883834712e-05;5.4.4,1.4437360732699744e-05"
R11871,"5.5.1,0.9996351003646851;5.4.99,0.00019723713921848685;4.2.1,5.491355841513723e-05;1.-.-,1.9559689462766983e-05;5.3.3,1.7833364836405963e-05"
R04137,"4.2.1,0.9999159574508667;5.4.4,5.843013059347868e-05;1.-.-,1.2247456652403343e-05;5.5.1,3.052642114198534e-06;4.3.-,2.2847777927381685e-06"
R03316,"1.11.1,0.8758358955383301;1.1.1,0.05173677206039429;1.97.1,0.0377529002726078;1.11.2,0.01564456894993782;1.8.1,0.007703085895627737"
R02436,"3.2.1,0.999821126461029;2.4.1,0.0001608598104212433;3.1.1,9.156486157735344e-06;3.5.1,2.8690776616713265e-06;3.4.11,1.4266986454458674e-06"
R11860,"4.2.3,0.947442352771759;2.5.1,0.045419540256261826;5.5.1,0.0038091526366770267;5.3.3,0.0014752703718841076;4.3.2,0.0005631871754303575"
R13033,"1.1.3,0.6766679883003235;2.4.1,0.280174195766449;1.8.3,0.01624801568686962;1.1.5,0.00941746961325407;1.1.99,0.003062905976548791"
R06150,"1.14.13,0.5009332299232483;1.14.-,0.19029118120670319;1.-.-,0.18895062804222107;1.14.15,0.03890962526202202;1.1.3,0.02053982764482498"
R12046,"2.4.2,0.5874798893928528;2.3.1,0.41136956214904785;2.4.1,0.0009525127243250608;2.7.8,6.980175385251641e-05;1.1.1,5.04450399603229e-05"
R12686,"3.5.1,0.298260360956192;1.4.3,0.2458939105272293;3.5.4,0.2378651201725006;3.5.99,0.10333319753408432;2.4.2,0.022747790440917015"
R00478,"4.1.2,0.706833004951477;4.1.3,0.20159903168678284;2.6.1,0.08176514506340027;2.3.1,0.00948385987430811;4.1.1,0.00015036552213132381"
R12930,"2.1.1,0.9986724853515625;2.3.1,0.0010014912113547325;1.14.99,0.0002883188717532903;1.14.13,2.3011056327959523e-05;2.7.8,1.0277704859618098e-05"
R05148,"1.14.12,0.8859030604362488;1.3.1,0.11160220205783844;1.14.13,0.0010537533089518547;1.3.3,0.0005032584303990006;1.18.1,0.00034209221485070884"
R07930,"2.3.1,0.9998350143432617;3.1.2,0.00012522908218670636;3.1.1,2.1850264602107927e-05;6.2.1,1.2366480405034963e-05;1.2.1,4.059004822920542e-06"
R10293,"2.4.1,1.0;2.7.8,3.352393562749967e-08;3.1.1,2.0212652884765703e-08;2.7.7,1.7146405184575997e-08;2.7.1,1.0470476929924644e-08"
R10608,"2.4.2,0.8717679381370544;2.3.1,0.0668870210647583;1.1.1,0.01788131520152092;3.5.1,0.012947852723300457;1.14.13,0.007986444048583508"
R00895,"2.6.1,0.9976356029510498;2.8.1,0.0017338241450488567;1.1.1,0.00021084764739498496;1.4.1,0.00019151669403072447;5.3.3,7.936907786643133e-05"
R06478,"2.1.1,1.0;2.3.1,7.514649167685017e-13;3.3.1,1.4442429457223183e-13;2.5.1,1.3470557406070754e-13;6.3.2,1.1102325791568016e-13"
R00274,"1.11.1,0.9981537461280823;5.3.4,0.0008574898238293827;1.8.3,0.00040789711056277156;1.8.1,0.00033271312713623047;1.11.2,0.00010329426731914282"
R10692,"1.14.13,0.9999082088470459;4.2.3,4.745047044707462e-05;1.14.14,2.8110549465054646e-05;1.6.5,5.637733920593746e-06;1.14.15,3.7449897263286402e-06"
R09838,"1.-.-,0.9990978240966797;5.3.3,0.0003596036694943905;1.14.12,0.00032673784880898893;1.1.1,8.724363578949124e-05;1.14.13,8.59995634527877e-05"
R13388,"1.8.99,0.7832130193710327;3.1.4,0.07850948721170425;3.13.1,0.016728529706597328;3.1.1,0.014921540394425392;3.4.11,0.01264165248721838"
R02768,"2.3.1,0.9901649355888367;3.1.2,0.008596894331276417;3.1.1,0.0010791898239403963;6.2.1,0.00010338639549445361;1.2.7,3.2723120966693386e-05"
R07627,"3.3.2,0.9986388087272644;3.4.11,0.0006752847111783922;1.11.2,0.00015596514276694506;3.1.2,0.00014045774878468364;4.2.1,0.0001116421990445815"
R00827,"2.1.1,1.0;2.3.1,1.3591300827842101e-11;1.-.-,7.763597056897886e-12;6.3.2,4.1788582143265085e-12;2.5.1,3.1517937131714246e-12"
R05071,"1.1.1,0.9863983988761902;2.2.1,0.0067403074353933334;2.3.1,0.0014511081390082836;5.4.99,0.0011251326650381088;1.1.2,0.0008307403768412769"
R10388,"1.7.3,0.9086998105049133;1.7.99,0.02798103541135788;1.7.1,0.022261586040258408;1.7.2,0.013388113118708134;1.7.5,0.012326288037002087"
R05571,"1.1.1,0.9999294281005859;5.1.3,2.1760741219623014e-05;1.1.99,1.416856230207486e-05;1.-.-,1.004970727080945e-05;4.1.2,7.958393325679936e-06"
R01550,"1.1.1,0.9995169639587402;1.14.13,0.0002368345158174634;1.3.1,0.00011509547766763717;1.1.5,4.620130130206235e-05;1.2.1,2.3070302631822415e-05"
R10149,"1.8.5,0.8834009170532227;1.8.1,0.04452025517821312;1.6.5,0.016203787177801132;1.1.99,0.014180176891386509;1.8.3,0.0111437002196908"
R11878,"4.1.2,0.542952299118042;1.8.3,0.10512108355760574;4.2.1,0.09255464375019073;1.1.1,0.040934912860393524;2.9.1,0.028006233274936676"
R09791,"2.1.1,1.0;1.-.-,2.770995455661507e-12;2.3.1,4.789044594916136e-13;2.5.1,1.344427227965156e-13;3.3.1,5.75436440576442e-14"
R07903,"2.3.1,0.9864967465400696;2.4.2,0.01233240868896246;1.1.1,0.0005599986761808395;5.4.1,0.00012320076348260045;5.1.3,0.00011802135122707114"
R11260,"2.4.1,0.9998074173927307;3.2.1,0.00012958113802596927;5.4.99,4.202729542157613e-05;2.4.2,1.4461039427260403e-05;2.3.1,2.424873173367814e-06"
R00815,"1.14.13,0.9087983965873718;1.14.14,0.06241164728999138;1.14.18,0.005094198510050774;1.14.12,0.004416684154421091;1.3.98,0.00401810510084033"
R02776,"1.1.1,0.999315619468689;1.3.1,0.00019247290038038045;1.8.1,0.00016594890621490777;2.3.1,0.00011667126091197133;1.14.13,5.180772495805286e-05"
R11855,"4.2.3,0.48853492736816406;3.1.7,0.45910724997520447;5.3.3,0.03867661580443382;2.5.1,0.0059242104180157185;5.5.1,0.004924993962049484"
R12447,"2.1.1,1.0;2.3.1,2.121019560073073e-13;2.5.1,2.7133777199379004e-14;4.1.1,1.5666040377925947e-14;6.3.2,9.561638251455971e-15"
R10220,"2.4.2,0.7567676305770874;2.4.99,0.23691336810588837;4.3.2,0.005324662197381258;2.1.1,0.0007309609209187329;2.3.2,0.00010816886060638353"
R10441,"2.7.8,0.962308406829834;3.1.3,0.033796392381191254;3.1.4,0.002437413902953267;2.7.99,0.0005695303552784026;3.6.1,0.0003205336397513747"
R04425,"4.2.1,0.9964840412139893;3.2.1,0.0012913052923977375;5.4.4,0.0005222242907620966;3.1.3,0.0003767252783291042;2.3.3,0.0003753023920580745"
R06250,"1.1.1,0.9666216969490051;1.-.-,0.028483757749199867;1.1.99,0.0014655394479632378;1.1.3,0.001221494865603745;1.1.5,0.0005528654437512159"
R03378,"2.7.1,0.7965999841690063;1.14.13,0.06683045625686646;2.1.1,0.05578828603029251;2.7.4,0.04614607244729996;2.4.2,0.012467438355088234"
R08762,"1.10.3,0.9998465776443481;1.14.18,3.790258051594719e-05;1.13.11,3.48414178006351e-05;1.9.3,2.1522282622754574e-05;1.13.12,1.5149808859860059e-05"
R10192,"1.13.11,0.9525607228279114;1.14.99,0.03801194578409195;1.14.14,0.0034348086919635534;1.13.12,0.0022448638919740915;1.14.19,0.0016310004284605384"
R03703,"3.2.1,0.9999785423278809;2.4.1,1.8745760826277547e-05;5.1.3,1.2701766536338255e-06;3.1.1,3.7744203496004047e-07;3.7.1,3.137794521990145e-07"
R07478,"2.5.1,0.9316895008087158;1.14.13,0.0218633022159338;3.5.1,0.013520889915525913;1.14.14,0.007356506306678057;1.5.1,0.006730110850185156"
R12798,"3.1.6,0.9967909455299377;4.2.1,0.002239057794213295;5.5.1,0.00021549889061134309;1.-.-,0.00013136750203557312;3.10.1,0.00011098964023403823"
R01274,"3.1.2,0.9574896693229675;3.1.1,0.016434019431471825;2.3.1,0.010376030579209328;1.2.1,0.005117138382047415;1.2.3,0.0035724169574677944"
R05700,"1.2.1,0.9996395111083984;1.1.1,0.0002449447347316891;1.11.1,6.309452874120325e-05;1.2.3,2.4646347810630687e-05;1.5.1,1.4012991414347198e-05"
R00375,"2.7.1,0.44001704454421997;2.4.2,0.3056953549385071;2.6.99,0.11411872506141663;2.7.4,0.07796453684568405;2.1.1,0.030649036169052124"
R08514,"2.7.7,0.9176841974258423;2.1.1,0.07848953455686569;2.7.1,0.002592965727671981;2.4.1,0.00046680038212798536;5.1.3,0.0003428608470130712"
R11284,"1.1.3,0.9993807077407837;1.8.3,0.000303876877296716;1.1.99,0.0001426489179721102;2.6.1,8.894033817341551e-05;1.21.3,1.4886729331919923e-05"
R00488,"3.5.1,0.9988920092582703;3.1.1,0.0006488236249424517;2.3.1,0.0001725492620607838;4.2.1,0.0001519175129942596;3.4.11,3.3450647606514394e-05"
R08523,"1.11.1,0.6040650606155396;1.14.14,0.10653335601091385;1.4.3,0.07063135504722595;4.3.3,0.048072025179862976;1.14.18,0.03983621671795845"
R07921,"2.1.1,1.0;2.3.1,2.8742604740727984e-08;2.5.1,5.49333867283508e-09;2.6.1,3.2165379248993986e-09;4.3.3,1.5270140707457358e-09"
R01666,"2.7.1,0.995013415813446;2.7.2,0.001732019823975861;3.1.3,0.0011101964628323913;3.6.1,0.0005427378346212208;2.1.1,0.00046657733037136495"
R13232,"4.2.3,0.9734438061714172;3.1.7,0.024659231305122375;5.3.3,0.000891519186552614;2.5.1,0.0005162621382623911;5.5.1,0.0003844313614536077"
R10742,"1.14.20,0.9999130964279175;1.14.11,3.977075539296493e-05;1.17.2,1.5419009287143126e-05;1.14.3,8.3240347521496e-06;1.9.3,4.7755111154401675e-06"
R11289,"2.4.2,0.9925068020820618;2.3.1,0.003520517610013485;2.7.7,0.0024447012692689896;2.7.6,0.0005847142892889678;5.1.3,0.00031556657631881535"
R11545,"2.1.1,1.0;2.3.1,3.4930309755765165e-09;2.5.1,4.1757153290689075e-10;4.3.3,3.068795495497767e-10;1.-.-,2.753816619183169e-10"
R01750,"1.1.1,0.9995700716972351;4.1.1,0.00014496257063001394;1.17.1,6.749459134880453e-05;1.1.5,4.276222534826957e-05;2.2.1,3.63925464625936e-05"
R11344,"4.2.1,0.5854052901268005;2.1.1,0.35545825958251953;2.5.1,0.022196486592292786;5.3.99,0.020804613828659058;4.1.2,0.004273890983313322"
R05115,"3.2.1,0.9425079226493835;3.1.3,0.030809814110398293;2.5.1,0.009770644828677177;3.4.11,0.0027343647088855505;3.1.1,0.0026805989909917116"
R00066,"2.5.1,0.9999983310699463;2.3.1,8.888333695722395e-07;6.3.2,3.300843900433392e-07;1.1.1,2.8192445711283654e-07;5.3.3,9.392039146405295e-08"
R01238,"4.1.1,0.9985626339912415;1.2.3,0.0006819174159318209;1.1.1,9.4739836640656e-05;2.7.1,8.459041418973356e-05;2.8.3,8.233896369347349e-05"
R04813,"4.2.1,0.9999415874481201;2.3.1,2.985428727697581e-05;3.1.1,5.514472832146566e-06;3.7.1,4.548904598777881e-06;3.1.2,3.041984882656834e-06"
R02276,"3.5.1,0.9996461868286133;3.1.1,0.00012244275421835482;4.2.1,9.822005085879937e-05;2.3.1,7.718656706856564e-05;3.1.2,1.7071242837118916e-05"
R02362,"3.1.1,0.9997650980949402;2.3.1,0.00014464971900451928;3.2.1,3.2198269764194265e-05;3.5.1,2.6223437089356594e-05;5.4.99,2.3333328499575146e-05"
R05569,"3.5.4,0.9085769057273865;4.2.1,0.04079236835241318;4.3.1,0.014112801291048527;2.5.1,0.013383193872869015;3.8.1,0.010896331630647182"
R11038,"2.6.1,0.999813973903656;1.1.2,7.102017116267234e-05;5.3.1,4.6232838940341026e-05;1.4.11,2.4020533601287752e-05;1.1.99,1.7921076505444944e-05"
R01649,"3.5.1,0.9981663823127747;1.14.13,0.00039959981222637;4.1.99,0.000285239249933511;1.5.1,0.00025969691341742873;1.13.12,0.00011688881932059303"
R09387,"3.3.2,0.9993302822113037;3.1.1,0.0002996731491293758;1.14.13,0.0001838929601944983;3.4.11,0.00016431415861006826;3.1.-,3.476829078863375e-06"
R10496,"6.3.4,0.9921693205833435;3.5.4,0.007688027806580067;3.6.1,9.76392111624591e-05;2.4.2,1.9259940017946064e-05;3.-.-,7.576479220006149e-06"
R07902,"3.1.2,0.45498567819595337;2.3.1,0.41619014739990234;3.1.1,0.09361952543258667;2.3.3,0.011247431859374046;3.2.1,0.007994016632437706"
R12684,"1.4.3,0.9397236108779907;3.5.4,0.03577033057808876;1.11.1,0.0070616211742162704;4.3.1,0.003589494153857231;1.7.3,0.00225437106564641"
R10598,"4.2.3,0.9986571073532104;5.5.1,0.0012347449082881212;3.1.7,0.00010169940651394427;2.5.1,4.279022505215835e-06;5.3.3,1.114899646381673e-06"
R07191,"1.14.13,0.9988242983818054;1.14.14,0.0005061613628640771;1.14.15,0.0002110197820002213;1.14.-,0.00018809358880389482;1.14.12,0.00013896649761591107"
R04368,"2.1.1,0.9998453855514526;2.7.1,0.0001527354324935004;1.14.19,8.511130431543279e-07;2.7.2,3.2540899042032834e-07;2.3.1,1.544217127502634e-07"
R10341,"2.5.1,0.9897080659866333;2.3.1,0.0017363307997584343;2.4.1,0.001680124900303781;1.8.4,0.0013824363704770803;5.3.3,0.0007677254034206271"
R04356,"2.3.1,1.0;6.2.1,2.9159339831608122e-08;3.1.1,4.846615553333322e-09;2.1.1,1.5924322971372362e-09;3.1.2,6.353860770857978e-10"
R01730,"1.3.1,0.9999436140060425;1.1.1,4.273893864592537e-05;5.4.99,4.731127773993649e-06;4.2.1,4.432812602317426e-06;1.3.99,1.869482275651535e-06"
R02929,"6.3.4,0.9867656230926514;6.3.1,0.010035904124379158;6.3.5,0.0015114237321540713;6.4.1,0.0010940070496872067;2.7.3,0.0002698437310755253"
R04388,"2.7.3,0.9999873638153076;3.5.1,3.5968944303022e-06;3.9.1,2.1466325961227994e-06;6.3.1,1.451982939215668e-06;3.-.-,1.3455373846227303e-06"
R00200,"2.7.1,0.8019716143608093;2.7.9,0.19148798286914825;4.1.1,0.0049536884762346745;2.5.1,0.0007555328193120658;2.7.4,0.0002942878345493227"
R08514,"2.7.7,0.9176841974258423;2.1.1,0.07848953455686569;2.7.1,0.002592965727671981;2.4.1,0.00046680038212798536;5.1.3,0.0003428608470130712"
R11488,"2.1.1,0.9996358156204224;4.2.1,0.00031110228155739605;2.5.1,2.7897334803128615e-05;5.3.99,1.97919289348647e-05;2.1.2,1.7236036455869908e-06"
R02821,"2.1.1,0.9999661445617676;2.3.1,3.0936673283576965e-05;2.5.1,1.388952114211861e-06;1.14.13,2.7558266424421163e-07;1.4.1,1.880789568531327e-07"
R11947,"3.1.2,0.6441830992698669;1.8.1,0.16031162440776825;3.1.1,0.08254244923591614;1.8.3,0.05463480204343796;2.8.1,0.027569161728024483"
R01869,"1.3.1,0.8030096292495728;1.1.1,0.08275763690471649;1.5.1,0.051723938435316086;1.2.1,0.01715501770377159;1.3.98,0.01115003414452076"
R07477,"2.5.1,0.9995777010917664;1.3.1,0.00022663561685476452;1.14.13,6.76522176945582e-05;1.5.1,6.329111783998087e-05;4.2.99,4.3065407226094976e-05"
R12757,"4.1.1,0.9301350712776184;2.7.8,0.06094430387020111;4.3.1,0.008546965196728706;2.7.-,0.00012370891636237502;4.1.99,3.0186896765371785e-05"
R09985,"1.1.1,0.9999886751174927;1.-.-,4.46620515504037e-06;1.14.13,2.4919888801377965e-06;1.3.1,1.2813842431569356e-06;1.2.1,8.539669806850725e-07"
R09373,"2.6.1,0.9983854293823242;2.3.2,0.00037387447082437575;5.1.3,0.00029900288791395724;2.5.1,0.00012457877164706588;3.1.3,0.00010504449892323464"
R04058,"2.3.2,0.9052203297615051;3.5.1,0.02754552848637104;4.3.1,0.024948328733444214;3.4.19,0.014826693572103977;2.7.8,0.014811579138040543"
R03879,"1.1.1,0.9999357461929321;1.6.5,1.4450073649641126e-05;1.1.5,1.329243150394177e-05;1.-.-,1.0729128916864283e-05;1.17.1,5.961895112704951e-06"
R01317,"1.14.13,0.8720500469207764;2.3.1,0.09800519794225693;1.1.1,0.018601763993501663;1.14.99,0.0045425924472510815;1.14.14,0.004044382367283106"
R08092,"1.3.99,0.7536441683769226;1.3.8,0.19221948087215424;1.3.3,0.030939538031816483;1.3.1,0.015903452411293983;5.3.3,0.00339002744294703"
R06916,"1.14.13,0.9995326995849609;1.14.14,0.00015270149742718786;1.1.1,7.350801752181724e-05;1.14.15,6.738768570357934e-05;1.-.-,5.8753044868353754e-05"
R06544,"2.3.1,0.9999526739120483;3.1.1,2.4180604668799788e-05;3.1.2,2.226753167633433e-05;1.2.1,4.1501877490190964e-07;1.3.1,1.6518133350018616e-07"
R07666,"1.2.1,0.9968921542167664;1.1.1,0.0015995773719623685;1.2.3,0.001412539160810411;1.17.1,2.5112474759225734e-05;1.5.1,1.5089306543814018e-05"
R00629,"2.8.2,0.9999358654022217;2.5.1,2.801511436700821e-05;2.7.7,1.873014662123751e-05;2.3.1,6.797150490456261e-06;3.1.1,6.3169377426675055e-06"
R03274,"2.7.1,0.812363862991333;3.1.3,0.11025133728981018;2.7.11,0.04995720461010933;3.1.4,0.011682514101266861;3.6.1,0.00495277950540185"
R01491,"1.1.3,0.9952406883239746;1.1.99,0.0031089794356375933;1.11.1,0.00074052280979231;1.8.3,0.0003508439112920314;1.11.2,0.00019077217439189553"
R12938,"5.4.99,0.6641098856925964;5.4.4,0.11962045729160309;5.2.1,0.05806437507271767;5.5.1,0.030307702720165253;5.3.3,0.029002895578742027"
R10326,"1.3.1,0.9979966282844543;2.3.1,0.0014151496579870582;1.3.-,0.0002561536093708128;1.1.1,0.00016965552640613168;1.3.7,7.054772868286818e-05"
R05466,"1.14.11,0.9932478666305542;4.1.1,0.002154205460101366;1.14.20,0.0020481469109654427;2.6.1,0.0020300927571952343;1.4.11,0.0003452410164754838"
R03077,"2.7.4,0.8986024260520935;2.4.2,0.04704217240214348;2.3.1,0.0294959619641304;2.1.1,0.014630545862019062;2.7.1,0.0044999392703175545"
