reaction_id,Prediction
10041,3.1.3
10105,1.14.11
10189,2.3.1
10193,7.4.2
10261,1.16.99
10269,4.1.3
10285,5.1.1
10349,7.4.2
10377,1.16.99
10469,4.1.3
10509,4.1.3
10553,1.1.3
10605,3.1.1
10613,2.4.2
10733,4.1.1
10765,1.14.20
10769,1.14.11
10805,5.1.1
10841,3.1.3
10937,2.8.2
10945,3.1.3
10953,2.3.1
11017,3.5.1
11025,2.7.11
11101,4.1.3
11133,1.3.1
11241,2.7.4
11349,7.4.2
11373,6.3.2
11381,1.14.11
11413,2.7.4
11465,1.8.1
11489,2.3.1
11509,1.14.11
11665,2.4.3
11701,1.14.13
11721,7.4.2
11725,2.8.2
11749,4.1.3
11765,3.5.1
11793,1.14.13
11897,1.1.1
11989,2.1.1
12025,2.3.1
12029,3.1.4
12105,2.1.1
12133,1.16.99
12133,1.16.99
12197,2.5.1
12241,2.3.1
12277,1.3.8
12333,1.16.99
12433,2.3.2
12437,2.3.1
12509,2.1.1
12525,1.5.1
12525,1.5.1
12606,4.1.1
12614,1.8.1
12626,2.3.1
12766,1.2.7
12822,4.1.2
12902,3.5.1
12934,4.1.2
12970,3.1.4
12998,2.3.1
13054,2.6.1
13110,1.2.1
13114,1.2.1
13178,4.1.3
13182,7.4.2
13202,2.3.2
13370,4.2.3
13390,1.3.8
13406,2.3.1
13418,1.3.1
13486,2.6.1
13598,3.5.4
13634,6.3.2
13662,3.5.1
13670,4.1.1
13674,2.7.7
13678,5.3.1
13706,2.4.1
13774,1.14.14
13810,2.5.1
13822,1.14.11
13854,6.3.2
13930,3.5.1
13950,1.16.1
13962,1.3.7
14026,3.5.4
14146,2.7.11
14154,2.4.1
14182,1.14.11
14198,6.3.2
14218,1.17.4
14222,3.1.6
14266,5.1.1
14334,2.4.1
14342,4.1.3
14446,3.1.1
14478,1.3.99
14526,1.3.99
14534,3.5.4
14546,3.5.1
14634,1.16.99
14634,1.16.99
14730,4.1.3
14734,1.16.99
14770,1.5.99
14850,3.5.1
14858,6.3.2
14886,3.2.2
14894,5.1.1
14926,1.1.1
14930,1.1.1
14930,1.1.1
14982,1.1.1
14982,1.1.1
15006,1.14.11
15030,1.1.1
15070,3.1.1
15094,2.6.1
15094,2.6.1
15122,2.1.1
15190,1.2.7
15238,1.16.1
15258,4.1.2
15266,3.1.3
15274,2.6.1
15430,2.1.1
15482,2.1.2
15558,1.16.99
15590,2.6.1
15614,1.3.1
15806,6.3.2
15810,4.2.3
15854,1.1.1
15858,1.3.1
15862,3.1.3
15902,5.3.1
15902,5.3.1
15906,1.1.99
15910,1.14.11
15914,2.7.4
15926,1.1.1
15930,3.5.1
15954,2.7.1
15966,3.1.1
15970,2.8.1
15974,2.8.2
16030,3.5.1
16046,2.4.1
16050,2.4.1
16062,3.1.4
16114,2.5.1
16122,3.5.1
16158,1.16.1
16162,1.16.1
16166,1.13.12
16170,6.3.2
16226,3.5.1
16290,1.1.1
16302,1.1.1
16302,1.1.1
16394,3.1.1
16494,3.1.1
16570,1.14.11
16582,1.7.2
16666,3.3.2
16710,1.14.16
16758,1.8.1
16778,1.16.99
16834,1.11.1
16894,2.1.1
16906,4.1.2
16962,2.6.1
16966,4.2.3
17014,2.7.1
17030,3.5.1
17054,2.7.1
17074,2.3.1
17090,4.1.3
17090,4.1.3
17114,3.6.1
17158,2.7.11
17210,3.5.1
17270,2.1.1
17306,3.5.1
17330,1.1.1
17366,1.16.99
17374,5.3.3
17554,2.7.1
17558,2.3.1
17574,2.1.1
17578,5.1.3
17610,2.6.1
17722,1.3.99
17766,5.3.1
17802,2.3.1
17882,3.1.6
17890,3.1.3
17910,4.1.1
17938,4.1.3
18038,3.5.1
18066,7.4.2
18078,2.4.2
18086,2.1.1
18090,3.5.1
18106,1.16.99
18242,5.4.99
18258,1.13.12
18334,2.7.1
18354,1.16.99
18422,2.3.1
18494,2.3.1
18498,5.3.1
18546,4.1.3
18590,2.7.7
18594,4.1.2
18598,1.16.1
18598,1.16.1
18638,1.16.1
18638,1.16.1
18654,3.5.1
18686,1.14.13
18806,2.8.1
18894,2.4.1
18930,1.14.99
18946,1.14.11
19034,5.3.1
19038,3.1.1
19042,1.14.14
19058,1.11.1
19118,1.14.99
19146,3.2.1
19150,2.4.2
19174,1.14.12
19178,5.1.1
19182,1.3.99
19202,2.7.1
19202,2.7.1
19218,5.4.99
19254,3.5.1
19270,6.2.1
19306,2.3.1
19386,2.4.1
19502,3.5.1
19502,3.5.1
19506,2.4.2
19534,3.5.1
19546,3.1.4
19598,3.5.1
19686,2.3.1
19690,4.1.2
19782,2.6.1
19994,1.17.4
19994,1.17.4
20034,5.1.1
20074,4.1.2
20150,1.14.14
20162,2.4.1
20218,4.1.2
20222,6.3.4
20242,2.1.1
20270,4.1.3
20310,1.1.3
20310,1.1.3
20338,3.1.6
20402,3.5.1
20506,2.6.1
20526,6.3.4
20538,3.1.2
20570,3.5.1
20610,4.1.3
20622,1.16.99
20662,3.4.17
20733,2.8.1
20741,3.3.2
20757,2.3.1
20785,3.2.2
20821,3.1.3
20933,4.1.2
20985,3.1.4
21001,1.3.99
21041,1.2.7
21061,2.3.1
21065,1.8.1
21097,4.2.1
21105,1.14.99
21133,1.4.3
21141,2.7.1
21149,2.4.1
21261,1.17.4
21273,6.3.2
21273,6.3.2
21353,1.13.11
21369,1.14.99
21389,3.5.1
21397,1.1.99
21457,1.14.19
21469,2.4.1
21505,4.1.1
21533,6.3.2
21561,2.1.1
21569,3.2.1
21609,2.1.1
21617,2.4.3
21633,1.14.99
21709,3.2.2
21737,5.1.1
21761,5.4.99
21777,6.2.1
21809,3.5.2
21813,1.14.14
21845,2.3.1
21849,5.5.1
22017,2.5.1
22021,7.4.2
22045,1.16.99
22105,2.6.1
22133,7.5.2
22165,2.4.1
22325,3.3.2
22329,2.5.1
22345,2.3.1
22369,5.3.1
22457,3.5.1
22493,3.5.1
22517,6.3.2
22545,3.1.1
22621,4.1.1
22713,2.7.7
22717,1.14.14
22777,1.11.1
22777,1.11.1
22813,1.5.1
22833,3.5.1
22873,1.14.11
22893,1.5.1
22941,6.3.2
22949,4.1.3
22977,6.2.1
23029,2.3.1
23077,1.3.1
23085,4.1.3
23157,4.2.1
23205,2.3.1
23257,6.3.5
23269,3.5.1
23277,4.1.3
23293,2.7.1
23309,2.3.1
23337,1.11.1
23361,2.4.1
23441,3.8.1
23525,2.3.1
23561,2.5.1
23573,2.3.1
23581,5.3.99
23613,1.3.1
23617,1.3.1
23661,3.5.4
23689,3.5.4
23725,1.2.3
23757,1.1.3
23797,3.1.1
23885,2.1.1
23909,2.5.1
23933,5.3.1
23961,1.11.1
23973,4.1.1
24005,1.3.99
24009,2.7.11
24013,2.1.1
24029,1.14.11
24081,6.1.1
24117,4.2.3
24165,1.17.4
24169,2.4.1
24265,4.1.3
24297,3.1.1
24309,1.14.14
24465,4.1.3
24465,4.1.3
24477,3.5.1
24637,1.16.1
24637,1.16.1
24699,2.7.8
25030,3.1.3
25153,2.6.1
25153,2.6.1
25174,3.5.1
25202,5.3.1
25214,3.6.1
25226,1.1.1
25230,1.1.1
25242,3.5.1
25250,4.1.1
25258,5.3.1
25266,1.4.3
25303,3.6.1
25356,4.1.3
25364,1.1.1
25368,1.1.1
25376,4.1.3
25380,4.1.3
25400,5.4.4
25461,4.2.3
25553,4.2.3
25577,1.10.3
25610,5.1.3
25618,4.2.3
25773,1.14.11
25785,4.1.3
25789,4.1.3
25793,1.16.99
25889,2.5.1
25953,2.6.1
26036,1.14.19
26056,2.7.7
26120,1.2.7
26210,4.1.2
26210,4.1.2
26282,3.1.1
26302,4.1.1
26310,3.1.2
26314,4.1.3
26411,3.2.1
26463,2.1.1
26471,2.3.1
26511,3.5.1
27350,3.1.3
27394,1.11.1
27418,1.7.2
27422,4.2.3
27426,4.2.3
27438,1.11.1
27442,1.1.1
27442,1.1.1
27446,1.1.1
27446,1.1.1
27478,1.14.11
27486,3.5.1
27490,2.3.1
27531,4.2.3
27535,4.2.3
27655,4.1.1
27711,2.7.1
27719,3.1.3
27759,1.4.1
27851,2.3.1
27903,3.1.1
27959,3.2.2
28027,1.17.4
28031,1.17.4
28035,1.17.4
28163,2.7.1
28163,2.7.1
28171,4.1.2
28219,1.11.1
28239,1.14.14
28243,1.14.14
28391,5.1.1
28640,4.2.3
28752,1.1.5
29796,1.16.99
29812,7.4.2
29872,7.4.2
29876,3.1.1
29908,3.1.4
30076,3.2.2
30200,1.3.7
30276,1.11.1
30300,1.14.11
30424,4.2.3
30432,5.4.99
30460,5.5.1
30716,5.5.1
30808,1.5.1
30956,1.1.5
30984,3.2.1
31012,5.4.99
31500,2.4.1
31580,5.4.4
31784,4.2.3
31788,4.2.3
31792,4.2.3
31800,3.5.4
31804,3.2.1
31808,4.2.3
31836,5.1.3
31840,5.1.3
31844,5.3.99
31888,5.4.99
31912,4.1.3
32076,4.2.3
32116,1.14.11
32120,2.4.1
32160,3.5.4
32176,2.4.1
32188,5.3.3
32240,5.5.1
32260,4.1.3
32340,1.1.1
32344,1.1.1
32364,1.13.11
32368,1.3.7
32500,1.14.13
32560,4.2.3
32648,2.1.1
32652,2.1.1
32692,4.2.3
32904,1.14.14
33124,4.2.3
33160,3.1.1
33236,1.14.13
33508,4.1.2
33584,2.6.1
33688,2.3.1
33984,4.2.3
33992,4.2.3
34092,3.5.4
34136,1.10.3
34144,1.10.3
34216,1.2.1
34240,5.1.1
34256,4.2.1
34308,1.14.12
34312,1.14.12
34328,1.14.12
34420,1.5.1
34468,4.2.3
34484,2.3.1
34520,2.4.1
34524,2.4.1
34812,1.1.1
34816,1.1.1
34820,1.1.1
35028,7.4.2
35092,6.3.2
35096,4.1.2
35108,1.4.3
35144,2.3.1
35404,1.3.1
35584,4.1.3
35592,1.8.2
35692,1.1.1
35696,1.1.1
35700,1.1.1
35716,3.1.1
35784,2.4.1
35788,2.4.1
35792,2.4.1
35796,2.4.1
35800,3.1.4
35804,3.1.4
35828,3.5.1
36060,1.3.99
36072,3.1.1
36148,2.3.1
36152,2.3.1
36204,3.1.1
36220,3.1.1
36608,1.14.11
36652,2.1.1
36696,2.4.1
36792,3.5.1
36828,3.2.1
36832,1.14.19
37336,3.5.1
37660,2.3.1
37796,1.14.13
37800,1.14.13
37800,1.14.13
37892,3.1.1
37964,1.1.1
37968,1.1.1
37992,2.1.1
38028,2.8.3
38092,2.1.1
38096,2.1.1
38108,4.1.3
38144,4.4.1
38152,4.4.1
38156,4.2.3
38192,1.14.14
38260,4.1.3
38268,5.3.3
38348,2.6.1
38356,4.2.1
38656,3.2.1
38940,3.2.1
38996,3.1.1
39912,2.6.1
40044,6.3.2
40076,3.5.4
40300,1.14.15
40516,4.1.3
40524,2.6.1
40736,3.2.1
40740,3.2.1
41441,1.14.11
41449,1.14.11
41557,1.14.11
42033,1.14.11
42097,6.3.5
42101,6.3.5
42361,5.3.1
42361,5.3.1
42717,2.5.1
42833,4.1.1
43049,5.3.1
43437,1.10.3
43545,6.3.2
43605,2.5.1
43633,2.3.2
43689,2.7.1
43781,1.3.8
43849,2.8.1
44181,1.3.99
44357,5.5.1
45029,1.3.8
45073,1.14.14
45077,1.14.14
45333,1.13.11
45777,3.5.5
46013,1.1.5
46025,1.11.1
46029,1.11.1
46033,1.11.1
46125,1.14.14
46485,2.4.99
46625,5.1.1
46681,1.16.1
46801,1.18.1
46873,2.3.1
46909,2.3.1
46913,3.1.1
46917,3.1.1
46953,1.18.1
47001,1.3.1
47197,1.3.99
47621,1.14.11
47745,1.3.1
47837,2.7.4
47845,2.5.1
47849,2.5.1
47925,4.1.3
47961,3.1.3
47965,3.1.3
47985,4.2.3
48013,1.14.13
48017,1.14.12
48237,2.3.1
48265,3.1.6
48361,1.11.1
48385,1.11.1
48401,1.14.11
48593,4.1.1
48689,3.4.17
48733,3.1.2
48773,3.1.1
48885,1.3.1
48941,3.4.17
49029,1.14.14
49185,3.1.1
49237,2.7.1
49473,2.4.1
49561,3.1.3
49573,4.99.1
49585,5.3.1
50005,1.14.13
50237,1.14.14
50365,1.14.19
50381,2.3.1
50465,2.3.1
50469,2.3.1
50529,2.3.1
50529,2.3.1
50533,2.3.1
50533,2.3.1
50761,1.97.1
50877,1.2.1
50921,1.11.1
50957,2.1.1
50961,2.1.1
51017,4.1.2
51053,1.3.99
51469,1.1.99
51545,5.3.1
51585,1.3.8
51697,2.1.1
51701,2.1.1
51705,2.1.1
51713,5.3.1
51877,2.5.1
51937,1.8.1
52253,2.5.1
52381,2.4.3
52481,1.14.14
52681,2.3.1
52765,3.4.17
52769,3.5.1
52773,4.1.2
52905,6.3.4
53269,5.3.1
53649,4.2.3
53869,1.14.13
54029,1.14.14
54069,4.2.3
54269,1.14.11
54273,1.14.11
54281,1.14.11
54289,2.7.7
54501,4.2.3
54505,4.2.3
54509,4.2.3
54541,3.2.1
54657,5.3.1
54661,4.1.2
54669,5.4.99
54729,2.3.1
54825,3.2.1
54885,2.4.2
55025,1.14.14
55205,2.5.1
55381,1.1.1
55481,1.14.14
55581,6.3.5
55665,1.14.99
55757,1.14.11
55813,2.5.1
56285,1.1.1
56453,5.5.1
56509,2.4.1
56589,4.1.2
56593,4.1.2
56597,1.14.14
56681,1.14.15
56717,3.1.6
56745,1.14.11
56773,1.14.99
56829,1.8.1
56833,4.4.1
56849,2.1.1
56941,4.1.2
56957,2.7.1
57025,4.1.3
57153,1.14.11
57357,1.14.20
57757,2.3.1
57761,2.3.1
57937,1.2.1
58157,1.16.99
58569,2.3.1
58665,1.1.5
58833,1.14.18
59077,2.4.1
59149,6.2.1
59241,2.5.1
59361,3.5.1
59361,3.5.1
59573,3.5.1
59573,3.5.1
59609,3.5.1
59613,3.5.1
59617,3.5.1
59621,3.5.1
59625,3.5.1
59629,3.5.1
59829,2.5.1
60109,4.2.1
60117,1.14.11
60189,1.14.11
60201,1.14.11
60209,1.14.11
60225,1.14.11
60237,1.14.11
60445,3.5.1
61157,2.7.7
61301,4.1.2
61429,1.3.1
62385,3.6.1
62445,2.5.1
62585,7.4.2
62621,1.11.1
62625,1.11.1
62629,1.11.1
62633,1.11.1
62641,1.11.1
63349,6.3.2
63349,6.3.2
63829,2.6.1
63833,2.3.1
63873,1.14.11
63877,1.14.11
65029,4.1.99
65437,2.7.7
65493,4.1.99
65661,1.17.99
65717,1.14.11
65721,1.14.11
65725,1.14.11
65729,1.14.11
65733,1.14.11
65737,1.14.11
65741,1.14.11
65745,1.14.11
65749,1.14.11
65753,1.14.11
66821,1.16.99
66921,4.1.3
67001,2.3.1
67445,4.1.3
67657,1.16.1
67825,3.1.4
67909,3.1.6
68029,1.4.3
68077,2.7.7
68081,2.7.7
68461,2.8.2
68465,3.1.6
68825,4.2.3
69045,4.3.1
70192,2.7.1
70196,2.7.1
70228,4.2.1
70364,3.5.1
70456,1.14.14
70708,5.3.1
70780,1.1.1
70804,4.1.3
70812,4.1.3
71660,2.1.1
73832,2.4.99
73840,7.5.2
73844,2.4.1
74156,1.2.7
74168,1.2.7
74284,2.7.8
74932,1.14.11
74936,1.14.11
75252,1.1.3
75352,1.5.99
75356,4.3.1
75932,3.5.1
76044,1.14.14
76408,3.5.1
76524,4.1.3
76568,3.1.1
77172,3.5.1
77640,3.1.3
77644,3.1.3
77964,4.2.3
78172,2.1.1
78780,3.5.1
78952,3.1.1
78984,4.2.3
79304,5.5.1
79624,2.3.1
81560,2.3.1
82104,1.14.19
82196,2.5.1
82208,2.5.1
82220,2.5.1
82224,2.5.1
82228,2.5.1
82236,2.5.1
82852,1.14.13
82856,1.14.13
82860,1.14.13
83264,3.4.17
84092,2.3.1
85244,1.6.5
85416,1.14.14
85516,2.1.1
86104,1.1.1
