Reaction ID,SIMMER
R12727,3.6.1;2.7.1
R06199,3.2.1
R09992,5.5.1
R00111,1.14.13;1.1.1
R10729,
R12200,2.3.1
R02865,2.7.1
R08999,1.1.1
R07226,3.5.1
R12349,2.4.1;3.2.1
R09664,3.1.3
R04538,5.1.3
R02430,2.7.1
R03731,2.1.1
R02565,1.2.1;1.17.1;1.1.1
R12496,2.3.1
R12604,1.1.1
R10293,2.4.1
R11466,3.1.8
R01321,3.7.1
R13445,1.14.13;1.3.1
R01869,1.3.1;1.1.1
R11826,4.2.3
R13412,2.5.1
R09224,1.1.1
R12468,2.3.1
R04230,2.7.1;6.3.2
R09975,4.2.3
R11560,3.5.1
R09987,1.1.1
R13442,2.6.1
R01268,3.5.1
R05279,
R04203,1.1.1
R12274,3.1.1
R07447,1.3.1;1.1.1
R06368,6.2.1;2.3.1
R06114,3.1.4;3.2.1
R01460,3.2.1
R12065,
R05551,3.5.1
R07618,1.13.12;1.3.1
R07433,2.3.1
R00224,4.1.1;4.4.1
R11162,
R01563,3.5.1;2.6.1
R02485,3.5.4
R12376,1.1.1
R11803,2.7.1
R05748,1.20.4;1.8.4
R06028,
R12291,3.5.1
R04952,3.1.1
R01850,2.3.1
R08924,6.4.1
R01231,3.5.4
R01966,3.2.1
R12039,2.3.1
R02611,1.1.1
R05113,2.4.1
R10554,5.1.3
R00273,4.1.1
R10917,1.1.1
R10554,
R09751,
R04515,
R08781,2.1.1
R05399,1.14.12;1.1.1
R09298,
R11921,3.5.1
R12761,5.3.1;4.2.1
R07072,3.3.2;3.8.1
R11032,1.5.1;1.1.1
R07913,2.4.2;2.4.1
R12936,2.6.1
R01837,1.1.1
R07170,1.5.3
R02024,
R03450,3.1.3
R01942,2.1.1
R09831,3.2.1;2.4.1
R10856,
R06132,1.21.98
R10169,2.1.1
R12447,2.1.1
R13263,1.3.1;1.1.1
R03275,5.4.3
R07649,4.2.3
R11381,5.3.3
R02777,1.1.1
R06700,3.7.1
R12737,2.3.1
R02009,4.2.3
R03997,
R08083,1.8.1;1.1.1
R05827,1.1.1
R10573,1.1.1
R07085,1.5.1;1.1.1
R12087,
R01609,
R01676,3.5.4
R10778,3.5.2
R10534,3.5.5;3.13.1
R02368,3.1.1
R02961,2.1.1
R00529,2.7.7
R10529,2.3.1
R00838,3.2.1;2.4.1
R08150,3.1.1;3.1.8
R04182,2.4.1
R09618,4.2.3
R13315,6.4.1;6.3.2
R03036,6.3.2;2.7.7
R06788,1.13.11
R03409,2.7.7;2.7.1
R00909,3.5.1;3.5.2
R09914,5.4.99
R02098,2.7.1
R10124,3.5.1
R09825,2.6.1
R03810,3.5.4;3.5.1
R01574,1.1.1
R12744,2.4.1
R10588,2.1.1
R05133,3.2.1
R03858,2.3.1
R04463,2.7.3;6.3.4;6.3.2;2.7.1
R02551,3.5.1
R05315,1.1.1
R02071,2.7.1
R09810,1.13.11
R03213,2.4.1
R10629,3.2.2
R10110,1.13.11
R08808,2.3.1
R10457,2.5.1
R11107,1.14.13;1.1.1
R04678,1.1.1
R12303,3.7.1
R10741,1.14.11
R02973,3.5.1
R00102,3.2.2
R04280,4.1.1
R03685,5.4.99
R10001,
R03718,2.3.1
R09737,2.1.1
R00277,1.4.3
R11860,4.2.3
R13347,5.4.99;5.5.1
R12930,
R04703,
R10442,3.6.1;3.1.3
R04717,2.1.1
R01299,1.14.19;1.1.1
R12285,2.5.1
R09201,1.3.1;1.14.12;1.1.1
R04482,5.3.2
R01028,3.1.6
R03721,2.1.1
R00700,1.14.13;1.1.1
R01393,4.1.1
R04239,1.4.3
R03854,4.1.1
R11037,
R00734,2.6.1
R12828,1.14.13;1.1.1
R01731,2.6.1
R00944,2.1.2
R04843,1.1.1
R03032,5.3.1;4.2.1
R03797,2.4.1
R03488,
R01432,5.4.99;5.3.1
R01152,3.5.1;3.5.3
R00931,2.3.3;2.3.1
R05188,2.3.1
R10037,2.4.1
R03681,2.4.1
R00212,2.3.1
R12963,2.4.1
R05837,1.1.1
R12453,1.3.1
R03062,3.1.1
R04526,2.4.2;2.4.1
R02999,1.14.19;1.14.13;1.1.1
R07250,2.3.1
R02969,1.14.13;1.17.1;1.14.12;1.1.1
R08846,1.5.1;1.1.1
R07918,
R02340,4.1.2
R04162,3.1.3
R09601,1.13.11
R12915,2.3.1
R11029,2.7.7
R12755,2.7.1
R05724,1.17.1;1.14.12;1.1.1
R11933,2.7.1
R10328,1.10.3
R00832,2.3.1
R02003,2.5.1;4.2.3
R12488,2.8.3;4.2.1
R03638,1.14.13;1.1.1
R04391,2.7.1
R03490,2.4.1
R03133,
R05674,2.1.1
R03260,3.5.1
R03502,2.6.1
R12161,2.5.1
R00228,1.2.1
R12204,2.7.1
R04285,1.1.1
R05227,2.7.3;2.7.7;2.7.1
R00684,2.6.1
R00706,1.2.1
R12467,
R10280,5.1.3
R02040,3.4.13;3.5.1
R03303,1.13.11
R10901,3.5.1
R03020,2.1.2
R07416,6.2.1;2.3.1
R03353,5.3.3
R03540,3.5.1
R01863,2.4.2
R00662,3.6.1
R03331,3.2.1;5.4.99;2.4.1
R03498,1.1.1
R00507,3.6.1;3.1.3
R00216,1.1.1
R04656,2.4.1
R00439,2.4.2
R07481,2.1.1
R07089,1.14.13;1.1.1
R02016,
R03831,
R01561,2.4.2
R09710,5.4.99
R12426,3.4.23
R05271,1.14.12;1.1.1
R06450,3.2.1;2.4.1
R01204,2.3.1
R00908,2.6.1
R01336,4.1.2
R12792,2.7.1
R04101,3.8.1
R03153,4.1.3;2.8.3
R01050,2.7.1
R06048,2.4.1
R00959,5.4.2
R05684,1.3.1;1.1.1
R11121,1.3.1
R00912,6.3.2;2.7.1
R12562,2.7.7;2.4.1
R04082,2.4.1
R11971,
R02119,2.4.2;2.4.1
R13408,1.2.1;1.3.1;1.1.1
R00230,2.3.1
R05522,1.14.13;1.1.1
R11278,2.4.1
R02811,4.1.2
R09668,2.4.2
R12489,2.8.3;4.2.1
R03756,2.3.1
R03759,1.4.1;1.1.1
R08391,1.5.1;1.1.1
R00735,6.3.2
R11338,1.1.1
R09818,1.1.1
R13371,3.1.3
R08986,
R12164,3.8.1
R07351,1.1.1
R03315,2.7.1
R03094,2.4.1
R13182,2.1.1
R01064,4.1.2
R03438,2.3.1
R13349,1.1.1
R08204,1.1.1
R09708,4.2.1
R12053,1.1.1
R00449,4.1.1
R04654,2.4.1
R11062,3.6.1
R00489,4.1.1
R09804,2.4.1
R02107,3.5.1
R10259,2.4.1;3.2.1
R08628,4.2.1;4.1.2
R00022,3.2.1
R08816,2.4.1
R02445,1.14.20
R00703,1.14.13;1.17.1;1.14.12;1.1.1
R11945,1.2.1;1.1.1
R06161,
R03826,1.1.1
R03251,1.14.12;1.3.1;1.1.1
R01926,2.7.1
R03901,4.5.1
R01917,6.3.1
R07194,1.14.13;1.17.1;1.1.1
R09990,1.14.13;1.1.1
R09620,4.2.3
R00985,5.4.4
R04726,
R05507,2.6.1
R08353,6.3.1
R11329,5.1.3
R11024,2.7.1
R05262,1.5.1;1.1.1
R04346,2.4.2
R11946,3.5.1
R12002,
R01211,1.14.12;1.1.1
R11230,2.1.1
R03622,
R00911,3.4.13;3.5.1
R12312,6.4.1;6.3.2
R12296,5.4.99
R04692,2.1.1
R04945,3.1.1
R10368,1.3.1
R12554,5.1.3
R10296,2.4.1;3.2.1
R02135,3.1.3;3.1.4
R03984,
R09593,6.3.2
R09529,2.4.1
R00063,
R10163,1.5.1;1.1.1
R02677,2.7.7;2.4.2;2.4.1
R04242,3.4.17
R07959,1.3.1;1.1.1
R07903,2.4.1
R01648,2.6.1
R03130,2.1.1
R00057,5.1.3
R04809,4.2.1
R09108,3.1.1;3.1.8
R01492,2.7.1
R04425,4.1.3;4.2.1
R02492,1.14.13;1.17.1;1.1.1
R03965,2.3.1
R02087,5.1.3
R00923,4.1.1
R03917,
R01446,1.14.12;1.1.1
R00391,2.3.1
R01735,1.14.12;1.1.1
R12363,4.2.3
R07989,2.3.1
R05502,5.1.3
R09069,1.1.1
R07000,1.1.1
R06571,1.1.1
R06789,3.7.1
R13253,3.2.1
R08936,
R11385,1.3.1;1.14.13;1.1.1
R12261,4.2.3
R02324,2.7.1
R00126,2.7.7
R10647,2.1.1
R07295,3.8.1
R08987,2.1.1
R01261,4.1.2
R10928,3.1.8
R08695,4.2.3
R02075,1.13.11
R00375,2.7.7
R07188,1.14.12;1.1.1
R01280,2.3.1
R04632,2.4.1
R10973,3.1.4;3.1.3
R02196,1.4.1;1.14.13;1.1.1
R12343,2.6.1
R07080,1.3.1;1.5.1;1.1.1
R03030,4.3.1;4.2.1
R05568,3.5.4
R12626,2.3.1
R01409,4.1.2
R00594,2.1.1
R00466,1.2.3
R07001,1.1.1
R11995,3.4.21
R04810,1.1.1
R07679,
R10655,3.6.1
R09667,2.4.1
R10496,2.7.7;6.3.1
R11087,2.5.1
R02039,1.17.1;1.1.1
R09331,2.4.1
R12438,1.10.3
R04260,5.3.3
R08056,4.2.1
R06419,1.3.1;1.1.1
R11221,2.1.1
R10822,2.7.7
R11160,2.5.1
R04095,
R05402,1.11.1
R01018,2.7.1
R01055,4.2.1
R04474,3.2.1
R01649,
R10543,3.1.4
R07954,1.3.1;1.1.1
R01901,2.7.1
R09714,5.5.1
R07863,1.13.11
R01799,2.7.7
R05658,3.3.2
R11582,2.7.7
R12390,
R11188,3.1.4;3.1.3
R09936,3.5.4
R10878,1.3.1
R03482,3.5.1
R01860,4.1.1
R09564,1.11.2;1.11.1
R06586,2.6.1
R03913,1.2.1;1.1.1
R07360,
R04643,3.1.4
R09673,3.1.1;3.5.1
R06412,4.2.1
R04547,
R00836,2.4.1
R03987,3.1.4
R08678,
R00226,4.1.1
R01090,2.6.1
R08060,3.5.1;3.5.4
R04534,1.5.1;1.1.1
R07082,3.3.2
R00707,1.2.1;1.1.1
R09957,1.1.1
R05637,3.1.4;2.7.7
R11543,
R01804,2.5.1
R01401,
R13260,
R12474,
R06322,1.14.20;1.14.11
R09407,1.14.13;1.1.1
R09628,4.2.3
R01924,3.1.1
R10824,2.1.1
R13158,2.4.1
R12916,2.4.1
R10389,1.7.3
R04513,3.1.7;3.1.3
R05783,3.5.1
R09740,4.2.1
R12778,1.14.11
R08167,
R08623,2.3.3;2.3.1
R05437,1.14.13;1.1.1
R05038,1.1.1
R12237,1.14.13;1.1.1
R11639,3.3.2
R00418,5.1.3
R06906,4.2.1
R10185,2.4.2
R10398,3.1.1
R01415,1.14.13;1.1.1
R02322,3.5.1
R02408,4.4.1
R11722,5.3.1
R07970,1.3.1;1.1.1
R02148,3.1.4
R12799,
R03114,1.3.1;1.1.1
R08807,2.3.1
R12861,6.3.2
R02914,
R03751,3.1.1
R02473,3.6.1
R04728,
R01757,1.1.1
R01441,2.7.1
R04867,2.1.1
R05299,1.13.11
R10279,5.1.3
R12541,
R09968,4.2.3
R06817,2.3.1
R07995,5.5.1
R09986,1.1.1
R06393,3.1.1
R04398,2.1.1
R03565,2.4.2;2.4.1
R10998,2.3.1
R08480,2.7.1
R02576,2.3.1
R07296,2.3.1
R06821,2.3.1
R01600,2.7.1
R01633,1.3.1;1.1.1
R05312,1.3.1;1.1.1
R08630,
R10959,2.1.1
R02367,2.3.1
R13124,3.2.1
R03991,2.3.1
R06688,1.14.13;1.1.1
R08400,2.5.1;4.2.3
R10143,1.14.11;1.14.20
R10098,2.4.1
R03227,1.1.1
R10424,2.4.1
R01327,2.7.1
R10813,2.4.1
R12977,3.1.1
R08147,2.1.1
R02978,1.3.1;1.1.1
R12553,5.1.3
R02618,1.4.1;1.1.1
R13318,6.4.1;6.3.2
R01586,
R05701,1.1.1
R12791,3.1.2;2.3.1
R09444,3.1.7
R00603,5.1.3
R00767,2.7.1
R03176,1.1.1
R12723,3.6.1;2.7.1
R08621,1.1.1
R03366,2.1.1
R01967,2.7.1
R06563,1.5.1;1.1.1
R10843,1.13.11
R12633,3.6.1
R06963,5.5.1
R07252,2.3.1
R12900,5.4.99
R02416,2.3.1
R12989,3.5.1
R11708,2.3.3;2.3.1
R08978,3.2.1
R02241,2.3.1
R01109,1.8.4
R04323,4.1.1
R01302,4.1.3
R02965,1.11.1
R04431,2.4.1
R11347,1.14.12;1.1.1
R12537,3.1.1
R03381,1.2.1
R03493,4.2.1
R01989,3.5.3
R00664,2.3.1
R00294,5.1.3
R03430,3.1.3
R11834,4.2.3
R00406,2.8.3
R02401,1.2.1;1.1.1
R00146,1.14.13;1.1.1
R13153,2.4.1
R13081,3.2.1
R09505,1.11.1
R04145,2.1.1
R02862,2.1.1
R00805,3.1.3
R02287,3.5.4
R04390,1.3.1;1.5.1;1.1.1
R08228,3.5.1
R08765,3.4.21
R03193,2.7.1
R13321,1.13.11
R08684,1.14.13;1.1.1
R12244,1.21.98
R05801,2.7.1
R10970,2.7.1
R02410,3.2.1;2.4.1
R10829,2.4.1
R06523,4.2.3
R07092,3.5.1
R07952,1.1.1
R05453,4.1.1;2.7.1
R12344,2.7.1
R11785,3.1.3
R11203,2.7.7
R08339,5.5.1
R13444,1.3.1;1.1.1
R03522,
R02285,3.5.3
R10452,2.1.1
R00648,4.4.1;2.6.1
R02773,2.6.1
R05311,1.3.1
R09087,3.6.1
R05362,
R12250,3.2.1
R10941,6.3.2
R07912,2.4.1
R12639,2.5.1
R11313,3.5.1
R07331,2.1.1
R06818,2.4.1
R04509,2.7.4;2.7.1
R09886,4.2.3
R00809,2.4.1
R02762,1.14.13;1.1.1
R05238,3.5.5;3.5.1
R05713,1.14.13;1.1.1
R11100,
R11243,1.1.1
R12017,3.2.2;2.4.2;2.4.1
R00850,3.2.1;3.1.3;5.4.2
R05683,1.1.1
R13384,
R06940,3.5.3
R04662,2.4.1
R06805,2.4.1
R08090,4.1.3;2.8.3
R04022,2.3.1
R06583,2.3.1
R09555,1.14.13;1.3.1
R05314,1.14.12;1.1.1
R13268,5.3.3
R10836,2.4.2
R04602,1.13.11
R08206,1.14.13;1.1.1
R10310,1.1.1
R11190,3.5.1;3.4.19
R00310,5.1.3
R07079,1.7.1;1.5.1;1.1.1
R10960,2.3.1
R07352,1.5.1;1.1.1
R08318,3.5.1
R01682,4.1.1
R13345,1.14.13;1.5.1;1.1.1
R08113,1.14.12;1.1.1
R04467,2.6.1
R07258,2.4.1
R10103,1.4.3
R08951,2.5.1
R04093,4.99.1
R09295,5.4.99
R00715,1.5.1;1.1.1
R10634,
R05424,4.99.1
R08245,2.4.2
R02361,3.2.1
R05163,2.3.1
R11193,2.1.1
R12634,3.2.1
R11373,1.2.1;1.14.13;1.1.1
R04707,2.1.1
R07287,3.1.4
R12515,3.1.1
R01319,2.3.1
R04228,1.2.1;1.3.1;1.1.1
R13159,2.4.1
R07272,2.5.1
R05218,3.5.1;3.5.4
R13317,6.4.1;6.3.2
R02605,4.3.1
R12207,2.4.2;2.4.1
R07147,1.3.1;1.1.1
R02727,2.4.1
R11718,4.1.2
R01683,1.5.1;1.1.1
R10343,2.8.3
R05323,2.1.1
R08262,2.4.1
R05451,6.2.1;2.3.1
R07651,3.5.4;3.5.1
R05352,1.14.12;1.1.1
R12425,5.1.3
R08276,1.5.3
R03573,2.4.1
R06363,
R09730,2.5.1
R06290,1.5.1;1.1.1
R12022,3.5.4
R04372,3.1.3
R04544,1.13.11
R05117,2.4.1
R00652,2.6.1
R04674,1.4.3
R08294,1.14.13;1.1.1
R02406,6.2.1;2.3.1
R09989,1.1.1
R03024,3.1.3;3.1.8
R00982,6.2.1;2.3.1
R13366,3.5.2
R00624,1.14.13;1.17.1;1.1.1
R10200,2.3.1
R11505,1.6.3
R12617,3.5.4
R06174,1.10.3
R04885,
R06420,1.3.1;1.1.1
R09838,1.14.13;1.3.1
R05307,1.1.1
R08112,1.14.12;1.1.1
R03230,2.3.1
R01003,3.1.3
R13274,3.6.1;2.7.1
R08932,2.1.1
R07814,3.1.1
R07052,1.5.1;1.1.1
R03627,5.3.3
R06497,2.4.1
R00739,5.4.3
R04361,2.3.1
R10700,2.3.1
R08819,2.4.1
R09129,1.1.1
R09327,
R12493,2.8.3
R11192,2.1.1
R04592,
R03700,3.1.4
R11781,2.3.1
R03799,2.5.1
R02979,
R09961,4.2.3
R10392,4.2.1
R07281,4.1.99
R07534,5.3.3;5.5.1
R07346,1.1.1
R10972,3.1.4;3.1.3
R04362,3.1.4
R10145,1.14.20;1.14.11
R11504,1.6.3;1.1.1
R10417,1.14.13;1.1.1
R11343,
R01473,5.1.3
R00053,1.13.11
R05552,3.8.1;3.5.99
R02778,3.1.3
R06770,2.4.1
R12384,2.4.1
R07672,5.1.3
R09820,1.2.1;1.14.13;1.1.1
R09835,4.2.1;4.1.99
R00420,5.1.3
R05565,3.5.4
R10692,1.3.1
R09136,3.1.1;5.5.1
R13232,4.2.3
R07960,1.3.1;1.1.1
R07612,4.99.1
R06988,5.4.4
R13119,5.3.3
R12779,6.3.5
R08181,2.3.1
R07249,2.3.1
R06160,
R01544,5.5.1
R09184,
R03271,2.5.1
R02585,3.1.6;3.1.8
R06166,1.1.1
R04789,1.14.13;1.1.1
R06977,2.6.1
R04313,3.4.13
R04205,2.3.1
R00308,3.2.1
R02057,4.1.2
R07310,5.4.99
R10696,4.2.1
R05626,2.7.1;6.4.1
R04716,2.1.1
R01488,1.1.1
R01325,4.2.1
R12549,2.3.1
R12061,
R09889,4.2.3
R12467,
R06719,2.1.1
R11513,4.2.1
R10742,
R08903,2.6.1
R04457,
R06376,1.1.1
R08462,3.1.1
R12976,1.1.3
R12958,3.1.3
R11492,1.10.3
R04216,2.4.1
R02751,3.1.4;5.4.2;3.1.3
R00486,
R02030,5.3.1;2.7.7
R10208,
R09750,1.5.1;1.1.1
R01793,1.3.1;1.1.1
R13287,5.3.2
R04505,2.1.1
R04994,2.1.1
R12268,3.1.1
R02974,3.5.4;3.5.1
R03393,3.1.4;3.1.3
R08635,2.6.1;2.1.1
R08101,1.14.12;1.3.1;1.1.1
R12527,3.2.1
R09280,1.2.1
R02165,3.1.1
R06814,2.4.2;2.4.1
R07168,1.5.1
R10285,
R10220,3.4.21
R00511,3.1.3
R09397,2.7.7;3.6.1
R05083,2.4.1
R02242,2.3.1
R12359,1.1.1
R12021,5.4.99
R04558,4.3.2
R06399,1.1.1
R11299,2.6.1
R02158,2.4.1
R09596,6.3.2
R04279,1.1.1
R05362,3.7.1
R03562,1.14.13;1.1.1
R01431,1.1.1
R01999,3.1.2;2.3.1
R09894,4.2.3
R08370,4.2.3
R00376,
R00192,3.3.1;2.5.1
R02849,2.7.1
R05408,3.1.1
R02648,3.1.3
R08218,2.7.7;2.4.1
R11717,4.1.1
R08964,3.6.1
R01695,5.3.1
R02446,5.5.1
R11770,1.1.1
R06831,1.3.1;1.14.12;1.1.1
R07141,1.1.1
R01579,3.5.1
R07741,2.3.1
R03486,2.4.1
R08901,3.5.1
R04998,3.2.1
R09676,2.4.1
R01867,4.3.1;4.2.1
R10558,1.13.11
R08547,2.1.1
R11086,2.5.1
R12865,2.1.2
R08705,1.1.1
R09246,2.5.1
R02541,3.1.1
R08499,1.1.1
R11589,
R09198,1.1.1
R05233,1.14.13;1.17.1;1.1.1
R00301,1.1.1
R02687,3.1.1
R02626,2.7.3;6.3.4;2.7.1
R00337,2.4.1
R01975,1.1.1
R01573,2.7.1
R05773,4.1.3;4.1.2
R03792,1.14.12;1.1.1
R10050,2.2.1
R09533,3.2.1
R00223,4.3.1;4.4.1
R01185,3.1.3
R04648,2.4.1
R10426,2.4.1
R00120,1.11.1;1.8.4
R06856,1.3.1;1.14.12;1.1.1
R10975,
R06967,3.5.4
R10092,4.2.1
R08969,
R00132,4.2.1
R11586,2.3.1
R06847,1.1.1
R11201,2.3.1
R09242,1.14.19;1.1.1
R05294,1.14.12;1.1.1
R02926,3.2.1
R10783,1.1.1
R01320,2.1.1
R05055,3.4.13
R00821,4.1.1
R06917,1.14.12;1.1.1
R10898,4.2.3
R09734,2.4.1
R04741,1.1.1
R10508,5.5.1
R04356,2.3.1
R01712,2.6.1
R05109,2.4.1
R00027,4.1.2
R12478,3.5.1
R08824,2.4.1
R09380,3.1.1
R07050,1.5.1;1.1.1
R08128,2.4.2;2.4.1
R10075,1.3.1;1.1.1
R06469,5.4.99
R08918,1.1.1
R06379,1.1.1
R03716,1.5.1;1.1.1
R09840,2.3.1
R12050,4.2.3
R05641,1.2.1;1.14.13;1.1.1
R07867,1.13.11
R12265,1.2.1;1.14.13;1.1.1
R01738,1.1.1
R09782,1.13.11;5.5.1
R11591,1.10.3
R06736,2.3.1
R11282,2.4.1
R01340,
R02136,2.7.1
R07266,2.4.1
R08830,2.4.1
R08341,3.5.4
R08926,1.1.1
R03049,3.1.1
R03014,2.7.1
R10805,3.1.7
R01909,2.7.1
R09264,1.5.1;1.14.13;1.1.1
R13306,5.3.3
R02349,1.1.1
R11284,3.2.1
R06622,1.14.13;1.1.1
R00432,6.2.1;2.3.1
R09279,6.2.1;2.3.1
R05687,1.1.1
R08550,1.2.1;1.14.13
R04863,5.3.1
R05417,1.3.1;1.14.12;1.1.1
R06835,3.1.1;5.5.1
R12877,1.14.19;1.1.1
R01724,6.3.4
R00723,3.6.1
R10040,3.2.1
R07706,1.14.12;1.1.1
R12539,1.1.1
R05865,1.13.11
R10578,1.13.11
R04103,
R10109,1.13.11
R11232,1.8.1;1.1.1
R09416,1.3.1;1.5.1;1.1.1
R02355,1.1.1
R06157,3.5.1
R03299,1.14.12;1.14.13;1.1.1
R08529,3.1.4
R06214,1.21.98
R10738,3.1.8
R11899,4.4.1
R03111,2.1.1
R05782,4.2.1
R10559,1.13.11
R06356,5.3.3
R01031,4.3.1;4.4.1
R12407,1.14.11
R08769,2.1.1
R11162,
R03856,1.3.1
R01066,4.1.2
R06269,2.5.1
R00537,4.1.2
R04455,
R00043,1.13.11
R06927,1.14.13;1.14.12;1.1.1
R11862,3.5.1
R06206,
R12336,2.1.1
R08295,
R06180,1.3.1;1.1.1
R00481,
R00705,1.2.1
R00549,2.7.1
R11090,2.7.3
R09102,
R04901,1.1.1
R05634,2.7.1
R09189,2.1.1
R10157,1.14.11
R13395,3.4.16
R12588,2.5.1
R00209,1.2.1
R03983,3.5.3
R07920,2.1.1
R07747,1.5.1;1.1.1
R00710,1.14.13;1.14.12;1.1.1
R04321,3.1.4
R05292,1.14.12;1.1.1
R03770,2.7.1
R00725,2.7.1
R11393,
R07996,1.14.11
R09063,2.1.1
R01573,
R00543,
R04315,5.4.99
R12741,
R00578,3.6.1;2.7.1
R11073,5.1.3
R11842,4.2.3
R03546,4.2.1;3.5.1
R04495,2.4.1
R09973,4.2.3
R02925,
R03609,3.4.13
R03365,1.13.11
R06923,4.1.2;3.7.1
R06470,1.1.1
R07175,1.8.1;1.3.1;2.3.1
R13038,3.5.1
R04610,2.4.1
R09291,1.3.1;1.1.1
R07907,3.2.1
R08610,1.14.11
R13195,
R08541,4.2.3
R10564,2.3.1;2.8.3
R01030,3.1.4
R03550,1.13.11
R10178,2.6.1
R04142,1.5.1;1.1.1
R11183,2.7.1
R11972,2.4.1
R05385,4.5.1
R03542,3.4.17
R05861,2.6.1
R04470,3.2.1
R00205,1.14.13;1.1.1
R09711,5.4.99
R10976,3.5.1
R10422,1.1.1
R07794,3.5.99
R12013,1.14.13;1.1.1
R00471,
R07321,5.3.99
R04617,6.3.1;6.3.2
R03138,3.2.1
R07627,3.3.2;3.8.1
R05573,3.5.4
R10710,2.1.1
R07111,3.3.2
R04410,3.2.1
R02356,1.1.1
R10021,1.1.1
R01171,1.3.1
R09939,2.1.1
R09805,1.14.12;1.1.1
R07392,5.3.1
R06074,2.4.1
R05123,2.1.1
R13303,2.5.1
R12734,3.1.2;2.3.1
R13199,5.3.1
R12794,5.3.1;3.1.3
R09248,2.5.1
R02498,1.3.1;1.1.1
R12108,1.3.1
R10033,4.1.1
R00919,1.3.1
R03140,4.1.1;4.1.2
R12512,1.3.1;1.1.1
R03633,2.1.1
R03778,2.3.1
R08303,1.14.13;1.1.1
R00334,2.7.4;2.7.7;2.7.1
R00434,2.7.1
R04444,1.14.12;1.1.1
R00131,3.5.1
R06578,2.1.1
R10234,2.3.1
R12885,1.3.1;1.1.1
R03745,1.1.1
R04794,3.2.1
R02018,
R03186,1.11.1;1.1.3
R04507,2.3.1
R00401,5.1.3
R06680,2.1.1
R11310,5.4.2
R12924,3.5.1;3.5.2
R04198,1.1.1
R11279,2.7.1
R11191,2.1.1
R10668,
R00001,5.1.3
R01259,
R13247,1.10.3
R09916,5.4.99
R11209,3.5.1
R01494,3.4.13;3.5.1
R00227,2.3.1
R02880,1.3.3
R13416,2.3.1
R12943,3.6.1
R05237,3.5.5;3.5.1
R03488,2.4.1
R03458,1.1.1
R06840,5.5.1
R08984,
R05676,2.1.1
R03975,3.5.1
R08898,2.4.2;2.4.1
R12538,
R04575,2.4.1
R07039,5.4.4
R12199,2.3.1
R02896,1.1.1
R03435,3.1.4;3.2.1
R05364,3.7.1
R02252,1.5.1;1.1.1
R07524,2.1.1
R01153,2.1.1
R00866,2.7.1
R05880,3.1.1
R00980,1.14.19;1.1.1
R10251,2.1.1
R09510,1.14.11
R10643,4.2.1
R08960,1.1.1
R09877,3.6.1
R01498,3.2.1
R11353,4.1.1
R02712,3.5.1
R01288,3.1.4
R09086,3.6.1;3.1.3
R08721,1.3.1;1.1.1
R10785,1.1.1
R04722,5.1.3
R10286,5.4.3
R01015,5.3.1
R09899,4.2.3
R00665,2.1.3
R13109,
R10915,4.99.1
R09390,1.1.1
R02209,1.3.1;1.1.1
R08545,4.2.3
R05759,2.1.1
R06920,5.3.2
R09616,4.2.3
R06979,3.5.1
R02598,2.7.7;2.4.1
R03796,3.5.99;3.8.1
R02200,3.5.4
R08467,2.1.1
R00588,2.6.1
R01573,
R08633,4.3.1;4.4.1
R08094,1.1.1
R07440,1.1.1
R07332,2.4.1
R10161,1.3.1
R02627,2.1.1
R11208,3.5.1
R10217,1.14.13;1.14.12;1.1.1
R07865,1.13.11
R04199,1.3.1;1.1.1
R12532,2.7.7;2.7.1
R11457,3.5.1;3.5.4
R02021,
R09059,4.2.1
R05327,6.3.2;2.4.1
R01203,
R07426,2.4.1
R11471,1.1.1
R05602,4.2.1
R09768,5.3.1;4.1.2
R01940,
R12095,3.2.1
R11555,2.4.1
R07688,4.5.1
R04169,2.1.1
R01596,1.13.11
R04866,2.1.1
R11925,
R00431,4.1.1;2.7.1
R04185,1.3.1;1.1.1
R07973,1.3.1;1.1.1
R02601,5.3.3;4.2.1
R07359,1.3.1
R03367,4.1.1
R10704,1.14.13;1.1.1
R00457,2.6.1
R04596,2.4.1
R10466,3.5.3
R12090,1.3.1;1.5.1;1.1.1
R02644,5.3.3
R12198,2.3.1
R12004,5.5.1
R06022,2.4.1
R07053,1.13.11
R00743,4.1.1
R01976,1.1.1
R10579,3.2.1;2.4.1
R02586,3.6.1
R08136,3.3.2
R11917,4.1.1
R09509,
R11965,3.4.16
R07251,1.1.1;1.2.1
R07533,2.1.1
R08512,4.99.1
R03088,1.3.1;1.1.1
R02315,1.5.1;1.1.1
R06530,
R04061,1.13.11
R08723,1.3.1;1.1.1
R00014,
R06451,2.4.1
R06424,5.3.2
R06349,5.3.3
R00026,3.2.1
R12598,6.3.1
R12787,3.5.4
R03081,4.1.2
R09774,2.4.2;2.4.1
R00441,
R13379,3.5.99
R07364,5.3.2
R07405,5.4.99;3.5.4
R06886,
R01582,2.6.1
R10611,
R04494,2.4.1
R10784,3.2.1
R03415,3.3.2;3.1.1
R06643,2.3.1
R10117,5.3.99;5.3.3
R06621,1.1.1
R00575,2.7.3;2.7.1
R13178,3.2.1
R11529,3.7.1
R02528,1.14.13;1.1.1
R11052,1.13.11
R09893,4.2.3
R00914,2.3.1
R12650,1.14.11
R02197,
R06336,1.14.11
R02520,
R05362,
R12257,3.8.1
R05221,2.7.1
R11050,1.4.3;1.5.3
R01424,3.5.1
R11281,3.1.3
R00957,2.4.1
R01520,1.1.1
R04429,1.5.1;1.3.1;1.1.1
R00514,3.6.1;3.1.3
R03545,1.14.13;1.1.1
R08120,3.1.1
R11103,5.1.3
R00332,3.6.1
R03680,2.4.1
R08293,3.5.4
R07543,4.2.1;5.5.1
R01764,4.1.1
R12606,2.6.1
R13177,1.2.1
R10689,3.1.1
R10142,2.3.1
R02908,1.4.3
R00655,5.1.3
R10252,2.1.1
R10554,
R04291,2.7.7;2.4.1
R01556,2.3.1
R09683,4.2.1;2.6.1
R03742,2.3.1
R00207,4.1.1
R01884,3.5.4;3.5.2
R12059,2.7.7
R09965,4.2.3
R09168,3.3.2
R00990,4.1.1
R05765,4.2.3
R10126,1.2.1;1.1.1
R11584,2.3.1
R06740,1.4.3
R02144,2.1.1
R02194,2.3.1
R03360,3.1.6
R04405,2.1.1
R05389,5.3.2
R13293,4.2.3;2.5.1
R12695,2.7.1
R01632,1.13.11
R03645,1.13.11
R03640,1.14.11
R02248,3.1.3
R03595,3.6.1;2.7.1
R06078,3.2.1
R03626,1.13.11
R01470,3.1.4
R01010,3.1.3
R13046,3.5.1
R11171,3.1.3
R02320,2.7.7
R07169,1.14.13;1.1.1
R02338,3.5.1
R12927,5.4.99;3.2.1
R13352,3.5.1
R12481,3.4.17
R12740,
R07337,2.4.2;2.4.1
R02227,2.7.1
R03801,3.2.1;2.4.1
R10962,2.1.1
R03962,1.5.1;1.1.1
R03706,3.2.1
R10846,5.4.1
R12969,3.2.1
R01980,2.7.1
R04543,1.3.1;1.1.1
R08579,5.1.3
R09103,4.1.2
R05368,5.1.3
R02658,2.7.1
R07924,3.4.17
R13375,
R02457,2.6.1
R12148,3.6.1;2.7.1
R03997,1.14.13;1.1.1
R10055,1.23.5;5.3.99
R02924,
R10797,
R02467,1.13.11
R03102,1.2.1;1.1.1
R10134,3.2.1
R09244,2.5.1
R13052,3.2.1
R03869,1.14.12;1.1.1
R00453,2.6.1
R02622,3.5.1
R12429,3.6.1;2.7.1
R11119,1.4.3
R10122,1.5.1;1.14.13;1.1.1
R11045,2.1.1
R09895,4.2.3
R03667,1.5.1;1.1.1
R10934,4.2.1
R03997,
R10446,1.14.11
R01008,2.4.1
R05629,2.4.1
R10171,2.3.1
R09736,2.1.1
R09376,1.1.1
R08287,
R01806,2.3.1
R10203,3.5.1;3.5.4
R03120,2.6.1
R03154,2.8.3
R08232,2.7.1
R03512,
R07060,1.1.1
R12690,3.5.1;3.4.22
R06802,2.4.1
R03634,3.2.1;2.4.1
R12144,5.3.1;1.1.3
R13148,1.14.13;1.1.1
R02447,2.3.1
R12037,2.4.1
R02298,2.4.2
R11328,4.3.1
R12340,2.4.1
R00042,4.1.1
R13377,1.1.1
R02894,1.4.3
R00637,1.4.3
R03925,5.1.3
R00615,3.6.1
R07081,1.7.1;1.5.1;1.1.1
R10530,3.2.1
R00200,2.7.1
R07914,2.4.1
R06915,1.14.12;1.14.13;1.1.1
R02668,3.7.1
R12711,4.2.1
R07990,5.5.1
R12842,2.1.1
R04566,1.3.1;1.1.1
R04478,4.2.1
R10367,1.3.1
R00426,3.6.1
R02409,3.1.1
R04751,
R03349,1.1.1
R00688,1.3.1;1.1.1
R02810,1.11.1
R13248,
R12114,3.1.3
R09245,2.5.1
R09724,
R07376,3.1.1
R07311,5.99.1
R05300,5.5.1
R02621,3.5.3
R08600,3.1.1
R05226,3.5.1
R12624,3.5.1;3.5.2
R08217,2.7.1
R08231,2.4.2
R03245,2.7.4;2.7.1
R12929,2.1.1
R10870,3.2.1
R13031,1.1.1
R10951,2.7.7
R04035,3.6.1
R07178,
R05336,2.8.3
R11106,3.5.4
R10250,2.1.1
R09735,2.7.7
R10651,2.1.1
R03613,3.6.1;2.7.1
R05248,
R00643,1.3.3;1.1.3
R09766,
R11528,
R00118,3.1.3
R11878,5.5.1
R02600,1.14.13;1.1.1
R12797,3.1.3
R03456,2.1.1
R02590,2.7.7
R11290,1.1.1
R03637,1.14.12;1.1.1
R08694,3.2.1
R10752,3.4.17
R11549,
R05409,1.13.11
R02991,3.1.1
R07872,
R06891,1.3.1;1.14.12;1.1.1
R12397,
R10494,3.2.1
R09226,3.1.1
R04721,5.1.3
R03921,3.2.1;2.4.1
R01082,4.2.1
R07336,2.1.2;2.4.1
R13272,5.3.3
R00873,
R12998,2.7.7;2.7.1
R10911,1.10.3
R04586,2.4.1
R06161,3.2.1
R11629,6.4.1;6.3.2
R02596,
R00399,2.3.1
R05156,1.14.12;1.1.1
R09392,3.7.1;3.1.1
R11229,2.7.1
R04466,2.3.1
R02481,2.3.1
R07527,2.1.1
R09918,5.5.1
R03127,4.1.1
R11162,3.5.1;3.5.4
R09462,
R03879,1.1.1
R12011,2.1.1
R07797,3.1.4
R06077,3.2.1
R01029,3.1.1
R08979,3.1.1
R00429,3.6.1
R01227,3.1.3
R09704,5.1.3
R07384,4.6.1
R02370,3.1.4;3.1.3
R06546,2.4.1
R11309,3.2.1
R01083,4.3.2
R12320,1.14.13;1.17.1;1.14.12;1.1.1
R13012,1.14.20;1.14.11
R02476,1.1.1
R13310,4.2.3
R07404,6.3.4;2.7.1
R01332,3.2.1
R05666,1.14.12;1.1.1
R11151,1.5.1
R00518,2.7.4;2.7.3
R05168,3.5.1
R02923,2.6.1
R01928,2.4.1
R08051,2.5.1
R12919,
R09617,4.2.3
R12146,1.1.1
R01138,2.7.1
R10247,
R04333,4.2.1;3.2.1
R06487,2.4.1
R04883,1.1.1
R06213,1.13.12;5.5.1
R08538,2.1.1
R11540,3.7.1
R02150,1.4.3
R00535,
R06689,1.14.13;1.1.1
R03526,2.4.1
R06893,3.1.1
R13160,2.4.1
R00271,2.3.3;2.3.1
R09272,
R12603,1.21.98
R02804,5.1.3
R11623,5.1.3
R02533,2.1.1
R02943,2.5.1
R07713,4.1.2
R13185,3.5.4
R01525,1.1.1
R02813,4.1.1
R06973,4.1.1
R05839,2.6.1
R01881,2.7.3;2.7.1
R02490,2.8.3
R11402,2.7.7
R04812,1.1.1
R03313,1.2.1;1.1.1
R12806,6.3.1;2.4.1
R12533,3.6.1
R04581,2.4.1
R00181,3.5.4
R05318,5.1.3
R13250,1.16.3;1.13.11
R03943,2.1.1
R00861,1.14.13
R02911,2.3.1
R04322,2.4.1
R13285,
R04331,2.4.1
R08937,2.1.3
R10088,4.3.3
R13267,1.3.1;1.1.1
R10967,2.3.1
R07957,1.3.1;1.1.1
R04355,
R10015,
R07896,
R02037,2.1.1
R00997,2.6.1
R13043,
R03139,1.4.3
R06414,2.3.1
R02389,2.4.1
R00208,
R07214,1.14.17;1.14.11
R01659,4.2.3
R02505,2.3.1
R09461,1.1.1
R00268,4.1.1
R10734,4.2.3
R04962,1.5.1;1.14.13;1.1.1
R04894,1.4.3
R02092,3.6.1
R08575,2.2.1
R06951,5.3.99
R06515,6.2.1;2.3.1
R06513,4.2.1;4.1.1
R02163,1.2.1;1.1.1
R04777,2.3.1
R06310,2.3.1
R07967,1.3.1;1.1.1
R04384,
R00608,1.8.3
R01122,2.5.1
R06943,
R03192,1.1.1
R12689,
R08859,2.4.1
R00473,4.1.3
R10717,1.1.1
R13193,1.11.1;1.13.11
R07599,
R09265,5.5.1
R06383,1.1.1
R10996,5.5.1
R00846,5.3.1
R12076,1.14.20
R06728,3.1.1
R10263,2.4.1
R08115,1.13.11
R05241,1.3.1;1.1.1
R12460,1.14.11
R10732,4.2.3
R02595,3.2.1
R04016,2.4.1
R05150,1.3.1
R12222,
R12615,1.14.11
R08574,2.7.1
R01686,3.5.3
R13189,6.3.2;2.7.1
R12602,
R03018,2.7.1
R05422,1.14.12;1.3.1;1.1.1
R08185,2.3.1
R00693,2.3.1
R02769,2.5.1
R07300,3.5.3
R04025,1.4.3
R12400,1.1.1
R07793,5.4.4
R08626,
R01503,2.7.1
R04608,3.1.1;3.1.8
R06589,5.3.1
R12940,2.7.1
R11311,3.2.1
R01169,2.1.1
R09068,3.1.1
R06758,1.13.11
R11869,5.5.1
R05061,3.2.1
R04834,1.1.1
R02383,1.1.1
R13048,3.1.7
R03488,
R06971,3.5.4
R11374,1.2.1;1.14.13;1.1.1
R01717,5.3.2
R04859,
R05296,
R00772,5.3.1
R06983,1.1.1
R04473,3.1.6;3.1.1
R06278,1.13.11
R13391,3.4.16
R06904,
R00599,2.1.1
R06496,2.4.1
R00365,1.14.13;1.17.1;1.14.12;1.1.1
R10287,5.4.3
R05720,1.13.11
R12485,6.2.1;2.3.1
R13432,3.5.1
R04257,5.4.4
R02516,1.14.13;1.1.1
R12746,2.7.1
R12348,2.4.1
R04112,3.5.1
R01898,5.4.99;5.3.1
R04857,3.5.1;3.5.2
R04159,3.5.2
R06073,4.1.2
R06543,1.14.13;1.1.1
R08966,2.7.7
R13383,1.3.1;1.1.1
R03728,1.3.1;1.1.1
R06517,2.3.1
R02449,1.14.13
R08347,
R08384,1.2.3
R12292,1.3.98
R08613,3.2.1
R11776,1.3.1;1.1.1
R08973,2.1.1
R00833,5.4.99;4.1.3
R02326,2.7.4
R06816,2.1.1
R01856,2.7.1
R02027,3.1.3
R00506,2.4.1
R12881,2.5.1
R12827,1.5.1;1.3.1;1.1.1
R07884,2.3.1
R01890,
R08386,2.3.1
R05213,2.1.1
R01669,2.1.2
R01113,1.8.4
R05643,1.2.1;1.1.1
R12048,1.3.1
R10939,5.3.1
R09254,2.6.1
R07386,
R07839,5.3.2
R12636,2.4.1
R08686,4.4.1
R04037,
R11788,2.4.1;3.2.1
R02529,1.4.3
R03583,1.1.1
R12360,1.1.1
R10356,1.14.13;1.1.1
R05313,1.3.1;1.1.1
R04824,1.1.1
R05075,2.3.1
R04522,4.5.1
R10943,6.3.2
R09946,2.7.1
R02103,1.3.1;1.1.1
R01376,3.5.1
R10135,3.1.1
R02272,5.4.3;2.6.1
R13286,1.14.13;1.1.1
R02167,3.1.3
R09187,1.3.3
R13011,1.14.11
R10380,2.5.1
R01504,2.7.7
R09561,1.8.1
R09562,
R10767,2.7.1
R01451,1.1.1
R05878,1.5.1;1.1.1
R09694,4.2.1
R02594,2.4.1
R04951,3.4.13
R10897,4.2.3
R10850,2.4.1
R03417,3.1.1
R07636,2.7.7
R11472,1.1.1
R05430,1.14.13;1.1.1
R10937,4.2.3
R02512,5.1.3
R00499,3.1.2
R01715,5.4.99
R01350,3.1.1
R03936,
R06161,
R04332,2.1.1
R06793,
R09796,
R07927,2.3.1
R12330,2.7.1
R10955,2.4.1
R04620,3.6.1
R06812,2.4.2;2.4.1
R00161,2.7.7
R13167,
R09528,2.3.1
R08850,3.4.17;3.4.16
R11333,5.3.1
R09138,1.5.1;1.1.1
R07823,2.4.1
R00299,2.7.1
R00539,3.6.1
R02610,1.3.1;1.1.1
R07083,3.4.21
R07753,2.4.1
R04141,3.1.1
R07938,2.3.1
R13356,2.1.1
R04029,2.6.1
R10298,2.4.1;3.2.1
R01106,
R09195,3.6.1
R12749,3.1.3
R08324,
R03427,3.1.3
R12968,6.2.1;2.3.1
R05440,1.3.1;1.14.12;1.1.1
R04732,4.1.1
R03264,1.1.1
R04496,2.1.1
R00442,2.7.7
R01160,2.3.1
R05112,2.4.1
R12984,2.4.1
R04768,
R01316,
R03054,1.1.1
R02971,2.7.1
R01349,2.1.1
R04040,5.5.1
R13359,2.8.3
R12160,2.4.1
R03944,2.7.1
R13313,4.2.3
R10051,3.7.1;5.5.1
R03803,3.1.1;3.1.4
R09190,1.14.13
R00388,5.4.1;4.2.1
R01627,4.2.1
R09932,1.1.1
R02780,3.1.3
R02577,1.14.13;1.1.1
R02118,2.4.1
R01374,1.10.3
R12819,
R12618,3.5.4
R09808,5.1.3
R05864,4.2.1
R09849,2.7.1
R08081,1.14.20
R05166,3.2.1;2.4.1
R12899,3.5.1
R09520,1.5.1;1.14.13
R07635,3.2.1;3.1.4
R07324,5.5.1
R07048,1.5.1;1.1.1
R08697,4.2.3
R06854,
R09112,
R08271,1.3.1;1.5.1;1.1.1
R09315,
R07831,
R01495,2.7.1
R08952,2.5.1
R02863,
R01134,1.5.1;1.1.1
R03776,1.3.1
R02050,2.6.1
R12596,6.3.1
R11306,2.4.1
R01344,4.1.2
R10282,5.1.3
R04927,3.6.1
R07630,4.2.3
R08215,1.1.1
R09958,4.1.1
R01910,1.1.3
R12000,
R03090,1.1.1
R11180,3.1.3
R07255,2.3.1
R11773,2.8.3
R00555,2.4.2
R04108,2.4.1
R04835,1.1.1
R06377,1.1.1
R07229,
R10393,4.2.1
R06610,1.1.1
R06323,1.14.11
R06142,
R09611,2.1.1
R07267,2.5.1
R01778,1.1.1
R02655,1.14.12;1.1.1
R05706,1.5.1
R01759,1.1.1
R02709,2.4.1
R05690,1.5.1;1.1.1
R00686,3.6.1;2.7.1
R12506,3.5.3
R04895,4.2.1
R02421,2.4.1
R05111,2.4.1
R00853,2.4.1
R08314,3.3.2
R07974,1.3.1;1.1.1
R01472,2.4.2;2.4.1
R03229,2.1.1
R05421,3.1.8
R12467,2.3.1
R04588,2.8.3
R05141,3.2.1;2.4.1
R10576,
R03407,1.3.1;1.1.1
R09132,1.3.1;1.1.1
R00119,
R08188,2.3.1
R08380,1.3.1;1.1.1
R10153,5.4.3;5.1.1
R07110,3.3.2
R08957,1.1.1
R10982,1.1.1
R02454,1.1.1
R05433,1.3.1;1.1.1
R03374,2.3.1
R12619,3.5.4
R08310,1.14.12;1.1.1
R07397,2.4.1
R08522,1.21.98
R10605,2.1.1
