Reaction ID,Theia
R06161,4.2.1;3.2.1;4.4.1;5.4.4;2.4.1
R03997,1.14.13;1.14.14;1.14.12;1.14.18;1.14.15
R11162,1.14.14;1.14.13;4.2.1;1.-.-;5.4.4
R10554,5.1.3;2.7.8;2.7.1;2.7.7;3.2.1
R05362,3.7.1;3.1.1;1.2.1;4.1.2;4.2.1
R03488,2.4.1;2.4.99;3.1.3;3.1.4;3.2.1
R12467,2.3.1;1.2.1;1.3.1;3.1.2;1.1.1
R01573,2.7.1;5.3.1;2.3.1;4.1.2;1.1.1
R12881,2.5.1;1.14.14;5.3.3;5.3.99;2.7.1
R11770,1.1.1;1.16.1;1.3.1;1.6.5;1.8.1
R02196,1.4.1;1.5.1;1.5.99;2.6.1;1.7.1
R00739,5.4.3;2.7.8;3.5.1;4.3.1;2.3.1
R00120,1.8.3;1.11.1;1.8.5;6.5.1;1.1.3
R09818,1.14.13;1.14.14;1.2.1;1.17.1;1.14.12
R01860,4.1.1;1.2.3;1.1.1;3.1.1;2.8.3
R09628,4.2.3;5.5.1;4.2.1;5.4.99;5.3.3
R01299,1.14.13;1.2.3;1.2.1;1.14.14;1.14.12
R09187,4.2.1;3.7.1;2.3.1;1.-.-;1.14.13
R03493,4.2.1;5.4.4;4.1.3;5.3.3;2.3.3
R00226,2.2.1;1.1.1;4.1.3;4.1.1;1.2.4
R02165,1.7.1;1.7.99;1.7.5;1.7.7;1.4.99
R11921,4.99.1;4.1.99;4.4.1;2.5.1;1.14.14
R02516,1.14.13;1.13.11;1.14.12;1.14.14;1.14.15
R05602,4.2.1;3.7.1;1.14.14;4.2.3;5.3.99
R06906,4.2.1;3.7.1;1.3.99;1.1.-;3.1.7
R11826,4.2.3;5.5.1;4.3.2;5.4.99;2.7.8
R07397,2.4.1;2.1.1;3.1.1;2.3.1;5.4.99
R01083,4.3.2;6.3.4;2.3.1;4.3.1;1.3.5
R00514,3.6.1;3.1.3;3.-.-;3.1.4;3.6.2
R11329,4.99.1;1.14.14;4.3.1;1.3.1;1.7.3
R07618,1.14.-;1.3.1;1.1.1;1.14.12;4.2.1
R05551,3.5.1;3.1.1;4.2.1;6.3.5;3.5.5
R01066,4.1.2;5.3.1;1.13.99;1.2.-;3.1.21
R03251,1.3.1;1.1.1;1.6.5;1.21.1;1.11.1
R01203,1.1.3;1.13.99;1.4.3;1.11.2;1.2.3
R08245,2.7.8;2.4.2;3.2.2;2.3.1;1.1.1
R08185,3.1.2;3.1.1;2.3.1;1.2.1;1.2.3
R04285,1.1.1;1.2.1;1.3.1;2.3.1;1.-.-
R10655,2.8.2;1.8.4;2.5.1;2.7.8;2.7.7
R04455,1.12.98;1.12.1;3.5.4;1.5.98;6.3.3
R09736,2.1.1;2.5.1;2.3.1;4.1.1;6.3.2
R08529,3.1.3;3.2.1;3.1.4;3.1.1;3.6.3
R09224,1.3.1;1.1.1;1.2.1;1.3.99;1.5.1
R08932,2.1.1;2.3.1;6.3.2;1.3.98;1.-.-
R02485,3.5.4;3.5.99;6.3.4;3.4.19;3.5.1
R02512,4.1.2;1.5.8;2.6.99;6.5.1;1.4.99
R01600,2.7.1;2.7.2;3.1.3;3.6.1;2.1.1
R08859,2.4.1;2.7.7;2.4.2;3.1.1;3.2.1
R00914,1.2.4;6.2.1;4.1.1;3.1.2;2.3.1
R02248,3.6.1;3.1.3;3.1.4;3.2.1;3.6.2
R10021,1.1.1;1.14.13;1.3.1;1.18.1;1.2.1
R09825,2.6.1;1.1.1;2.3.1;1.4.1;4.2.1
R06923,4.1.2;4.2.1;4.4.1;4.5.1;4.1.99
R05409,1.13.11;6.2.1;1.14.12;2.7.7;1.14.99
R05676,2.1.1;1.-.-;2.3.1;3.3.1;2.5.1
R06028,2.1.1;2.5.1;2.7.4;2.7.7;3.8.1
R12615,1.14.11;1.4.11;1.14.20;1.1.99;2.6.1
R02644,5.3.3;2.5.1;1.1.1;5.3.99;5.1.3
R07229,1.8.99;1.7.2;1.8.2;1.8.7;3.13.1
R07960,1.13.12;1.14.14;1.14.13;4.1.99;1.7.3
R13347,1.-.-;1.1.1;1.2.1;1.3.1;3.5.2
R12549,2.3.1;2.3.-;6.3.4;6.2.1;2.6.1
R03227,1.1.1;1.14.13;1.3.1;1.-.-;1.14.-
R09315,2.5.1;2.3.1;2.1.1;4.2.1;1.13.11
R01029,3.1.1;2.3.1;3.1.2;2.5.1;3.5.1
R08101,1.14.12;1.3.1;1.14.13;1.14.14;1.14.-
R06078,3.2.1;5.3.1;3.7.1;4.2.1;3.5.99
R00707,1.2.1;1.11.1;1.1.1;1.5.1;1.17.1
R07332,2.4.1;3.2.1;2.4.2;5.1.3;2.7.7
R09932,1.1.1;1.-.-;1.3.1;1.8.1;1.2.1
R00216,1.1.1;1.1.5;1.1.99;1.3.1;4.1.1
R07141,1.1.1;1.1.99;1.1.5;1.1.-;1.-.-
R10822,2.7.7;2.7.8;2.4.1;6.2.1;2.7.1
R11925,1.2.1;6.2.1;2.3.1;2.1.1;3.1.2
R12865,1.1.1;3.1.1;1.14.13;3.5.1;2.3.1
R01856,3.1.3;3.2.1;3.6.1;3.1.1;3.1.4
R04863,1.2.1;1.7.3;6.2.1;2.5.1;1.3.1
R07060,1.1.1;1.8.1;1.-.-;1.3.1;1.14.13
R10247,1.1.3;5.3.99;2.2.1;1.7.3;1.1.99
R01966,3.2.1;3.1.4;3.5.1;3.1.3;3.6.1
R02338,1.13.11;4.1.1;1.14.14;1.14.13;1.14.99
R08400,2.5.1;5.3.3;1.17.1;2.7.1;4.1.1
R12340,2.4.1;2.7.7;2.7.8;2.7.1;5.2.1
R08081,1.14.20;1.14.11;1.14.19;2.6.1;1.5.3
R09710,5.4.99;4.2.1;5.4.4;1.-.-;5.5.1
R09444,2.8.2;2.7.8;1.8.4;2.7.7;1.3.1
R07903,2.3.1;2.4.2;1.1.1;5.4.1;5.1.3
R10208,3.8.1;4.2.1;3.13.1;3.1.7;3.3.1
R05783,3.5.1;3.5.3;3.5.5;3.2.1;3.4.11
R02103,1.17.1;1.17.3;1.3.98;1.14.13;1.2.3
R13315,2.7.1;6.2.1;2.7.4;2.3.2;2.1.1
R00911,3.4.13;3.4.17;3.5.1;3.4.11;3.4.16
R00042,1.13.11;1.13.12;1.14.11;4.1.1;1.14.99
R05237,1.2.1;3.8.1;1.1.1;1.3.1;4.1.4
R02252,1.3.1;1.21.1;1.1.1;1.2.1;1.6.2
R07168,1.5.1;1.1.1;1.14.13;1.6.5;1.3.1
R13287,4.2.1;3.1.2;3.1.1;3.5.1;3.7.1
R13048,2.8.2;2.7.7;2.7.8;1.8.4;2.3.1
R09840,3.1.2;2.3.1;6.2.1;1.13.99;3.2.1
R01717,5.4.4;5.4.99;3.3.2;5.5.1;5.2.1
R10285,4.3.99;1.1.3;1.1.1;1.14.13;1.8.5
R13352,4.1.1;1.3.8;1.14.12;1.1.5;1.2.2
R10109,1.13.11;3.1.1;2.3.1;1.14.-;1.14.12
R12061,2.3.2;3.5.1;2.3.1;1.14.99;4.4.1
R08973,2.1.1;2.3.1;1.-.-;2.5.1;2.6.1
R08903,2.6.1;1.1.99;2.3.1;1.1.3;1.14.11
R02410,3.2.1;5.4.99;5.4.1;2.4.1;3.1.1
R11119,1.4.3;1.5.3;1.5.99;1.5.-;1.4.9
R03374,2.3.1;3.1.2;6.2.1;3.1.1;1.2.1
R07797,2.8.2;1.8.4;2.7.8;1.14.11;2.3.1
R01204,2.3.1;2.6.1;3.1.1;3.2.1;2.7.7
R00833,5.4.99;5.4.1;2.8.3;4.1.1;2.3.1
R13310,5.5.1;4.2.3;4.3.2;3.1.7;4.5.1
R07954,1.14.13;1.13.12;1.14.14;1.3.98;1.5.1
R08167,2.8.2;2.3.1;4.99.1;2.7.8;2.1.1
R07039,1.13.11;5.4.4;1.14.99;1.14.14;3.3.2
R09714,5.5.1;4.2.1;4.2.3;5.4.99;4.5.1
R10611,2.5.1;2.1.1;2.3.1;6.3.2;2.6.1
R02016,1.8.1;1.6.4;1.8.4;1.11.1;1.21.4
R04410,2.3.1;3.1.1;2.4.1;3.5.1;2.3.2
R13153,2.4.2;2.3.1;5.1.3;2.7.6;2.7.7
R08094,1.1.1;1.14.13;2.3.1;1.2.1;1.3.1
R04257,2.1.1;2.3.1;5.1.3;2.7.4;1.14.14
R07912,2.4.1;2.7.7;6.2.1;2.7.1;2.3.1
R12636,2.4.99;2.4.1;3.1.3;3.1.4;2.7.7
R10293,2.4.1;2.7.8;3.1.1;2.7.7;2.7.1
R03943,2.1.1;2.3.1;4.2.1;1.4.3;1.3.98
R02773,2.6.1;1.4.1;2.3.1;1.1.1;4.1.3
R02467,1.13.11;1.14.99;6.2.1;2.3.1;3.1.1
R07255,2.3.1;1.14.13;1.-.-;1.14.-;4.2.1
R03706,4.2.2;3.2.1;2.4.1;2.3.1;3.1.21
R05083,2.4.1;3.2.1;5.1.3;2.7.7;2.4.2
R08391,1.14.13;1.14.14;5.3.99;3.1.7;1.5.1
R13293,5.5.1;4.2.3;5.3.3;2.5.1;4.2.1
R04355,2.3.1;4.1.1;3.1.2;1.2.7;3.1.1
R05314,1.3.1;1.1.1;1.14.12;5.3.3;1.11.2
R09805,1.1.1;1.2.1;1.5.1;1.4.1;1.17.1
R08695,4.2.3;3.1.7;5.3.3;2.5.1;5.5.1
R07612,1.7.1;1.11.1;2.5.1;1.7.99;4.99.1
R13321,4.2.1;5.4.4;3.3.2;5.3.99;3.5.4
R05422,1.14.12;1.14.13;1.14.-;1.14.14;1.14.15
R01153,2.1.1;1.4.3;2.3.1;1.3.98;2.5.1
R03944,2.7.1;5.3.1;2.7.4;2.1.1;3.1.3
R13012,1.14.11;1.4.11;4.1.1;1.14.20;1.1.5
R00603,4.5.1;2.5.1;4.2.1;4.1.2;5.5.1
R13011,1.1.99;1.14.11;1.4.11;1.1.5;1.14.20
R04095,1.3.8;1.3.99;1.3.3;1.3.5;5.4.99
R06487,2.4.1;2.3.1;2.7.7;2.4.2;3.2.1
R05279,1.14.12;1.13.11;4.2.2;6.-.-;6.3.1
R12968,6.2.1;3.1.2;2.1.1;2.3.1;2.3.-
R07001,1.14.14;1.14.13;1.14.-;1.14.12;1.14.99
R12737,2.3.1;6.2.1;3.1.1;4.2.1;3.1.2
R00624,1.1.1;1.3.1;1.1.98;1.2.1;1.-.-
R03192,1.3.1;1.1.1;1.6.2;1.6.5;1.3.99
R13268,4.2.1;2.3.1;5.4.4;1.14.13;1.-.-
R07188,1.14.12;1.14.13;1.14.-;1.3.1;1.1.1
R10898,5.3.3;4.2.3;5.5.1;2.5.1;3.1.7
R10564,2.3.1;4.1.2;4.2.1;5.1.3;1.1.1
R06278,2.1.1;2.5.1;2.7.1;2.6.1;1.14.12
R08287,1.14.13;1.14.14;2.3.1;1.5.1;1.14.99
R08271,1.14.13;1.14.14;1.13.12;1.14.99;1.14.15
R08128,2.4.1;2.4.2;2.3.1;3.2.1;2.7.7
R06414,2.3.1;2.5.1;6.2.1;3.1.2;5.3.3
R01316,1.1.1;1.14.13;3.1.1;3.1.4;2.3.1
R03583,1.1.1;1.3.1;1.-.-;1.6.5;1.14.13
R01561,2.4.2;2.7.8;3.2.2;2.4.1;2.7.1
R10941,6.3.2;2.7.3;2.7.1;6.3.-;6.3.4
R10710,2.1.1;2.3.1;2.5.1;3.3.1;1.3.98
R07050,1.14.14;1.14.13;1.5.1;1.14.12;1.6.99
R10973,3.1.4;2.7.1;3.6.1;3.1.-;3.6.2
R13167,1.2.4;2.3.1;1.97.1;6.3.1;4.4.1
R10778,3.5.1;3.2.1;3.5.3;2.4.2;1.17.3
R01556,2.3.1;3.1.2;3.1.1;6.2.1;2.3.3
R09711,5.4.99;4.2.3;5.5.1;4.2.1;5.4.1
R11776,1.1.1;1.3.1;1.2.1;2.3.1;1.14.13
R11279,6.1.2;2.1.3;6.3.5;6.4.1;3.6.1
R09103,1.1.-;1.1.1;1.14.-;1.1.2;1.1.99
R12936,2.6.1;1.1.1;1.4.1;2.3.1;4.1.3
R07000,1.14.13;1.14.14;1.14.12;1.13.11;1.14.15
R06583,6.2.1;2.3.1;3.1.2;1.2.1;4.1.2
R07918,3.2.2;2.4.2;2.3.1;1.14.13;5.3.1
R02098,2.7.4;2.7.1;2.1.1;6.2.1;2.7.2
R08979,3.1.1;3.5.1;1.14.13;4.2.1;3.1.2
R10717,1.1.1;1.3.1;1.1.99;1.14.13;2.3.1
R02158,2.4.1;2.7.7;3.2.1;2.4.2;2.7.8
R01082,4.2.1;2.3.1;3.7.1;3.1.1;1.1.1
R01288,2.5.1;4.2.99;2.3.1;1.8.4;5.3.3
R04789,1.14.13;1.14.14;1.14.-;1.14.99;1.13.12
R12602,3.1.1;4.2.1;3.2.2;1.14.14;3.4.21
R01280,6.2.1;2.3.1;3.1.2;2.7.2;1.2.1
R00308,3.2.1;3.7.1;5.3.1;3.1.1;3.6.1
R10955,2.4.1;2.7.7;3.2.1;5.1.3;2.3.1
R12148,6.2.1;3.1.2;2.3.1;2.7.2;2.1.1
R02762,1.1.1;1.2.1;3.7.1;5.3.2;1.3.1
R07688,1.1.-;1.14.-;1.1.1;1.1.99;1.1.2
R06412,4.2.1;3.7.1;3.2.1;3.2.-;1.1.-
R02908,1.4.3;1.4.9;3.5.4;1.5.3;1.5.99
R09810,1.13.11;1.14.99;1.14.12;1.14.14;4.2.1
R04470,3.2.1;3.7.1;5.1.3;3.1.1;3.4.11
R06349,1.14.11;1.3.99;1.14.20;1.14.13;1.3.3
R08522,2.3.1;3.1.1;1.14.14;4.2.1;1.11.1
R10098,2.4.1;2.4.2;2.7.1;3.1.3;2.7.3
R00126,2.4.1;2.7.7;2.7.3;2.7.1;3.1.3
R08324,1.14.13;1.14.14;1.14.99;4.2.1;1.14.19
R11945,1.6.5;1.6.99;1.1.1;1.10.99;1.11.1
R03407,1.1.1;1.3.1;2.3.1;1.8.1;1.6.5
R13043,1.11.1;5.3.3;1.14.99;4.2.1;2.5.1
R07924,2.7.4;2.7.8;2.3.1;2.4.2;3.2.1
R02409,2.5.1;1.8.4;1.8.5;5.3.3;5.1.99
R06571,1.1.1;1.2.1;1.11.1;1.8.1;1.6.5
R07178,1.23.5;5.5.1;4.2.3;1.8.5;2.5.1
R03716,1.1.1;1.2.1;1.3.1;1.-.-;1.1.5
R12924,1.14.13;1.14.14;1.13.11;1.14.99;1.14.16
R03114,1.1.1;1.3.1;1.14.13;1.6.5;1.-.-
R03054,1.1.1;1.2.1;1.11.1;1.8.1;1.6.5
R10573,1.1.1;1.8.1;1.3.1;1.6.5;1.2.1
R05440,1.14.12;1.3.1;1.14.13;1.14.-;1.14.14
R02618,1.4.1;1.7.1;1.12.1;1.1.1;1.19.1
R07952,1.1.1;2.3.1;1.3.1;1.-.-;1.2.1
R01884,3.5.3;3.5.2;3.4.13;3.4.21;3.4.11
R06847,1.1.1;1.1.5;5.3.3;1.6.5;1.-.-
R00919,1.3.1;2.3.1;1.1.1;1.3.8;1.6.2
R00665,3.5.1;3.5.3;3.4.19;4.3.1;2.1.3
R12292,2.5.1;1.14.14;1.14.-;1.3.1;1.14.12
R00418,5.1.3;2.3.1;2.7.8;2.4.2;2.7.7
R12755,2.7.1;3.2.1;2.7.4;3.6.1;3.1.4
R05227,2.5.1;4.2.1;2.3.1;3.1.3;2.7.1
R08217,2.7.1;2.7.12;2.7.4;2.7.11;2.7.10
R02167,3.1.3;3.6.1;2.7.1;3.1.4;4.2.3
R07404,6.3.4;6.3.5;5.4.99;6.4.1;2.7.2
R10452,2.1.1;2.3.1;2.5.1;3.5.1;6.3.2
R10389,1.7.3;1.7.99;1.11.2;1.7.5;1.11.1
R04372,3.1.3;3.6.1;3.2.1;3.7.1;3.1.4
R05141,3.2.1;3.1.1;3.1.4;3.7.1;3.1.3
R12634,3.2.1;5.3.1;2.4.1;2.3.1;3.1.1
R06893,3.1.1;3.5.1;3.2.1;3.1.2;4.2.1
R04581,2.4.1;3.2.1;5.4.99;2.3.1;5.4.1
R10911,2.1.1;4.2.1;2.5.1;3.1.1;4.1.2
R12022,1.14.19;1.14.14;1.9.3;1.16.3;1.14.99
R04425,4.2.1;3.2.1;2.3.3;5.4.4;3.4.11
R03913,1.8.1;1.8.4;1.6.4;1.11.1;1.19.1
R07085,1.14.14;1.14.13;3.5.4;1.11.1;1.14.99
R07957,1.14.13;1.13.12;1.14.14;4.1.99;1.3.98
R00399,2.3.1;3.1.2;6.2.1;2.3.3;3.2.1
R02039,1.2.1;1.1.1;1.2.3;1.3.1;3.1.2
R11221,2.1.1;2.3.1;3.5.1;3.5.3;2.5.1
R12740,1.14.14;1.-.-;2.1.1;4.2.1;5.4.4
R06971,3.5.4;3.8.1;3.5.99;3.3.1;6.3.4
R13416,2.3.1;3.1.1;3.1.2;2.3.3;1.2.7
R10647,2.8.4;2.1.1;3.13.1;3.3.1;4.4.1
R13371,3.1.3;3.6.1;3.1.4;2.7.1;4.2.3
R00053,3.1.1;1.14.-;3.4.21;3.4.11;3.5.1
R12596,6.3.2;2.7.1;2.7.4;6.2.1;2.1.1
R12013,1.14.19;1.14.13;1.14.-;1.6.99;1.18.1
R12087,2.3.1;3.1.1;2.5.1;2.6.1;2.3.2
R08613,3.2.1;3.1.4;3.1.1;3.7.1;4.2.2
R01113,2.3.1;2.7.4;2.4.1;5.1.3;2.7.8
R07884,2.3.1;3.1.2;6.2.1;3.1.1;1.2.1
R05552,4.3.1;4.2.1;3.5.99;2.6.1;3.5.4
R05637,2.3.1;4.6.1;2.4.1;5.1.3;5.1.99
R13384,1.4.3;1.5.3;1.7.3;1.14.14;1.5.99
R01632,1.13.11;1.14.12;1.1.3;1.1.5;1.14.13
R05213,2.1.1;2.3.1;2.5.1;6.3.2;2.6.1
R00208,3.1.3;2.7.9;2.7.1;2.5.1;4.1.1
R07110,3.3.2;1.14.14;1.14.13;5.4.4;3.4.11
R08951,2.5.1;5.3.3;5.5.1;4.2.99;5.3.99
R05880,3.1.1;3.1.2;3.3.2;3.4.11;3.1.4
R11290,1.1.1;1.3.1;1.16.1;1.8.1;1.6.5
R12792,2.7.1;2.7.4;3.1.3;2.1.1;2.7.7
R01374,4.3.1;4.2.1;2.5.1;2.1.1;2.1.2
R00643,1.1.3;1.3.3;1.8.3;1.14.21;1.21.3
R05402,2.5.1;1.97.1;1.8.4;5.3.3;1.8.5
R06515,3.1.2;2.3.1;6.2.1;2.3.3;3.1.1
R02810,1.11.1;1.11.2;5.1.1;3.4.17;3.5.4
R12285,2.5.1;4.2.1;5.3.99;4.2.3;5.4.4
R05061,2.3.1;3.1.1;2.4.1;1.1.1;4.2.99
R07359,2.1.1;2.5.1;1.3.1;4.2.1;4.3.1
R02356,1.14.14;1.14.13;4.2.1;1.5.1;1.1.1
R03718,2.3.1;3.1.2;6.2.1;3.1.1;6.3.2
R10424,2.7.7;2.4.1;6.2.1;2.7.4;2.5.1
R09766,1.14.13;1.1.1;5.4.99;2.3.1;4.2.1
R03482,3.1.1;3.5.1;2.3.1;2.7.1;2.4.1
R11995,4.2.1;1.-.-;4.3.1;4.3.2;2.1.2
R13408,1.14.13;1.14.14;1.11.1;1.14.99;1.13.12
R05364,3.7.1;5.2.1;3.1.1;3.5.1;1.14.19
R12274,3.1.1;3.3.2;4.2.99;4.2.1;3.1.3
R10901,2.7.1;2.3.1;6.2.1;2.7.3;3.1.1
R09895,4.2.3;5.5.1;2.5.1;4.3.2;4.2.99
R10124,2.3.1;1.2.4;2.6.1;1.1.1;2.3.2
R04610,2.7.7;2.4.2;2.3.1;5.1.3;1.3.1
R02880,1.3.3;1.3.99;1.21.3;4.1.1;1.14.18
R09505,1.11.1;1.14.19;1.3.99;1.6.99;1.3.3
R02576,2.3.1;2.1.1;6.3.2;6.2.1;1.3.8
R13412,2.5.1;2.1.1;4.3.1;4.2.99;2.4.2
R04883,1.2.1;1.1.1;1.-.-;1.8.1;1.4.1
R09136,3.1.1;5.5.1;3.5.1;3.1.2;3.1.4
R10126,1.1.1;1.2.1;1.14.13;1.3.1;1.-.-
R09528,2.3.1;3.1.1;6.2.1;2.4.1;2.8.3
R12749,3.1.4;3.6.1;3.1.26;4.6.1;3.2.1
R01648,2.6.1;1.4.1;1.4.3;4.1.1;1.4.11
R11306,2.4.1;5.4.99;3.2.1;2.3.1;5.4.1
R10356,1.14.13;1.14.14;1.13.12;1.1.1;1.5.1
R09138,1.3.1;3.1.1;2.3.1;1.3.99;1.1.1
R09593,2.7.3;2.7.1;6.3.2;1.1.1;2.3.1
R07267,2.5.1;5.3.3;1.17.1;2.7.1;4.1.1
R04322,5.1.3;2.4.2;2.7.7;2.3.1;2.7.6
R00334,2.7.4;2.7.1;2.1.1;6.2.1;2.7.2
R02979,1.14.19;1.3.8;1.1.99;1.14.14;1.3.99
R04534,1.1.1;2.3.1;4.2.1;1.14.13;1.-.-
R12727,2.1.1;6.2.1;2.7.4;2.7.2;2.7.1
R03975,3.5.1;3.4.11;3.4.13;3.1.1;4.2.1
R00588,2.6.1;4.1.3;5.3.1;4.1.2;4.3.1
R11492,1.10.3;1.14.18;1.1.5;1.1.99;1.11.1
R00705,1.2.1;1.1.1;4.1.1;1.8.1;1.2.4
R12257,4.1.1;1.13.-;6.1.3;1.2.2;1.17.2
R11183,2.7.1;2.7.4;2.7.7;3.1.3;2.1.1
R13359,2.3.1;1.14.11;1.1.1;2.6.1;4.1.2
R10282,5.2.1;1.14.19;1.14.99;2.3.1;2.7.4
R04230,6.3.2;4.1.1;3.4.13;2.7.1;2.3.2
R12296,2.5.1;2.3.1;4.3.1;4.2.1;2.6.1
R11629,2.7.3;2.7.1;6.4.1;6.3.2;2.7.9
R11917,4.1.1;1.4.3;1.2.3;1.13.12;1.11.1
R02197,1.4.3;2.6.1;3.5.4;1.4.1;1.5.3
R09555,1.14.12;1.14.13;1.14.14;1.3.1;1.14.-
R08060,1.2.7;2.3.1;1.2.99;3.5.1;3.1.1
R01520,1.1.1;1.3.1;1.1.5;1.1.99;1.2.1
R08924,6.4.1;6.3.4;2.7.3;1.3.1;5.4.99
R13313,4.2.3;4.3.2;2.5.1;5.5.1;5.3.3
R10767,6.1.2;2.1.3;6.3.5;6.4.1;3.6.1
R04362,3.1.4;3.1.3;3.6.1;2.7.8;3.1.1
R02242,2.3.1;3.1.2;1.3.1;1.2.7;5.4.1
R09616,4.2.3;5.5.1;2.5.1;4.3.2;4.2.99
R10928,3.1.1;2.1.1;2.3.1;2.5.1;4.1.1
R02596,1.-.-;1.1.1;1.14.13;1.1.5;5.5.1
R01227,3.1.3;3.6.1;2.7.1;4.2.3;3.1.4
R11540,3.1.1;4.2.1;3.8.1;3.3.2;3.6.1
R01010,3.1.3;2.7.1;3.6.1;3.1.4;4.2.3
R04703,1.3.3;1.3.1;1.5.3;1.3.99;1.14.21
R12930,2.1.1;2.3.1;1.14.99;1.14.13;2.7.8
R00686,3.4.17;5.1.1;3.4.11;3.4.16;3.4.13
R00376,2.7.4;2.1.1;2.6.99;1.1.98;2.7.1
R07082,3.3.2;3.1.3;4.2.1;3.1.4;3.2.1
R13046,3.5.1;3.1.1;3.2.1;2.3.1;4.2.1
R00957,2.4.1;3.2.1;3.1.3;3.6.1;3.1.4
R06758,1.-.-;1.13.11;2.1.1;1.1.99;2.3.1
R12050,2.5.1;2.3.2;2.7.8;1.14.13;3.5.1
R05133,3.2.1;2.4.1;3.1.1;2.3.1;3.4.13
R01498,3.2.1;3.5.1;3.1.1;3.2.2;3.5.3
R02163,1.6.5;1.6.99;1.1.1;1.10.99;1.3.1
R08262,2.4.1;2.7.7;5.1.3;3.1.1;2.5.1
R01320,2.1.1;2.3.1;1.14.13;1.-.-;2.5.1
R01837,1.1.1;5.3.3;1.3.1;1.14.13;1.6.5
R10203,1.14.14;1.1.99;4.2.1;1.14.99;1.14.13
R00449,1.13.12;4.1.1;1.14.20;1.13.11;4.1.99
R08846,1.3.1;4.3.1;1.6.2;1.5.1;1.6.5
R05111,2.7.7;5.1.3;2.4.2;2.3.1;2.7.4
R08547,2.1.1;2.5.1;4.3.3;2.3.1;4.4.1
R12998,4.6.1;3.1.4;2.7.1;3.6.1;6.2.1
R02813,4.2.1;2.3.1;1.14.99;3.2.1;5.4.4
R04515,4.1.1;1.1.1;1.1.5;1.2.4;3.7.1
R07175,1.8.1;1.8.4;1.6.4;1.6.2;1.1.1
R04016,3.5.1;2.3.1;2.4.2;2.1.2;6.3.4
R02285,3.5.3;3.5.4;2.1.2;3.5.99;3.4.17
R13038,4.2.1;3.4.13;3.4.11;3.13.1;2.1.4
R08293,1.14.14;1.14.13;4.3.3;2.5.1;1.5.1
R00223,4.3.1;4.4.1;2.5.1;5.1.1;3.5.99
R07914,2.7.7;2.4.1;2.1.1;2.3.1;5.1.3
R09397,2.7.4;2.7.1;2.1.1;6.2.1;2.7.2
R07995,5.5.1;1.-.-;1.1.1;3.7.1;1.3.5
R11208,3.5.1;4.2.1;2.3.2;3.4.19;1.13.12
R02118,2.4.1;2.4.2;5.1.3;2.7.7;1.14.-
R12453,1.3.1;1.3.99;1.2.1;1.1.1;1.6.5
R12984,1.14.13;2.3.1;1.14.99;3.1.1;2.4.1
R02367,2.3.1;1.2.1;3.1.2;3.1.1;2.3.3
R08987,2.1.1;2.3.1;2.5.1;6.3.2;2.6.1
R07433,2.3.1;3.1.2;3.1.1;1.2.1;4.1.2
R01446,1.2.1;1.1.1;4.1.2;4.2.1;1.14.13
R07753,2.4.1;3.2.1;2.7.7;2.4.2;5.1.3
R11103,2.3.1;2.7.4;2.4.1;5.1.3;2.7.8
R03936,3.7.1;3.5.1;3.4.16;2.6.1;3.4.17
R08467,2.1.1;1.3.98;2.3.1;1.14.17;3.3.1
R12021,1.14.19;1.14.14;4.1.99;1.14.15;1.14.13
R09838,1.-.-;5.3.3;1.14.12;1.1.1;1.14.13
R00043,1.13.11;1.14.99;1.14.12;1.1.3;1.13.12
R05674,2.1.1;2.-.-;2.5.1;3.3.1;4.3.3
R02481,2.3.1;2.1.1;2.3.-;3.1.1;6.3.4
R03826,1.1.1;1.2.1;4.2.1;1.14.13;1.8.1
R05641,1.3.1;1.1.1;1.2.1;1.3.99;1.14.21
R12076,1.14.20;3.5.1;3.4.13;1.13.12;3.4.17
R08512,2.5.1;2.1.1;5.3.3;4.4.1;1.8.4
R01350,3.1.1;2.3.1;5.4.99;5.4.1;4.2.99
R11946,1.13.11;1.14.99;1.14.18;6.2.1;1.10.3
R11050,1.5.3;6.5.1;1.8.3;1.1.3;1.7.3
R08231,2.4.2;3.2.2;2.7.8;2.3.1;6.3.4
R07793,1.14.-;1.14.12;4.3.1;1.13.11;1.14.13
R08480,2.7.1;2.7.9;2.7.7;2.7.12;2.7.4
R02577,1.1.1;1.2.1;4.1.2;1.3.1;2.3.1
R04648,2.4.99;3.1.3;2.4.1;3.1.4;2.7.7
R04356,2.3.1;6.2.1;3.1.1;3.1.2;1.2.1
R01881,2.7.3;2.7.13;6.2.1;1.13.12;3.9.1
R04494,2.4.1;3.2.1;5.4.99;3.1.1;5.1.99
R10836,2.4.2;2.7.8;3.2.2;6.3.4;2.7.7
R02709,2.4.1;2.7.7;5.1.3;2.4.2;3.2.1
R07300,3.5.1;3.1.1;3.1.2;4.2.1;2.3.1
R07324,5.5.1;3.7.1;1.1.3;5.3.1;3.1.3
R09987,1.1.1;1.14.13;5.3.3;1.-.-;1.3.1
R08628,4.2.1;5.4.4;1.1.1;1.-.-;4.1.3
R10134,3.1.1;2.3.1;3.2.1;2.4.1;3.5.1
R12533,3.6.1;3.1.3;3.6.4;3.1.4;2.7.3
R00529,2.8.2;2.7.7;2.7.1;6.2.1;1.8.4
R13445,1.3.1;1.3.99;2.3.1;5.3.3;1.5.1
R02611,1.1.1;1.2.1;1.1.5;1.-.-;1.3.1
R05112,3.2.1;3.1.1;3.1.4;3.1.3;5.1.3
R10784,3.2.1;3.4.11;3.1.4;3.1.1;3.4.13
R03681,2.4.1;2.4.2;3.2.1;2.7.7;4.1.3
R01325,4.2.1;5.4.4;2.3.3;1.14.14;3.2.1
R00959,5.4.2;2.7.1;3.1.3;2.7.7;2.7.8
R00549,2.7.1;2.7.2;3.1.3;3.6.1;2.1.1
R08181,3.1.2;3.1.1;2.3.1;1.2.1;1.2.3
R04061,1.13.11;1.13.99;1.10.3;4.5.1;1.14.18
R12000,4.1.1;4.2.1;2.5.1;1.14.13;2.3.1
R11209,3.5.1;6.3.1;1.4.1;4.2.1;1.13.12
R09676,2.4.1;2.7.7;2.4.2;3.1.1;5.1.3
R08206,1.14.13;1.14.14;1.14.99;1.14.15;1.14.-
R12425,2.3.1;2.7.4;2.4.1;5.1.3;2.7.8
R03987,2.8.2;2.7.8;2.7.7;1.8.4;2.3.1
R08824,2.4.1;2.4.2;2.3.1;3.2.1;2.7.7
R00406,2.3.1;2.8.3;3.1.1;2.7.8;4.2.1
R01804,2.5.1;3.1.3;2.3.1;4.1.3;4.2.1
R03139,1.4.3;1.5.3;3.5.4;1.5.99;1.4.9
R07226,1.21.4;1.17.4;1.8.4;1.4.1;2.5.1
R06174,2.1.1;2.5.1;1.14.-;3.8.1;2.7.7
R01185,3.1.3;3.6.1;3.1.4;2.7.1;4.6.1
R08830,2.4.1;2.7.7;2.7.8;2.4.2;6.2.1
R12090,1.1.1;1.3.1;1.2.1;1.14.13;1.5.1
R01738,1.1.1;1.1.5;2.7.1;1.1.99;1.3.1
R13356,2.1.1;2.3.1;3.1.1;4.2.1;5.3.3
R03751,3.1.1;2.3.1;3.5.1;3.1.2;1.14.13
R04952,2.3.1;3.1.1;3.1.2;6.2.1;1.2.7
R09509,4.3.99;6.3.4;1.2.2;1.17.1;3.4.19
R07311,3.2.1;3.6.1;3.13.1;3.1.4;3.4.17
R02528,1.1.1;1.3.1;1.2.1;1.1.99;1.-.-
R02092,3.6.1;3.1.3;3.-.-;3.1.4;3.6.2
R10634,2.3.1;3.1.1;3.2.2;3.5.1;6.3.4
R04390,1.1.1;1.2.1;1.3.1;1.5.1;1.-.-
R09533,3.2.1;2.4.1;3.1.1;2.3.1;3.5.1
R12746,2.7.1;3.2.1;3.6.1;3.1.4;3.6.3
R05150,1.3.1;1.1.1;1.2.1;1.5.1;1.6.5
R04777,2.3.1;2.1.1;6.2.1;6.3.2;3.1.2
R09245,2.5.1;5.3.3;1.17.1;2.7.1;4.1.1
R10558,1.13.11;1.14.19;5.5.1;1.3.3;1.14.21
R07092,2.5.1;4.2.99;5.3.3;2.3.1;5.3.99
R03024,3.1.3;3.6.1;3.1.4;3.1.1;2.7.9
R05861,1.4.3;1.5.99;1.4.99;1.4.1;1.5.-
R05701,1.2.1;1.1.1;1.11.1;1.2.3;1.5.1
R08228,3.5.1;3.5.3;3.2.1;3.4.19;3.1.1
R02811,4.1.2;2.5.1;1.1.3;3.3.2;4.3.1
R12200,2.3.1;3.1.1;2.4.1;2.3.2;2.5.1
R00471,4.1.3;4.1.2;2.6.1;1.1.99;4.4.1
R04332,2.1.1;2.3.1;2.5.1;3.3.1;1.-.-
R04617,2.7.3;6.3.2;2.7.1;2.7.4;2.7.7
R09168,3.3.2;3.4.11;1.14.13;4.2.1;1.14.14
R11457,1.14.14;1.14.13;4.2.1;1.14.99;1.13.12
R00944,3.5.1;3.5.4;6.3.4;2.1.2;1.5.1
R05294,1.14.12;1.21.21;1.14.99;1.14.14;1.14.13
R08986,1.14.13;1.97.1;1.14.-;2.3.1;2.5.1
R03854,4.1.1;1.2.4;1.1.5;1.1.2;1.2.7
R03776,1.3.1;2.3.1;1.3.99;1.3.3;1.1.1
R02969,1.1.1;1.8.1;1.6.5;1.6.99;1.3.1
R01171,1.3.1;2.3.1;1.3.99;1.3.3;1.1.1
R12199,3.1.1;3.5.1;3.4.17;3.2.1;3.1.2
R12554,5.3.1;5.1.3;1.1.1;5.-.-;5.1.2
R05248,1.13.11;4.1.1;1.3.5;1.13.12;1.14.17
R07747,1.3.1;1.14.13;4.2.1;1.14.14;1.6.5
R05687,1.1.1;1.6.5;1.-.-;1.8.1;5.3.2
R10310,1.1.1;1.14.13;1.5.1;1.6.5;1.-.-
R06831,1.14.12;1.3.1;1.14.13;1.14.-;1.14.19
R10937,4.2.3;2.7.1;2.5.1;1.1.1;4.1.1
R02490,4.2.1;3.2.1;3.7.1;5.4.4;2.3.3
R06586,2.6.1;1.1.99;4.3.1;2.4.1;1.4.1
R00063,2.3.1;3.1.1;2.4.1;3.2.1;2.3.2
R00693,2.3.1;2.1.1;2.6.1;6.3.2;2.3.-
R02943,2.5.1;5.3.3;4.2.99;2.4.1;1.14.99
R00506,2.7.7;2.4.2;2.3.1;5.1.3;2.5.1
R10422,1.1.1;1.3.1;2.3.1;1.14.13;1.-.-
R12734,2.3.1;4.1.1;1.1.1;3.1.2;1.2.4
R03595,3.6.1;3.-.-;3.1.3;3.1.4;2.7.9
R04169,2.1.1;2.3.1;2.5.1;1.3.98;4.1.1
R00767,2.7.1;2.3.1;2.7.4;2.1.1;2.7.2
R11471,1.1.1;1.2.1;4.2.1;1.-.-;1.8.1
R10457,2.5.1;5.3.3;1.3.99;2.1.1;1.3.3
R05421,3.1.8;3.13.1;3.1.1;1.14.14;1.16.3
R12207,2.4.2;2.4.1;5.1.3;2.7.7;5.4.2
R12481,4.2.1;1.14.14;1.-.-;1.3.1;1.11.2
R00014,1.2.4;4.1.1;1.2.7;1.4.11;1.8.98
R06920,1.1.-;4.2.1;1.3.1;1.-.-;4.2.2
R07272,2.5.1;5.3.3;1.14.-;1.14.15;2.4.1
R01451,1.3.1;5.3.3;1.1.1;1.6.5;1.2.1
R03036,3.6.1;3.1.4;3.-.-;3.2.1;3.1.3
R04721,2.3.1;3.1.1;2.7.8;2.7.1;2.3.2
R10962,2.1.1;1.-.-;2.3.1;3.3.1;2.5.1
R03427,3.1.3;3.6.1;3.2.1;3.1.4;3.1.1
R13366,3.5.1;3.4.-;3.5.3;3.1.4;4.2.1
R09380,2.3.1;3.1.2;5.4.1;3.1.1;1.1.1
R03032,4.2.1;3.2.1;1.1.1;3.7.1;4.1.3
R10643,2.8.3;6.3.2;1.3.99;4.2.1;5.3.3
R01018,2.7.1;2.7.4;2.1.1;3.1.3;2.7.2
R07927,2.3.1;3.1.1;3.1.2;1.2.1;1.3.1
R02677,3.6.1;3.1.4;3.-.-;3.2.1;3.1.3
R10543,2.1.3;6.1.2;2.3.1;2.7.8;4.6.1
R03770,2.7.1;3.1.3;2.7.4;2.7.11;3.1.4
R02136,2.7.1;4.6.1;1.1.1;1.1.99;5.1.3
R02087,5.1.3;2.7.8;5.4.99;5.-.-;2.3.1
R00027,4.1.2;1.1.1;1.-.-;4.2.1;4.1.1
R11032,1.4.1;1.5.1;1.5.99;1.4.3;1.7.1
R05300,5.5.1;1.3.5;5.4.99;3.7.1;5.2.1
R12489,4.2.1;2.3.1;2.8.3;3.1.2;5.1.2
R07534,1.3.99;1.14.99;1.3.8;1.3.3;2.3.1
R05683,1.1.1;1.1.99;1.3.1;2.7.1;1.-.-
R07679,1.3.2;1.10.2;1.8.2;1.1.2;1.11.1
R04496,2.1.1;2.3.1;3.1.1;3.5.1;3.4.19
R03450,3.1.3;3.1.4;3.6.1;2.7.99;4.2.3
R03799,2.5.1;5.3.3;5.3.99;4.2.99;1.14.-
R01415,1.3.1;1.3.99;1.3.3;1.3.98;1.1.1
R00535,2.8.2;3.1.6;2.7.8;2.7.7;1.8.4
R00057,1.8.3;1.11.1;1.1.3;1.15.1;6.5.1
R00466,1.2.3;4.1.3;1.5.3;1.17.3;1.11.1
R04361,2.3.1;2.7.1;3.1.1;1.3.1;2.4.1
R12604,1.1.1;1.14.13;1.8.1;1.18.1;1.3.1
R02862,2.1.1;2.3.1;2.5.1;6.3.2;2.4.2
R04526,2.4.1;2.4.2;3.2.1;2.4.-;2.3.1
R06821,2.3.1;6.2.1;3.1.1;3.1.2;1.2.1
R12429,6.3.1;6.3.5;2.7.4;2.3.2;2.7.7
R10296,2.4.1;3.2.1;2.3.1;2.7.8;2.4.2
R01926,2.7.1;3.1.3;2.7.11;3.1.4;3.6.1
R10996,1.2.4;1.2.7;4.1.1;1.2.2;1.4.11
R04834,1.1.1;1.3.1;1.-.-;1.1.99;1.1.5
R12827,1.14.13;1.14.14;1.14.-;1.5.1;1.13.12
R10122,1.3.1;2.3.1;1.1.1;2.7.1;1.3.99
R02601,4.2.1;3.7.1;4.1.3;3.2.1;3.3.2
R08898,2.4.1;2.7.8;2.4.2;1.14.13;1.14.11
R06988,5.4.4;4.3.3;1.-.-;1.7.1;5.4.99
R03565,2.4.1;2.7.7;2.4.2;6.2.1;2.4.99
R00473,4.1.3;1.1.99;2.6.1;4.1.1;1.1.3
R00599,2.1.1;2.-.-;2.5.1;1.3.98;4.3.3
R09244,2.5.1;5.3.3;1.17.1;2.7.1;4.1.1
R04768,1.5.3;1.3.3;1.3.1;1.14.21;1.3.99
R04741,1.1.1;2.3.1;4.2.1;1.14.13;1.-.-
R03613,6.3.1;3.5.1;2.7.2;2.7.1;2.1.1
R13109,4.1.1;1.14.11;1.4.11;1.14.20;2.6.1
R10704,1.14.13;1.14.15;1.3.98;1.6.3;1.6.99
R10185,2.7.8;3.2.2;2.4.2;2.8.2;2.3.1
R10856,1.1.3;1.1.99;4.1.2;1.1.1;2.6.1
R02449,1.14.13;1.14.14;1.14.12;1.14.-;1.6.5
R05336,2.8.3;3.5.1;2.3.1;3.1.1;1.2.3
R09376,1.1.1;1.8.1;1.2.1;1.3.1;2.5.1
R02075,1.13.11;5.3.3;1.14.12;1.14.13;1.14.18
R11343,1.1.2;1.1.1;3.8.1;1.1.5;1.2.98
R10286,5.4.3;5.2.1;2.7.8;2.3.1;5.1.1
R00908,2.6.1;1.4.1;4.1.1;4.1.2;4.1.3
R08705,1.1.1;1.8.1;1.14.13;2.7.1;1.-.-
R02605,4.5.1;4.3.1;4.1.99;1.97.1;1.14.3
R12943,1.7.1;1.7.2;3.1.4;3.1.-;3.6.1
R09958,4.1.1;5.4.99;2.3.1;1.3.99;4.2.1
R11299,2.6.1;1.4.1;2.2.1;2.3.1;1.1.99
R08347,1.4.3;1.5.3;1.5.99;3.5.4;1.14.14
R00228,1.2.1;2.3.1;1.8.1;1.3.1;1.2.4
R12761,4.2.1;3.7.1;3.5.1;3.1.2;5.3.99
R12618,1.14.14;1.14.18;1.14.13;5.4.4;1.7.3
R03917,2.5.1;5.3.3;1.13.11;5.3.2;1.14.99
R04431,2.7.7;2.4.2;5.1.3;2.3.1;2.4.1
R08969,2.3.1;2.7.8;1.1.1;1.14.13;2.4.1
R12222,1.14.11;1.14.20;1.14.99;4.1.1;1.14.-
R08807,2.3.1;3.1.2;3.1.1;4.2.1;1.2.7
R01967,2.7.1;2.7.2;3.1.3;3.6.1;2.1.1
R11347,1.14.13;1.14.14;1.14.12;1.14.18;1.14.15
R04927,1.8.99;1.8.4;2.7.7;1.8.7;1.7.2
R06967,3.5.4;3.5.99;2.1.2;1.7.1;3.3.1
R10738,2.1.1;2.3.1;6.2.1;2.7.4;2.7.7
R09272,1.13.11;1.14.13;1.14.18;1.14.-;1.10.3
R10055,1.23.5;5.3.99;1.10.99;1.5.5;4.2.3
R07287,2.8.2;2.7.8;3.1.6;2.7.7;1.8.4
R00268,1.1.1;2.3.1;4.2.1;3.5.1;4.1.1
R09620,4.2.3;5.5.1;2.5.1;4.3.2;1.14.13
R11528,2.8.1;1.13.11;4.4.1;1.8.5;5.3.3
R05163,2.3.1;3.1.2;3.1.1;6.2.1;1.2.1
R02590,2.7.7;2.7.1;2.7.4;3.6.3;6.2.1
R11505,1.6.3;1.6.99;1.4.3;1.8.3;1.7.3
R07249,2.3.1;3.1.2;3.1.1;2.3.2;2.3.3
R00209,1.2.4;1.2.1;1.8.1;2.3.1;1.1.1
R05055,3.4.11;3.4.13;3.4.19;3.4.21;3.4.18
R02621,3.5.3;3.5.1;2.1.3;3.5.4;4.3.2
R09068,3.1.1;2.3.1;1.3.1;4.2.1;1.1.1
R09849,2.7.1;2.7.4;2.1.1;2.3.1;2.7.2
R02298,2.4.2;3.2.2;2.7.3;2.7.8;6.3.4
R02658,2.7.1;2.7.2;3.1.3;3.6.1;2.1.1
R04654,2.4.1;3.2.1;2.7.7;2.7.1;2.3.1
R01928,2.4.2;5.1.3;2.3.1;2.7.7;2.7.6
R00725,2.7.1;2.7.2;3.1.3;3.6.1;2.1.1
R00578,6.3.5;3.5.1;3.6.1;3.1.4;3.6.4
R08386,2.3.1;1.14.14;2.5.1;2.4.2;2.3.2
R10850,2.4.1;3.2.1;2.7.7;2.7.8;3.1.1
R08120,3.7.1;3.1.1;5.5.1;5.3.3;1.13.11
R13444,1.1.1;1.3.1;1.2.1;1.6.5;1.5.1
R06424,5.3.2;1.1.5;1.1.1;5.3.3;1.13.11
R06719,2.1.1;2.3.1;2.5.1;4.4.1;6.3.2
R01712,2.6.1;2.3.1;2.3.2;5.3.1;3.5.99
R12799,4.1.1;4.1.3;2.8.3;1.-.-;4.1.2
R03313,1.2.1;1.1.1;1.5.1;1.4.1;1.6.5
R11543,2.3.1;1.14.13;6.-.-;2.5.1;1.1.1
R07831,4.2.1;3.7.1;3.1.2;3.1.1;4.4.1
R10998,2.3.1;2.5.1;2.1.1;2.7.7;2.8.1
R08147,2.1.1;2.3.1;2.5.1;3.1.1;6.3.2
R13375,1.1.98;4.3.3;4.1.1;1.3.98;4.1.2
R01563,3.5.1;3.5.4;4.2.1;1.5.8;1.14.14
R06450,2.4.1;2.7.7;2.4.2;2.3.1;2.7.1
R05878,1.5.1;1.14.14;1.14.13;1.2.1;1.5.99
R06689,1.14.13;1.1.1;1.14.14;1.-.-;2.1.1
R12488,4.2.1;2.3.1;2.8.3;3.1.2;3.1.1
R01869,1.3.1;1.1.1;1.5.1;1.2.1;1.3.98
R11869,5.5.1;4.2.3;5.4.99;4.5.1;1.3.99
R13267,1.1.1;2.3.1;4.2.1;1.-.-;1.14.13
R07867,4.2.1;5.4.4;2.5.1;5.3.99;2.3.1
R07321,5.3.99;5.99.1;5.4.4;1.14.13;1.1.1
R13303,2.5.1;5.3.3;5.5.1;4.1.1;5.3.99
R02926,3.2.1;2.4.1;3.1.1;3.7.1;3.2.2
R12204,3.1.1;3.5.1;3.4.17;3.2.1;3.1.2
R12617,1.14.14;1.4.3;3.5.4;1.14.13;1.7.3
R03393,3.1.3;3.6.1;3.2.1;3.1.4;3.1.1
R10033,1.14.14;1.14.13;4.2.1;1.13.12;1.14.18
R02040,3.5.1;3.1.1;3.1.2;2.3.1;3.4.11
R06886,1.3.-;1.14.12;1.1.3;4.2.1;1.1.99
R13081,3.2.1;2.4.1;3.1.1;2.3.1;3.4.13
R03014,2.7.1;5.3.1;2.7.4;2.1.1;3.1.3
R04894,1.4.3;1.13.99;2.1.1;4.2.1;1.5.3
R13345,1.1.1;1.3.1;2.4.1;1.3.99;2.3.1
R05451,2.3.1;6.2.1;2.7.1;1.2.1;2.8.3
R03331,3.1.4;3.1.3;3.6.1;4.6.1;2.7.1
R06563,1.3.1;4.2.1;1.14.14;5.3.3;2.3.1
R07337,2.4.2;2.3.1;2.4.1;1.1.1;2.7.7
R03901,4.4.1;4.1.99;4.5.1;4.1.2;1.14.99
R04513,3.1.3;3.6.1;4.2.1;3.1.4;2.7.1
R09331,2.4.1;2.7.7;2.4.2;2.3.1;5.1.3
R08957,1.1.1;1.3.1;2.3.1;1.-.-;1.14.13
R09973,5.5.1;4.2.1;4.2.3;1.1.1;1.-.-
R00723,3.1.3;3.6.1;3.1.4;3.2.1;3.4.11
R03721,2.1.1;2.3.1;2.5.1;4.3.3;1.-.-
R02974,3.5.4;5.4.99;3.5.99;3.4.19;4.2.1
R10530,3.2.1;2.3.1;5.1.3;4.2.1;2.4.1
R02896,1.1.1;1.2.1;1.8.1;1.-.-;1.1.-
R05312,1.3.1;1.14.12;1.1.1;1.3.99;1.14.21
R13253,3.2.1;2.4.1;3.4.11;5.1.3;3.1.4
R12619,1.14.14;1.14.-;1.14.13;1.3.8;1.3.99
R11100,3.5.99;4.3.1;1.4.3;1.5.99;3.5.4
R04260,5.3.3;3.1.1;5.5.1;5.3.2;2.4.1
R13274,6.2.1;2.7.2;2.3.1;3.1.2;1.2.1
R11203,2.3.1;2.7.4;2.4.1;5.1.3;2.7.8
R08575,2.2.1;5.3.1;4.1.2;1.1.2;1.1.99
R09946,2.7.1;2.7.4;2.1.1;2.7.7;6.2.1
R08150,3.1.1;3.5.1;3.4.21;3.1.2;3.7.1
R08215,1.1.1;4.1.1;1.2.4;1.2.1;2.7.11
R13178,3.2.1;3.2.2;3.1.1;2.4.1;3.1.4
R09961,4.2.3;5.5.1;4.3.2;2.4.1;1.1.1
R12916,2.4.1;2.4.2;6.2.1;6.3.2;2.7.7
R11402,2.7.4;2.7.1;2.1.1;6.2.1;2.7.2
R13119,1.14.13;1.14.-;1.14.15;1.13.12;1.13.11
R05759,2.1.1;2.3.1;2.5.1;3.5.1;3.1.1
R00710,1.2.1;1.1.1;1.2.3;1.5.1;1.4.1
R02911,2.3.1;6.3.4;2.1.1;2.6.1;3.1.2
R09063,2.1.1;2.5.1;2.3.1;1.3.98;4.4.1
R06048,2.4.1;3.2.1;2.7.7;2.4.2;3.1.3
R00102,3.2.2;3.5.1;2.4.2;2.3.1;3.2.1
R08816,2.4.1;2.7.7;2.7.8;2.4.2;6.2.1
R02430,2.7.1;2.7.2;2.1.1;3.6.1;3.1.3
R01574,1.1.1;2.3.1;1.3.1;1.-.-;1.1.5
R10143,1.14.11;1.14.20;1.14.13;1.13.11;1.13.12
R08204,1.14.13;1.14.14;1.13.12;1.1.1;1.14.-
R06793,4.2.1;3.2.1;3.5.1;3.1.1;2.3.1
R04346,2.7.8;1.1.1;2.4.2;1.3.1;1.14.13
R10588,2.1.1;1.-.-;2.3.1;3.3.1;2.5.1
R09820,1.2.1;1.17.1;1.1.1;1.3.1;1.11.1
R07081,1.14.14;1.14.13;1.14.-;1.14.12;1.14.99
R07447,1.3.1;1.3.99;1.1.1;1.3.3;1.3.8
R00161,2.7.4;2.7.1;2.1.1;6.2.1;2.7.2
R07310,2.1.1;1.-.-;1.13.11;4.1.1;4.4.1
R12114,3.1.3;3.6.1;2.7.1;4.2.3;3.1.4
R04093,4.99.1;4.3.1;1.14.14;1.7.3;4.2.1
R11107,1.14.13;1.14.99;1.7.1;4.1.99;1.14.-
R01109,1.8.4;1.11.1;1.8.1;2.8.1;2.5.1
R03260,2.5.1;2.3.1;2.1.1;5.3.3;4.2.99
R01231,6.3.5;3.5.1;6.3.4;4.2.1;3.5.4
R08113,1.3.1;1.14.12;1.1.1;1.-.-;1.6.2
R12958,3.1.3;3.6.1;2.7.1;4.2.3;3.1.4
R00850,2.7.1;2.7.8;5.4.2;4.6.1;2.7.7
R05765,5.5.1;4.2.3;5.3.3;1.1.3;4.3.2
R11785,3.1.3;3.6.1;2.7.1;4.2.3;3.1.4
R00980,1.14.12;1.14.13;1.3.1;1.7.1;1.6.5
R01090,2.6.1;2.3.1;5.1.1;3.4.11;2.7.8
R06680,2.1.1;2.3.1;3.5.1;2.5.1;3.4.19
R12779,6.2.1;2.3.1;2.7.1;6.3.5;1.13.12
R00997,3.5.99;4.4.1;4.3.1;3.5.1;1.4.1
R01472,2.4.2;2.7.7;2.3.1;5.1.3;2.7.6
R02712,3.5.1;3.4.19;3.2.1;3.4.11;3.5.5
R06399,1.1.1;1.3.1;1.14.13;1.2.1;2.3.1
R12915,2.3.1;4.1.1;1.2.1;1.2.4;1.14.13
R03745,1.1.1;1.14.13;1.1.-;2.3.1;1.8.1
R06578,2.1.1;2.3.1;1.-.-;6.3.2;4.2.1
R03540,3.5.1;4.2.1;3.4.19;3.5.4;3.5.3
R06915,1.14.13;1.14.14;1.2.1;1.1.1;1.6.5
R03803,3.1.1;2.3.1;3.1.4;3.1.2;3.2.1
R03127,4.1.1;1.1.1;2.3.1;4.2.1;4.1.2
R02727,2.4.1;2.7.1;3.1.3;2.4.2;5.4.99
R10169,2.1.1;2.3.1;1.3.98;6.3.2;1.3.1
R07405,5.4.99;2.7.2;5.4.1;3.5.2;3.1.1
R12048,1.14.19;1.14.99;1.6.3;1.6.99;1.14.13
R13391,1.13.11;6.3.2;2.1.1;1.14.18;2.5.1
R04810,1.1.1;1.2.1;1.1.-;2.3.1;1.3.1
R03435,3.1.4;3.1.3;3.6.1;3.1.1;2.7.8
R04162,2.7.1;3.1.3;3.6.1;2.4.1;3.1.4
R00853,2.4.2;2.3.1;2.7.8;2.7.7;2.7.1
R01890,2.7.4;2.7.1;2.7.7;5.1.99;3.6.1
R01999,2.3.1;1.2.1;3.1.2;2.5.1;2.3.3
R00809,2.4.2;2.7.7;2.3.1;2.7.6;5.1.3
R04103,3.5.1;4.2.1;6.3.-;3.5.3;4.3.1
R03831,1.21.3;1.14.21;1.14.18;1.1.3;2.1.1
R00703,1.1.1;1.1.5;1.1.2;1.1.99;1.14.13
R12794,2.8.2;1.14.13;1.8.4;2.7.8;1.8.99
R04885,4.1.1;4.3.3;1.14.13;1.17.2;1.14.14
R08633,4.4.1;2.5.1;4.3.1;4.1.99;4.5.1
R00432,6.2.1;2.3.1;2.7.3;6.3.2;3.1.2
R10805,2.8.2;2.7.8;1.8.4;2.7.7;2.3.1
R05690,1.1.1;1.8.1;1.2.1;1.3.1;1.14.13
R12496,2.3.1;3.1.1;2.3.3;1.2.7;6.2.1
R00365,1.4.1;1.5.1;4.1.3;1.7.1;4.3.2
R10797,4.1.1;1.17.98;1.3.98;4.3.3;4.2.1
R02849,2.7.1;2.1.1;2.3.1;2.7.2;2.7.4
R11878,4.1.2;1.8.3;4.2.1;1.1.1;2.9.1
R01975,1.1.1;2.3.1;4.2.1;1.-.-;1.2.1
R11310,5.4.2;2.7.1;2.4.1;5.1.3;1.1.1
R09617,4.2.3;4.3.2;3.1.7;4.2.1;5.5.1
R03438,2.3.1;3.1.2;3.1.1;6.2.1;2.5.1
R05226,3.5.1;3.4.11;1.13.12;3.2.1;4.2.1
R08819,2.3.1;3.1.1;2.4.1;2.1.1;2.7.1
R04656,2.4.99;2.4.1;3.1.3;3.1.4;2.3.2
R01582,2.6.1;5.1.1;3.5.1;2.3.2;2.7.8
R06206,3.2.1;3.4.11;3.1.4;3.1.1;3.4.13
R06166,1.1.1;1.14.-;1.3.1;2.3.1;1.14.13
R05666,1.14.13;1.14.14;1.14.12;1.14.-;1.11.1
R00375,2.7.1;2.4.2;2.6.99;2.7.4;2.1.1
R01259,1.4.3;4.3.1;1.5.99;3.5.4;1.11.1
R10250,2.1.1;2.3.1;2.5.1;4.3.3;1.-.-
R07959,1.13.12;1.14.14;1.14.13;4.1.99;1.7.3
R02520,4.1.1;1.13.11;1.2.99;1.13.12;1.2.3
R07865,4.2.1;5.4.4;5.3.99;3.3.2;3.2.-
R09254,2.6.1;6.3.2;2.8.1;2.3.2;2.7.8
R12639,2.5.1;5.3.3;1.17.1;2.7.1;4.1.1
R00207,1.2.3;2.7.3;4.1.1;1.1.5;2.7.2
R00441,2.1.1;2.7.4;2.7.1;2.7.2;2.7.7
R00518,2.7.1;2.7.4;2.7.2;2.1.1;2.3.1
R11313,3.5.1;3.5.4;2.3.2;4.3.2;3.5.3
R13189,3.5.1;2.7.1;2.7.4;2.7.11;2.1.1
R09737,2.1.1;4.1.1;4.3.3;2.5.1;2.3.1
R02551,3.5.1;3.4.11;3.1.1;4.1.1;2.3.1
R11180,3.1.3;3.6.1;2.7.1;4.2.3;3.1.4
R08610,1.14.11;1.14.20;1.2.4;4.1.1;1.1.99
R03111,2.1.1;2.3.1;2.5.1;2.6.1;6.3.2
R02655,1.2.1;1.2.3;1.1.1;1.17.1;1.2.99
R04895,4.2.1;5.3.3;3.7.1;5.4.4;5.3.99
R06376,1.1.1;1.3.1;1.14.13;1.-.-;1.6.5
R11309,3.2.1;2.4.1;2.3.1;3.1.1;1.1.1
R00866,2.7.1;2.7.4;2.1.1;2.3.1;2.7.2
R09392,1.14.13;2.3.1;1.1.1;1.13.12;6.2.1
R03062,3.1.1;3.1.2;3.1.4;3.4.11;3.5.2
R02030,2.7.8;2.7.1;3.6.1;3.1.3;2.3.1
R02287,2.1.2;2.1.5;5.3.1;1.1.3;2.1.1
R12828,1.14.13;1.14.14;1.11.1;1.13.12;1.14.-
R01431,1.1.1;2.4.1;1.-.-;2.7.1;4.6.1
R12065,3.5.1;2.3.2;2.3.1;2.5.1;3.4.-
R03778,2.3.1;3.1.2;2.8.3;3.1.1;2.3.3
R04509,2.7.4;2.7.1;2.1.1;6.2.1;2.7.2
R06543,1.3.1;1.1.1;1.2.1;1.6.5;1.6.2
R09889,4.2.3;5.5.1;5.3.3;4.3.2;2.5.1
R01134,1.7.1;1.6.6;1.5.1;3.5.4;6.3.4
R03731,2.1.1;2.3.1;1.-.-;6.3.2;2.5.1
R00923,4.1.1;5.4.99;2.3.1;1.2.7;1.3.8
R07599,1.2.4;4.1.1;1.14.11;1.4.11;1.8.1
R12797,3.2.1;3.1.4;3.1.1;3.5.1;3.4.11
R09596,6.3.1;2.3.2;6.2.1;6.3.2;6.3.4
R03685,3.2.1;3.4.13;3.4.11;3.4.17;3.6.3
R02600,1.1.1;1.2.1;4.1.2;1.3.1;1.5.1
R10741,1.14.20;3.4.13;3.4.17;3.6.1;1.13.12
R11188,3.1.4;3.1.3;3.6.1;2.7.3;3.2.1
R07713,4.1.2;2.6.1;4.5.1;4.2.1;4.1.3
R10732,4.2.3;5.5.1;1.1.1;1.14.13;4.3.2
R02476,1.1.1;1.3.1;1.14.13;1.-.-;1.18.1
R09893,4.2.3;1.3.-;5.5.1;5.4.99;4.3.2
R06322,1.14.11;1.14.20;1.14.15;1.4.11;1.1.3
R01976,1.1.1;2.3.1;4.2.1;1.-.-;1.2.1
R03049,3.1.1;2.3.1;4.2.1;3.1.2;3.5.1
R09529,2.4.1;2.1.1;2.7.7;2.3.1;5.1.3
R02863,2.5.1;3.5.99;2.7.1;4.3.1;2.6.1
R04466,2.3.1;2.6.1;3.1.1;3.2.1;2.7.7
R06073,4.2.1;2.5.1;2.3.1;4.1.2;1.14.-
R03102,1.2.1;1.1.1;1.5.1;1.4.1;1.2.3
R12397,2.3.1;6.2.1;1.2.1;2.5.1;6.1.-
R01261,2.6.1;1.1.2;1.4.11;4.1.3;1.4.7
R11062,2.7.8;2.7.1;2.3.1;3.1.1;2.4.1
R00301,1.1.1;1.1.99;3.1.1;1.3.1;1.1.5
R10972,3.1.4;3.1.3;3.2.1;3.6.1;4.6.1
R07147,1.1.1;1.3.1;1.1.99;1.1.5;1.2.1
R11374,1.14.13;1.14.14;1.14.15;1.14.18;1.6.99
R11191,2.1.1;4.1.1;1.3.98;2.3.1;6.3.2
R12390,3.1.1;3.2.1;3.5.1;2.3.1;3.2.2
R12538,1.14.14;1.3.1;1.14.13;1.11.1;1.11.2
R08314,3.3.2;1.14.14;3.4.11;4.2.1;1.14.13
R10446,1.14.11;1.4.11;1.14.20;2.6.1;4.1.1
R03154,2.8.3;2.3.1;4.1.3;6.2.1;4.2.1
R02383,1.14.13;1.14.14;1.14.12;1.14.18;1.14.16
R08380,1.1.1;1.3.1;1.2.1;2.3.1;1.5.1
R13260,4.2.1;5.4.4;1.13.12;1.14.13;1.14.14
R11513,4.2.1;1.-.-;1.1.1;1.14.12;1.11.1
R03153,2.8.3;4.1.3;2.3.1;3.1.1;3.1.2
R10897,4.2.1;4.2.3;2.5.1;5.4.4;5.3.99
R00772,5.3.1;2.3.1;1.1.1;2.6.1;2.2.1
R12885,1.1.1;1.1.-;1.3.1;1.1.99;5.3.3
R03921,3.2.1;5.4.99;2.4.1;5.4.1;2.3.1
R04185,1.1.1;1.-.-;1.1.99;1.3.1;1.14.13
R01867,1.3.5;1.3.98;1.3.99;2.3.1;1.3.3
R11090,2.7.3;3.9.1;2.1.1;3.-.-;2.7.13
R05075,2.3.1;6.2.1;3.1.2;1.2.1;2.8.3
R13395,3.1.1;2.3.1;3.1.4;3.-.-;3.5.1
R12537,3.1.1;3.1.2;2.3.1;3.4.11;2.5.1
R07996,1.14.11;1.14.20;1.4.11;1.1.5;4.1.1
R06393,3.1.1;1.14.13;3.5.1;2.3.1;3.1.2
R07651,3.4.13;3.4.16;3.4.17;3.4.11;3.5.1
R02991,3.1.1;3.5.1;5.3.3;5.3.99;2.3.1
R10092,4.2.1;4.1.1;1.6.5;6.3.4;3.1.1
R02978,1.1.1;2.3.1;1.1.99;1.-.-;2.7.1
R05399,1.6.5;1.3.1;1.11.1;1.14.13;1.8.1
R10508,2.5.1;5.5.1;2.3.1;4.2.3;4.2.99
R04945,2.5.1;2.7.7;4.4.1;2.9.1;3.1.1
R10960,2.3.1;4.2.1;1.13.12;4.1.2;1.2.4
R09248,2.5.1;5.3.3;1.17.1;2.7.1;4.1.1
R12689,2.8.1;4.4.1;1.13.11;1.8.5;5.3.3
R08541,4.2.3;5.5.1;4.3.2;4.3.1;5.3.3
R07252,2.3.1;6.2.1;3.1.2;3.2.1;3.1.1
R01909,2.7.1;2.7.4;2.7.2;2.1.1;6.2.1
R12348,2.3.1;3.1.1;2.3.2;2.7.1;2.5.1
R04824,1.1.1;1.3.1;2.3.1;1.14.13;1.-.-
R09708,5.4.4;5.4.99;1.1.1;4.2.1;1.14.13
R00205,1.2.1;1.1.1;1.4.1;1.2.3;1.2.4
R06770,2.4.1;2.7.7;3.1.1;2.3.1;2.4.2
R12261,5.5.1;4.2.3;5.3.3;5.4.99;4.3.2
R01586,4.3.1;1.4.3;1.5.1;2.1.1;3.5.1
R10417,1.1.1;1.14.13;1.3.1;1.6.5;1.1.3
R00873,1.1.99;2.2.1;1.1.5;1.1.1;5.4.99
R08310,1.1.1;1.2.1;1.6.5;1.14.13;1.8.1
R07635,6.5.1;4.6.1;2.7.8;2.7.1;2.4.1
R09831,3.2.1;4.2.1;3.7.1;3.1.1;2.3.1
R11192,2.1.1;2.3.1;6.3.2;4.1.1;1.3.98
R01504,6.2.1;3.6.1;2.7.1;3.-.-;6.3.2
R01409,4.1.2;2.5.1;4.3.1;4.2.1;2.3.1
R08621,1.1.1;1.3.1;4.1.1;1.2.4;1.8.1
R06470,1.14.-;1.14.13;1.14.12;1.14.15;1.14.19
R10605,2.1.1;2.3.1;2.5.1;6.3.2;2.6.1
R02361,4.2.2;2.3.1;3.2.1;5.1.3;5.4.1
R12161,2.5.1;4.3.1;4.1.99;4.3.3;1.4.3
R03545,1.1.1;1.2.1;1.-.-;1.1.-;1.5.1
R06917,1.1.1;1.2.1;1.-.-;1.3.1;1.14.13
R00022,3.2.1;3.7.1;3.4.11;3.1.1;3.5.1
R03456,2.1.1;2.3.1;2.5.1;6.3.2;2.6.1
R00332,2.7.4;2.7.1;2.1.1;6.2.1;2.7.2
R01460,3.2.1;2.4.1;3.1.1;3.7.1;2.3.1
R13442,2.6.1;4.2.1;2.3.1;1.1.1;1.4.1
R02586,2.8.2;3.1.6;2.7.8;2.7.7;1.8.4
R01064,4.1.2;2.2.1;4.1.3;4.4.1;2.7.6
R07079,1.14.14;1.14.13;4.1.99;1.14.12;1.11.1
R12741,2.5.1;1.-.-;1.14.13;1.3.1;1.1.1
R02541,3.5.1;3.1.4;3.1.3;3.2.1;3.1.1
R00684,2.6.1;2.3.2;2.3.1;2.7.8;3.5.1
R11549,1.14.11;1.14.20;1.13.11;4.1.1;1.-.-
R02648,3.1.4;3.1.3;3.6.1;4.6.1;3.1.11
R05109,2.4.2;2.3.1;2.7.7;2.7.6;5.1.3
R12969,3.5.1;3.2.1;2.3.1;3.2.2;3.1.1
R04025,1.4.3;1.5.3;3.5.4;4.1.99;1.5.99
R03633,2.1.1;1.-.-;2.3.1;3.3.1;2.5.1
R08984,1.14.13;1.14.18;1.14.-;1.14.14;2.1.1
R10829,2.4.1;2.7.3;3.1.3;2.7.1;2.4.-
R12407,1.14.20;1.14.11;4.1.1;1.9.3;1.2.2
R09280,1.2.1;1.3.1;2.3.1;1.5.1;1.8.1
R09992,1.17.4;1.1.4;1.1.98;1.8.98;1.11.1
R12059,6.2.1;3.6.1;2.7.1;3.-.-;2.7.4
R13031,1.14.13;1.14.14;1.14.12;1.14.18;1.14.16
R07814,1.14.99;1.13.11;1.17.99;1.14.12;4.1.99
R08295,3.4.11;2.3.2;3.4.21;3.4.19;3.4.22
R05307,1.2.1;1.1.1;1.8.1;1.3.1;1.-.-
R02457,1.4.3;1.5.99;1.4.99;1.5.-;1.5.3
R06523,4.2.3;5.5.1;4.3.2;3.1.7;5.4.99
R00511,3.1.3;3.6.1;2.7.1;4.2.3;3.1.4
R04544,2.3.1;4.2.1;5.4.4;3.1.1;1.14.13
R09918,5.5.1;1.3.-;4.5.1;1.3.99;1.3.8
R03498,1.1.1;1.14.13;1.8.1;1.1.5;1.6.5
R11555,2.7.8;6.2.1;2.7.1;2.7.-;2.4.1
R00224,4.1.1;1.2.7;4.1.3;1.2.4;4.4.1
R09132,1.3.1;1.14.12;1.1.1;1.3.99;1.6.5
R12606,2.6.1;1.1.1;2.3.1;2.5.1;1.4.1
R12237,1.5.1;1.1.1;1.3.1;1.6.2;1.8.1
R02057,2.7.8;2.7.-;6.2.1;3.1.3;2.7.1
R09750,1.5.1;1.19.1;1.14.13;1.6.99;1.1.1
R12344,2.7.1;3.1.3;2.7.11;3.1.4;3.6.1
R03271,2.5.1;4.2.99;4.4.1;3.3.1;1.8.99
R12778,1.14.11;1.4.11;4.1.1;1.14.20;1.13.11
R07072,3.3.2;1.14.14;3.4.11;5.4.4;1.14.13
R03020,5.4.99;2.3.1;1.14.99;2.4.2;2.8.3
R05568,1.14.15;1.14.13;1.14.99;1.13.11;1.13.12
R04794,3.3.2;1.14.13;3.4.11;5.4.4;4.2.1
R10368,1.14.21;1.14.19;1.3.3;1.6.99;1.10.99
R10200,2.3.1;3.1.1;3.1.2;6.2.1;1.2.1
R04315,1.17.4;1.11.1;1.8.4;1.8.98;1.8.1
R02687,3.1.1;3.-.-;2.3.1;3.1.2;3.3.2
R04692,2.1.1;2.5.1;3.3.1;4.2.1;2.3.1
R02894,1.4.3;1.5.99;1.5.-;1.5.3;1.5.1
R11589,2.3.1;4.1.1;4.2.1;1.1.1;5.3.3
R07741,2.3.1;6.2.1;3.1.1;3.1.2;1.2.1
R06336,1.4.11;1.14.11;1.14.20;1.14.-;1.14.13
R01495,2.7.1;3.1.3;2.7.11;3.1.4;3.6.1
R10629,3.2.2;2.4.99;2.4.2;3.5.1;3.5.4
R11086,2.5.1;5.3.3;3.7.1;5.5.1;5.3.99
R00662,3.6.1;3.1.4;3.-.-;3.6.4;3.6.3
R02865,2.7.1;2.7.2;2.1.1;3.6.1;3.1.3
R04547,1.3.99;1.3.1;1.3.8;1.17.99;1.3.3
R00200,2.7.1;2.7.9;4.1.1;2.5.1;2.7.4
R10742,1.14.20;1.14.11;1.17.2;1.14.3;1.9.3
R01676,3.5.4;3.5.99;1.7.1;3.5.1;1.7.2
R01715,5.4.99;4.2.1;5.4.4;5.4.1;1.3.1
R11024,2.7.1;2.7.7;2.7.4;2.1.1;2.3.1
R03609,2.3.2;3.5.1;6.3.1;2.5.1;3.1.1
R00499,3.1.2;2.3.1;3.1.1;3.2.1;2.5.1
R10153,4.3.2;2.6.1;1.14.14;3.4.17;2.3.2
R03680,2.4.1;2.7.7;6.2.1;2.4.2;5.1.3
R12330,2.7.2;2.7.4;2.7.1;6.2.1;3.6.1
R06951,5.3.99;4.2.1;5.99.1;5.1.3;2.3.1
R08936,2.1.3;4.3.99;6.3.4;6.4.1;3.5.2
R06979,4.2.1;2.3.1;4.3.3;3.1.2;1.14.18
R10843,1.13.11;1.14.99;1.13.12;1.14.13;1.14.14
R01731,2.6.1;5.3.1;2.7.8;2.4.1;4.1.1
R03230,2.3.1;1.14.14;3.1.2;3.1.1;6.2.1
R08303,1.14.13;1.14.14;1.14.12;1.5.1;1.2.1
R07258,2.4.1;4.2.2;2.4.-;3.2.1;2.-.-
R06688,1.14.13;1.14.14;1.14.-;1.-.-;1.14.12
R05166,3.2.1;2.4.1;3.1.4;3.5.1;3.4.11
R05706,1.5.1;1.19.1;1.14.13;1.6.99;1.1.1
R06022,1.1.3;3.1.3;4.2.3;2.4.1;1.1.5
R00426,3.6.1;3.1.4;3.-.-;3.6.4;3.6.3
R08538,2.1.1;2.3.1;2.5.1;2.6.1;4.3.3
R00700,1.12.1;1.14.99;1.1.1;1.6.3;1.8.1
R11722,5.3.1;1.1.99;1.1.3;5.1.3;2.6.1
R04108,2.4.1;2.7.7;3.2.1;3.1.1;2.7.8
R12320,1.8.1;1.14.13;1.14.14;1.6.3;1.14.99
R04037,2.4.2;3.5.4;3.2.2;4.3.2;2.1.2
R06856,1.14.12;1.3.1;2.7.4;1.1.1;1.14.13
R02326,2.3.1;2.7.4;2.4.1;5.1.3;2.7.8
R10824,2.1.1;1.-.-;2.3.1;2.5.1;3.3.1
R02107,1.17.3;1.2.3;1.7.3;1.14.18;3.5.4
R00111,1.14.13;1.14.14;1.14.12;1.14.15;1.5.1
R13247,2.1.1;4.2.1;2.5.1;5.3.99;4.3.1
R00192,3.3.1;3.13.1;4.4.1;3.1.2;4.2.1
R01633,1.3.1;1.14.12;1.1.1;1.6.5;6.-.-
R05565,1.14.15;1.14.99;3.5.4;1.13.12;1.13.11
R13306,2.6.1;1.3.99;2.1.3;2.3.1;2.8.3
R02401,1.2.1;1.1.1;1.5.1;1.4.1;4.1.99
R08051,2.5.1;1.5.99;3.5.4;2.6.1;3.5.1
R12250,3.2.1;2.4.1;3.7.1;3.4.11;3.1.1
R00391,3.1.2;2.3.1;2.3.3;1.2.7;2.8.3
R04467,2.3.1;2.7.4;2.4.1;5.1.3;2.7.8
R09195,6.3.5;3.6.4;3.6.1;3.1.4;3.6.3
R07426,2.4.1;3.2.1;2.4.2;2.3.1;3.6.1
R04592,1.3.99;1.17.99;1.3.8;1.3.1;1.3.3
R04331,2.4.1;2.4.-;6.2.1;5.1.99;3.2.1
R04321,2.7.8;6.5.1;2.7.7;3.1.3;2.7.1
R03275,2.6.1;6.2.1;3.5.1;2.8.3;2.8.1
R06077,3.2.1;5.3.1;3.7.1;1.1.3;3.3.2
R05238,1.2.1;3.1.2;1.2.3;3.1.1;4.2.1
R05773,4.1.2;4.2.1;2.3.1;1.1.99;1.1.3
R12650,1.14.11;1.14.20;1.4.11;4.1.1;1.1.99
R06074,3.1.3;2.4.1;3.1.4;2.7.7;2.3.1
R01055,4.2.1;3.5.1;3.2.1;5.4.99;3.2.-
R07672,5.1.3;2.7.1;2.7.7;2.3.1;2.3.2
R11311,2.3.1;2.7.4;2.4.1;5.1.3;2.7.8
R12426,1.17.99;1.4.1;1.14.12;1.11.1;1.8.1
R06973,4.1.1;1.1.1;4.1.2;5.3.2;4.1.3
R07913,2.4.1;2.7.7;2.7.8;2.4.2;6.2.1
R02368,3.1.1;2.3.1;4.2.1;3.1.2;3.5.1
R03367,4.1.1;2.3.1;4.2.1;1.3.3;4.1.2
R05748,1.20.4;1.8.5;1.11.1;1.20.1;1.8.1
R02594,2.4.1;2.7.7;3.2.1;3.1.1;2.1.1
R09782,1.13.11;1.14.99;1.14.14;1.13.12;1.14.13
R09201,1.14.12;1.3.1;2.7.4;1.14.21;1.3.3
R13124,2.4.1;3.2.1;2.7.8;5.1.3;2.4.2
R03458,1.1.1;1.8.1;1.2.1;1.3.1;2.5.1
R11229,2.7.4;2.7.1;2.7.7;6.2.1;2.1.1
R00507,2.8.2;3.1.4;3.6.2;3.1.1;3.4.17
R01627,4.2.1;1.1.1;1.1.5;1.2.1;1.1.-
R06835,3.1.1;5.5.1;2.3.1;3.2.1;3.7.1
R04323,4.1.1;1.1.1;1.14.13;1.-.-;1.3.8
R08901,3.5.1;3.1.1;3.2.1;3.1.2;3.4.11
R00481,1.4.3;1.5.3;1.5.99;6.5.1;1.8.3
R10398,3.1.1;3.5.1;3.1.2;3.-.-;2.3.1
R10668,3.2.2;2.4.2;3.5.1;3.1.1;5.3.1
R12977,3.1.1;5.1.1;3.7.1;3.5.1;3.4.11
R01659,2.5.1;5.3.3;1.14.99;2.3.2;4.1.1
R12493,2.3.1;2.8.3;4.2.1;1.3.1;4.1.2
R01649,3.5.1;1.14.13;4.1.99;1.5.1;1.13.12
R12690,2.8.1;1.13.11;1.8.5;1.8.4;1.14.99
R05218,1.14.14;1.3.1;1.-.-;2.3.1;2.1.1
R01989,2.3.1;2.7.4;2.4.1;5.1.3;2.7.8
R05368,3.8.1;1.1.1;3.1.1;4.2.1;3.1.7
R13182,2.1.1;2.5.1;6.2.1;2.3.1;2.6.1
R01332,3.2.1;2.4.1;2.3.1;5.3.1;3.6.1
R01441,2.7.1;2.3.1;2.1.1;2.7.7;5.1.3
R00212,2.3.1;4.1.3;2.6.1;2.3.3;1.2.7
R05864,4.2.1;3.7.1;4.1.3;5.4.4;1.1.1
R10846,5.4.99;5.4.1;3.2.1;1.3.2;5.-.-
R01910,1.1.99;1.1.3;1.11.1;1.5.3;1.8.3
R08635,4.4.1;4.1.99;4.3.1;4.5.1;2.1.1
R02447,2.3.1;4.1.1;6.2.1;3.1.2;1.2.7
R05389,5.3.2;3.7.1;5.3.3;4.1.1;4.2.1
R08276,1.14.13;1.14.14;1.14.18;1.5.1;2.3.1
R09086,3.6.1;2.7.1;3.-.-;3.1.3;2.7.8
R09618,3.1.7;4.2.3;4.2.1;5.4.4;3.7.1
R09520,1.5.1;1.19.1;1.14.13;1.6.99;1.1.1
R09112,1.14.13;1.1.1;1.14.14;1.14.15;1.8.99
R05865,4.2.1;3.7.1;1.13.11;1.14.19;5.3.99
R13185,2.1.1;2.3.1;1.14.13;3.1.1;2.7.8
R00985,4.1.3;1.4.-;5.4.4;2.3.3;4.4.1
R04280,1.13.11;1.14.13;1.14.-;1.14.18;1.14.14
R10103,1.4.3;1.5.1;4.2.1;1.1.2;1.4.1
R01735,1.2.1;1.1.1;4.2.1;1.17.1;1.3.1
R01028,3.1.6;3.10.1;2.8.2;4.3.1;4.2.1
R05299,1.13.11;1.14.12;1.3.3;4.1.99;1.10.3
R02971,2.7.1;2.7.4;2.1.1;3.1.3;3.6.1
R01764,4.1.1;1.1.1;5.3.2;4.1.2;2.2.1
R08966,2.7.4;2.7.1;2.1.1;6.2.1;2.7.2
R09190,1.14.13;1.14.-;1.14.14;1.14.15;1.13.12
R07907,2.1.1;1.-.-;2.7.4;2.3.1;2.4.1
R07331,2.1.1;1.-.-;2.3.1;2.5.1;3.3.1
R06323,1.14.11;1.14.20;1.14.15;3.4.-;1.13.12
R04463,6.3.5;6.3.1;3.5.2;6.3.4;3.5.1
R02194,6.2.1;2.3.1;3.1.2;1.2.1;4.1.2
R10279,5.1.3;2.4.1;2.7.1;3.2.1;2.6.1
R10280,5.1.99;4.2.1;5.2.1;2.A.3;1.97.1
R02533,2.1.1;4.2.1;2.3.1;6.3.2;2.5.1
R13195,4.1.1;1.4.3;4.3.1;3.5.99;4.1.3
R10263,2.4.1;2.3.1;2.4.2;2.1.1;1.3.1
R11029,2.7.7;3.1.11;2.1.1;2.7.4;2.7.1
R00119,3.5.1;1.14.13;1.14.99;2.3.1;3.5.3
R06589,5.3.1;2.4.1;2.3.1;1.1.1;2.6.1
R01686,3.5.1;2.6.1;3.5.3;2.5.1;4.3.1
R03193,2.7.1;6.3.2;2.3.2;2.7.3;6.2.1
R01122,2.5.1;1.5.99;3.5.4;3.5.1;2.6.1
R01169,2.1.1;2.3.1;2.5.1;6.3.2;3.1.1
R12506,2.3.1;2.7.4;2.4.1;5.1.3;2.7.8
R11842,5.5.1;4.2.3;5.3.3;2.5.1;4.3.2
R11243,1.1.1;1.14.13;1.3.1;1.6.5;1.1.5
R12787,2.1.1;2.3.1;3.1.1;1.14.13;1.1.5
R00310,4.99.1;4.3.1;1.14.14;1.3.1;2.7.1
R01683,1.5.1;1.4.1;1.5.99;1.4.99;1.7.1
R00648,1.4.3;1.4.1;3.5.4;1.5.3;1.7.3
R00743,2.3.1;6.2.1;2.8.3;3.1.1;3.1.2
R04142,1.1.1;1.4.1;1.2.4;1.8.1;1.17.1
R00132,4.2.1;4.1.1;3.1.3;2.3.1;3.1.1
R06814,2.4.2;2.4.1;2.3.1;2.4.-;5.1.3
R10976,3.2.1;3.4.11;3.1.4;3.1.1;3.4.13
R07170,1.14.18;1.5.3;1.14.13;1.4.3;1.14.15
R07384,2.7.8;2.7.-;6.2.1;3.1.3;2.7.1
R06816,2.1.1;2.3.1;2.5.1;1.3.98;4.3.3
R04391,2.7.1;2.7.4;2.1.1;3.1.3;3.6.1
R10466,3.5.3;3.2.1;1.14.13;1.14.14;3.1.4
R08964,2.7.1;2.7.4;2.1.1;5.1.99;6.3.2
R10785,1.1.1;1.3.1;1.14.13;1.-.-;1.1.5
R00608,1.1.3;1.1.99;1.8.3;1.11.1;1.1.5
R03626,1.13.11;3.3.2;1.14.99;5.4.4;1.14.12
R04812,1.1.1;1.2.1;1.1.-;2.3.1;1.3.1
R09939,2.1.1;2.6.1;2.3.1;6.3.2;1.3.99
R05311,1.3.1;2.3.1;1.3.99;1.3.3;1.1.1
R06789,3.7.1;5.2.1;4.2.1;3.4.17;1.14.19
R08115,1.13.11;5.5.1;1.14.14;1.14.12;1.3.1
R09704,5.1.99;5.1.1;2.6.1;2.3.1;2.3.2
R00575,6.3.5;6.3.4;6.4.1;6.3.1;2.7.2
R04029,2.3.1;2.7.4;2.4.1;5.1.3;2.7.8
R07352,1.3.1;1.1.1;1.2.1;1.6.5;3.8.1
R05507,2.6.1;1.4.1;1.4.3;4.1.1;1.4.11
R12819,2.5.1;1.14.-;4.1.2;4.3.1;4.3.2
R13160,2.4.2;5.1.3;2.7.7;2.7.6;2.3.1
R10252,2.1.1;1.-.-;2.3.1;3.3.1;2.5.1
R03245,2.7.4;2.7.1;2.1.1;6.2.1;2.7.2
R02027,3.1.4;3.6.1;3.1.3;3.2.1;3.1.1
R07376,2.7.8;3.1.4;3.1.3;2.6.1;2.3.1
R03645,1.6.5;1.97.1;1.1.4;1.14.12;4.5.1
R09242,1.7.1;1.1.1;1.-.-;1.14.13;1.18.1
R12303,4.1.1;4.2.1;2.5.1;4.1.99;2.3.1
R07896,1.3.99;1.3.8;1.3.3;1.3.1;5.3.3
R08112,1.14.12;1.3.1;1.1.1;1.-.-;1.14.14
R06963,5.5.1;5.3.3;4.2.3;3.1.7;2.7.8
R10117,2.3.1;4.2.1;1.14.99;3.1.1;1.14.13
R01850,2.3.1;2.8.1;2.6.1;6.2.1;3.2.1
R02446,5.5.1;1.1.1;2.3.1;1.3.5;3.7.1
R10037,2.4.1;2.7.7;3.2.1;5.1.3;1.2.-
R03879,1.1.1;1.6.5;1.1.5;1.-.-;1.17.1
R00990,4.1.1;1.1.1;1.17.1;2.7.11;2.3.1
R12265,1.2.1;1.1.1;1.5.1;1.2.3;1.8.1
R02416,2.3.1;3.1.2;3.1.1;1.2.1;4.1.2
R06160,3.1.1;3.5.1;2.5.1;2.1.1;2.3.1
R05801,2.7.1;4.6.1;2.3.1;3.1.3;6.3.2
R01376,2.3.1;2.7.4;2.4.1;5.1.3;2.7.8
R13052,3.2.1;2.4.1;3.1.1;2.3.1;3.4.13
R06977,2.6.1;4.1.3;4.1.1;1.4.3;1.4.1
R07214,1.14.17;1.13.11;1.13.-;1.13.12;1.14.11
R06157,3.2.1;2.3.1;1.14.99;3.1.1;1.14.13
R02009,4.2.3;3.1.7;5.5.1;5.3.3;2.5.1
R07973,1.14.13;1.13.12;1.14.14;4.1.99;1.14.99
R08545,4.2.3;5.5.1;5.3.3;4.2.1;1.3.1
R13318,2.7.1;6.2.1;2.7.4;2.3.2;2.1.1
R01863,2.4.2;3.2.2;2.7.8;2.7.3;2.7.1
R02320,2.7.1;2.7.9;4.1.1;2.5.1;2.7.4
R04022,2.3.1;3.1.1;3.1.2;1.2.1;2.5.1
R10298,2.4.1;2.3.1;3.1.1;3.2.1;2.4.2
R10494,4.2.99;3.1.1;2.7.1;2.3.1;1.1.1
R12312,2.7.4;6.3.5;2.7.2;6.2.1;6.3.1
R07989,2.3.1;4.1.1;6.2.1;1.3.1;5.3.3
R00615,3.6.1;3.1.3;3.-.-;3.1.4;3.6.2
R03353,5.3.3;5.-.-;4.2.1;2.3.1;1.14.14
R05626,2.7.1;2.7.4;2.1.1;2.3.1;2.7.2
R04566,1.1.1;2.3.1;4.2.1;1.-.-;1.14.13
R08626,2.6.1;1.4.1;1.4.11;1.4.7;4.1.3
R05038,1.1.1;1.3.1;1.17.1;1.2.1;1.6.5
R09298,3.8.1;3.1.1;3.7.1;1.14.-;1.3.1
R12791,2.3.1;6.2.1;3.1.2;2.3.2;2.5.1
R01268,3.5.1;3.5.5;3.5.3;6.3.1;3.4.19
R03858,2.3.1;3.1.2;2.8.3;3.1.1;2.3.3
R11803,2.7.1;2.7.2;3.1.3;3.6.1;2.1.1
R01924,3.1.1;2.3.1;3.1.2;1.11.2;4.2.1
R12624,3.5.1;2.7.2;3.1.1;3.2.1;3.5.3
R10145,1.14.11;1.14.13;1.14.20;1.13.12;3.4.-
R08678,1.13.11;2.8.1;1.8.5;1.8.3;1.14.99
R09102,1.14.-;1.1.-;1.14.13;1.1.3;1.1.1
R08808,2.3.1;3.1.1;3.1.2;4.2.1;1.2.7
R01401,3.2.2;2.4.2;3.5.1;3.1.1;5.3.1
R09564,1.11.2;1.11.1;1.11.-;3.8.1;3.1.7
R04141,3.1.1;3.1.2;3.1.8;3.5.1;3.2.1
R10559,1.13.11;1.14.99;1.13.12;1.14.-;1.1.99
R01525,1.1.1;1.-.-;5.1.3;1.3.1;1.14.13
R02965,1.18.99;1.12.5;1.6.99;1.6.5;1.12.99
R08579,1.14.-;1.14.14;1.14.13;1.1.3;1.1.99
R09265,4.2.1;1.1.1;2.3.1;5.4.4;1.-.-
R12842,2.1.1;2.3.1;1.-.-;6.3.2;2.5.1
R11385,1.14.13;1.14.15;1.14.-;1.14.14;1.13.12
R02585,3.1.3;3.6.1;3.1.4;3.1.1;2.7.9
R10915,1.11.1;1.14.14;1.17.3;1.4.3;1.14.13
R11899,2.1.1;4.4.1;4.2.1;2.5.1;1.14.13
R11201,2.3.1;3.1.1;3.1.2;1.2.1;2.5.1
R01470,3.1.4;3.6.1;3.1.3;2.7.8;3.2.1
R00931,2.3.3;4.1.3;2.3.1;2.3.-;1.2.7
R11862,2.3.2;4.3.2;2.3.1;6.2.1;4.1.1
R03634,3.2.1;3.1.1;3.1.4;3.7.1;3.1.3
R08232,2.7.1;2.7.2;3.1.3;3.6.1;2.1.1
R02999,6.5.1;1.8.1;1.6.5;1.6.99;1.19.1
R00543,3.7.1;3.1.2;1.2.98;4.4.1;4.-.-
R02370,3.1.3;3.1.4;3.6.1;3.6.2;2.7.3
R03700,2.8.2;2.7.8;1.8.4;2.5.1;2.3.1
R01544,4.3.1;1.4.3;1.5.99;1.4.1;1.4.99
R07990,5.5.1;1.1.1;2.3.1;1.3.5;3.7.1
R02272,5.4.3;2.3.1;2.6.1;2.7.8;1.4.1
R04473,2.3.1;6.2.1;3.1.2;5.4.1;1.3.1
R09416,1.14.14;1.14.13;1.14.12;5.4.4;1.14.-
R09916,5.4.99;5.4.1;5.4.4;1.-.-;5.5.1
R09510,1.14.11;1.14.20;1.1.99;1.13.12;4.1.1
R04994,2.1.1;2.5.1;2.3.1;4.1.1;6.3.2
R12744,1.13.11;1.14.12;1.14.14;1.14.13;1.14.-
R01799,2.7.1;2.7.4;3.6.1;2.7.8;2.1.1
R03315,2.7.1;2.7.2;3.1.3;3.6.1;2.1.1
R03550,1.13.11;1.14.18;1.14.13;1.14.12;1.14.16
R10529,2.3.1;2.1.1;2.5.1;6.3.2;3.1.1
R05433,1.14.12;1.1.1;1.14.14;1.14.13;1.-.-
R11834,4.2.3;5.5.1;4.2.1;4.3.2;4.1.99
R06451,2.4.1;2.3.1;2.7.1;2.7.7;5.4.99
R01321,2.7.8;6.5.1;1.14.13;1.1.1;5.4.99
R12711,4.2.1;5.5.1;1.14.14;5.4.4;3.1.2
R03856,1.3.1;2.3.1;1.3.99;1.3.3;1.1.1
R12989,1.17.3;1.2.3;1.17.1;3.5.4;1.7.3
R02119,2.4.2;2.4.-;2.7.6;3.2.2;2.3.1
R10015,2.1.1;6.5.1;2.3.1;2.5.1;4.1.2
R09990,1.1.1;1.2.1;1.5.1;1.8.1;4.2.3
R12633,2.7.4;2.7.8;2.7.7;5.1.99;6.2.1
R09226,3.1.1;2.3.1;5.3.3;3.1.3;4.2.99
R12244,1.3.1;2.5.1;2.7.1;2.3.1;1.-.-
R01669,2.1.2;3.5.4;3.5.99;4.3.1;6.3.4
R00442,2.7.1;2.7.2;3.1.2;6.2.1;2.3.1
R03526,2.4.1;3.2.1;2.3.1;2.7.1;3.1.1
R11717,4.1.1;2.3.1;1.1.1;4.1.2;4.2.1
R10752,3.5.1;3.1.2;3.4.13;3.4.11;3.1.1
R08686,4.4.1;4.1.99;1.4.1;1.8.2;2.5.1
R10870,4.2.2;2.4.1;5.4.99;3.2.1;5.4.1
R05417,1.14.12;1.14.13;1.14.14;1.-.-;1.1.1
R03138,2.8.2;2.7.8;3.4.19;2.6.1;5.1.1
R12861,3.1.1;1.14.13;2.3.1;2.3.2;3.5.1
R10692,1.14.13;1.14.14;1.6.5;1.14.-;1.14.15
R03018,2.7.1;2.7.4;2.1.1;3.1.3;3.6.1
R04843,1.1.1;1.3.1;1.14.-;2.3.1;1.-.-
R06621,1.1.1;4.1.2;1.1.99;1.1.5;6.5.1
R03869,1.2.1;1.17.1;1.1.1;1.8.1;1.17.3
R13177,2.3.1;1.1.1;1.2.1;4.1.1;1.2.4
R12037,2.4.1;2.4.2;3.2.1;2.3.1;2.7.7
R05720,1.13.11;2.3.1;1.14.12;1.14.13;1.14.-
R02751,3.1.3;3.6.1;3.1.4;3.1.11;4.2.3
R12460,1.14.11;1.14.20;1.14.13;1.1.99;4.1.1
R07266,2.4.1;3.2.1;2.4.2;3.1.1;2.7.7
R08694,4.2.2;5.4.99;2.4.1;3.2.1;3.4.14
R01302,4.1.3;2.7.9;5.4.4;5.4.99;4.2.3
R03638,1.14.13;1.6.99;1.18.1;1.14.14;1.14.15
R01432,5.3.1;2.4.1;1.1.3;1.1.1;1.1.2
R00655,5.1.1;3.4.16;2.3.2;2.3.1;2.6.1
R05453,6.4.1;6.3.4;3.7.1;6.3.5;3.5.2
R02973,3.5.1;3.1.2;3.4.13;3.4.11;3.1.1
R12723,2.1.1;2.8.1;6.2.1;2.7.4;2.3.1
R09730,5.3.3;2.5.1;2.7.1;2.7.8;1.14.99
R04145,2.1.1;1.4.3;2.3.1;1.3.98;2.5.1
R08723,1.1.1;5.3.3;1.14.13;1.3.1;1.6.5
R02445,1.14.20;1.14.11;1.14.19;2.6.1;1.5.3
R08684,1.14.13;4.99.1;1.14.12;1.14.14;1.3.98
R06546,2.4.1;2.7.7;2.7.1;3.1.1;1.1.1
R01211,1.1.1;4.1.1;1.2.4;2.3.1;2.7.11
R01160,2.3.1;2.1.1;2.6.1;6.3.2;2.3.-
R03797,2.4.1;2.3.1;1.3.1;2.1.1;6.3.2
R09740,1.11.2;1.2.1;3.1.1;1.11.1;1.11.-
R05385,4.5.1;5.5.1;1.97.1;2.5.1;1.14.19
R06496,2.4.1;2.4.2;2.7.7;2.3.1;3.2.1
R08926,1.1.1;2.3.1;1.3.1;1.2.1;1.8.1
R11052,1.13.11;1.14.99;1.14.-;2.7.8;1.14.13
R04505,2.1.1;2.5.1;2.3.1;6.3.2;4.4.1
R01503,2.7.8;3.1.3;3.1.4;2.7.99;3.6.1
R04507,6.2.1;3.1.2;1.2.1;2.3.1;2.7.2
R04859,1.8.1;1.8.4;1.11.1;1.17.4;1.8.7
R00861,1.8.1;1.6.4;1.8.4;1.8.5;1.19.1
R00555,2.3.1;2.5.1;2.4.2;1.3.1;6.3.1
R07649,4.2.3;5.5.1;5.3.3;3.1.7;4.3.2
R01340,1.4.3;3.5.4;4.3.1;1.5.99;1.5.3
R11860,4.2.3;2.5.1;5.5.1;5.3.3;4.3.2
R02925,1.1.99;5.4.99;1.1.5;1.14.14;1.3.8
R05327,2.4.1;4.2.2;3.2.1;5.4.99;2.3.1
R12384,2.4.1;2.7.7;3.2.1;2.3.1;5.4.99
R13377,1.1.1;1.14.13;1.6.5;1.2.1;1.3.1
R12376,1.1.1;1.3.1;1.1.5;4.1.1;1.14.13
R02923,1.4.3;1.5.99;1.4.99;1.5.-;1.5.3
R00181,3.5.4;3.5.99;3.3.1;3.4.17;1.11.1
R01008,2.4.1;6.2.1;3.1.3;2.7.7;2.3.1
R03991,2.3.1;3.1.2;2.8.3;3.1.1;2.3.3
R11381,1.1.3;1.21.3;1.8.3;1.14.14;1.1.99
R12598,2.7.1;2.7.4;2.1.1;6.2.1;2.7.2
R02324,2.7.1;3.1.1;2.7.2;3.6.1;3.1.3
R09087,2.7.4;2.7.1;2.1.1;6.3.2;1.6.1
R00637,1.1.3;1.8.3;1.21.3;1.11.1;1.1.99
R06643,2.3.1;2.1.1;3.1.1;4.1.1;1.-.-
R00706,1.2.1;1.1.1;4.1.1;1.8.1;1.2.4
R02421,2.4.1;2.7.7;5.4.99;2.7.8;6.2.1
R02408,4.4.1;2.8.1;1.13.11;1.8.5;3.13.1
R01336,2.3.1;2.4.1;3.1.1;1.3.5;5.5.1
R09989,1.1.1;2.7.1;1.11.1;1.8.1;1.14.13
R04543,1.1.1;2.3.1;4.2.1;1.-.-;1.14.13
R10001,2.1.1;2.5.1;2.3.1;6.5.1;1.8.3
R09462,1.11.-;1.11.2;5.4.4;1.11.1;1.1.3
R00230,2.3.1;6.2.1;2.7.2;3.1.2;2.3.3
R11353,4.1.1;1.13.11;2.7.1;2.7.11;6.3.2
R00838,3.2.1;2.4.1;3.7.1;5.1.3;5.4.1
R08623,2.3.3;4.1.3;4.2.1;2.3.1;3.1.2
R01898,5.3.1;2.3.1;1.1.1;3.2.1;5.4.99
R12447,2.1.1;2.3.1;2.5.1;4.1.1;6.3.2
R12095,3.2.1;3.1.4;3.4.11;3.7.1;5.1.3
R12603,4.2.1;3.8.1;5.4.4;4.3.1;5.3.99
R00388,1.3.3;1.3.99;1.3.1;2.3.1;6.2.1
R05221,2.7.1;2.7.4;2.7.2;6.2.1;2.1.1
R10393,4.2.1;3.6.1;3.2.1;3.4.11;3.1.2
R09808,1.7.99;1.7.1;1.7.5;1.7.2;1.14.12
R06199,3.2.1;5.3.1;3.7.1;4.2.1;3.5.99
R05271,1.1.1;1.3.1;1.2.1;1.-.-;1.1.99
R11230,2.1.1;2.3.1;2.5.1;4.3.3;1.-.-
R01695,1.1.3;1.1.99;5.3.1;4.2.2;2.2.1
R02050,2.6.1;5.3.1;1.4.11;4.1.3;1.2.4
R11282,2.7.7;2.4.1;6.2.1;2.7.4;2.7.1
R02209,1.1.1;1.3.1;1.-.-;1.14.13;1.14.14
R05315,1.1.1;1.14.13;1.-.-;5.3.1;1.16.1
R05313,1.3.1;1.1.1;1.6.5;1.14.13;1.14.12
R04313,3.4.-;3.4.13;4.2.1;3.5.1;3.1.3
R04866,2.1.1;4.2.1;1.4.3;2.3.1;4.3.3
R03088,1.14.13;1.14.14;1.14.-;1.14.18;1.14.12
R09683,4.3.1;4.1.1;2.6.1;1.4.3;4.2.1
R00734,2.6.1;2.3.2;2.3.1;2.7.8;3.5.1
R05123,2.1.1;2.3.1;1.-.-;6.3.2;2.5.1
R11190,3.5.1;3.4.17;3.1.1;3.4.16;4.2.1
R06854,3.1.4;3.1.3;3.1.1;1.11.1;3.2.1
R03792,1.1.1;1.3.1;1.2.1;1.-.-;1.14.13
R03522,2.5.1;5.3.3;2.3.1;1.14.99;2.8.1
R05430,1.14.12;1.14.13;1.3.1;1.1.1;5.5.1
R11591,2.1.1;4.2.1;5.3.99;4.3.1;2.5.1
R12359,1.14.13;1.14.14;1.13.12;1.14.15;1.14.11
R03667,1.1.1;1.7.1;1.5.1;1.4.1;1.6.5
R07440,1.14.13;1.14.14;1.14.15;1.11.1;1.14.-
R04182,3.5.1;2.3.1;2.4.2;2.1.2;6.3.4
R03130,2.1.1;1.-.-;2.3.1;3.3.1;2.5.1
R06142,2.3.1;4.2.1;3.2.1;1.1.1;3.1.1
R09877,3.6.1;3.1.3;3.-.-;3.1.4;3.6.2
R03133,2.5.1;2.4.2;3.2.2;1.14.14;4.3.1
R05168,3.5.1;3.1.1;3.2.1;2.3.1;3.4.11
R04205,2.3.1;2.4.1;3.1.1;1.2.7;1.2.1
R02595,3.2.1;3.1.1;2.4.1;3.1.3;3.1.4
R05188,2.3.1;1.2.1;3.1.2;1.2.4;1.8.1
R03925,2.6.1;5.1.1;5.1.99;2.3.1;2.7.8
R00912,6.3.2;2.7.3;2.7.1;3.5.2;2.3.2
R04726,2.3.1;4.1.1;3.1.1;3.1.2;1.2.7
R06363,3.5.2;3.4.-;3.5.1;2.3.1;1.14.11
R05837,1.1.1;4.1.1;2.3.1;1.3.1;1.4.1
R00294,3.8.1;1.7.2;1.7.1;1.21.1;1.8.2
R11933,2.7.1;2.7.9;2.7.7;2.7.12;2.7.4
R01579,3.5.1;6.3.1;3.5.5;1.4.1;3.4.17
R01596,1.13.11;3.3.2;4.2.1;5.4.4;1.14.18
R13148,1.2.1;1.1.1;1.5.1;1.4.1;1.2.3
R08850,3.4.17;3.2.1;3.4.16;3.4.13;3.4.-
R03502,2.6.1;2.2.1;1.1.2;4.1.3;4.3.1
R05629,2.3.1;2.7.4;2.4.1;5.1.3;2.7.8
R08937,2.1.3;6.3.5;3.5.3;6.3.4;2.3.1
R07863,4.2.1;5.3.99;5.4.4;1.14.14;3.3.2
R09965,4.2.3;5.5.1;4.3.2;3.1.7;5.4.99
R12900,2.3.1;2.7.8;4.1.1;2.4.1;1.3.99
R02148,3.1.3;3.1.4;3.6.1;3.6.2;2.7.3
R11328,4.3.1;4.2.1;1.3.8;4.5.1;2.1.2
R06927,1.1.1;1.3.1;1.2.1;1.-.-;1.1.99
R10040,3.2.1;4.1.2;2.4.1;3.1.4;4.2.1
R12360,1.14.13;1.14.14;1.14.-;1.13.12;1.14.12
R06622,1.14.13;1.1.1;1.14.15;1.14.14;1.2.1
R12053,1.14.13;1.14.15;3.3.2;3.1.-;1.14.99
R10959,2.1.1;2.3.1;2.5.1;6.3.2;3.3.1
R11466,1.14.99;1.1.1;1.14.-;5.3.2;4.1.1
R08188,3.1.2;3.1.1;2.3.1;1.2.1;1.2.3
R00273,1.11.1;1.2.3;1.1.3;1.3.3;4.1.1
R02144,2.1.1;2.3.1;2.5.1;6.3.2;2.6.1
R03381,1.2.1;1.3.1;1.8.1;1.1.1;2.3.1
R09184,1.13.11;1.14.14;1.-.-;1.13.12;1.14.12
R05117,3.2.1;3.1.3;2.5.1;3.1.4;4.2.1
R01488,1.1.1;1.3.1;1.2.1;1.-.-;1.1.99
R09327,1.13.12;1.9.3;1.14.18;1.14.13;4.2.1
R12400,1.1.1;1.14.-;1.3.1;1.14.13;1.-.-
R13250,1.16.3;1.9.3;1.14.19;1.13.12;1.14.99
R09668,2.4.2;3.2.2;2.7.8;2.7.3;2.7.1
R03512,1.17.4;1.1.4;1.8.4;1.8.5;6.5.1
R04588,2.3.1;3.1.2;6.2.1;2.6.1;1.2.1
R01609,1.13.12;1.7.3;1.17.3;1.5.3;4.1.2
R08630,2.6.1;1.4.1;1.4.11;1.4.7;4.1.3
R08370,4.2.3;5.5.1;2.5.1;3.1.7;4.3.2
R07250,2.3.1;3.1.2;1.2.3;3.1.1;6.2.1
R03962,1.3.1;4.2.1;1.14.13;1.14.14;1.6.5
R06802,2.3.1;2.4.2;1.1.1;5.4.1;5.1.3
R04717,2.1.1;3.3.1;3.4.19;2.3.1;2.8.4
R07089,1.14.13;1.14.14;1.14.99;1.-.-;1.14.12
R09129,1.1.1;1.-.-;1.3.1;1.14.13;1.1.5
R02241,2.3.1;3.1.2;3.1.1;1.2.7;5.4.1
R00431,4.1.1;2.7.1;2.7.11;2.5.1;1.2.4
R07627,3.3.2;3.4.11;1.11.2;3.1.2;4.2.1
R04112,3.5.1;2.6.1;2.7.8;2.3.1;4.2.1
R06132,4.3.1;1.4.3;4.99.1;3.5.1;1.14.19
R03742,4.2.1;3.1.2;1.-.-;1.10.3;5.4.4
R09673,3.2.1;3.7.1;3.4.11;3.5.1;3.1.4
R08090,4.1.3;4.2.1;2.3.1;1.1.1;2.3.3
R10426,2.4.1;2.7.7;2.4.2;6.2.1;2.5.1
R12108,1.3.1;4.2.1;1.1.1;1.2.1;1.6.2
R09835,3.7.1;4.2.1;1.14.13;1.14.-;3.1.1
R10171,2.3.1;3.1.1;4.1.1;1.1.1;4.4.1
R03120,2.6.1;1.1.1;1.4.1;2.3.1;2.7.8
R13272,4.2.1;2.3.1;5.4.4;1.14.13;1.-.-
R02769,2.5.1;4.2.1;2.3.1;4.1.3;5.3.99
R00271,2.3.3;4.1.3;4.2.1;2.3.1;3.1.2
R03349,3.5.1;1.4.1;4.2.1;1.14.14;1.5.1
R07794,1.97.1;2.5.1;3.8.1;3.1.1;1.21.1
R10579,3.2.1;3.1.3;3.6.1;3.1.4;3.4.13
R09291,1.3.1;1.3.99;2.3.1;1.3.8;1.1.1
R08978,2.8.2;2.7.8;2.7.7;1.8.4;2.3.1
R13286,1.14.13;1.14.15;1.14.14;1.13.12;1.14.99
R00982,6.2.1;2.3.1;3.1.2;2.8.3;2.7.2
R06904,2.1.1;2.5.1;2.3.1;1.3.1;2.8.3
R11278,2.4.1;2.7.7;2.4.2;6.2.1;2.5.1
R00486,3.5.5;3.4.19;4.3.1;3.5.1;4.2.1
R06610,1.1.1;1.14.13;1.-.-;1.2.1;1.6.5
R04522,4.5.1;2.5.1;1.97.1;1.14.99;3.4.11
R10088,4.3.3;2.2.1;2.3.1;4.1.2;5.3.1
R10161,1.3.1;2.3.1;1.1.1;1.3.8;1.6.2
R04620,3.6.1;2.7.1;3.1.3;3.-.-;3.1.4
R02780,2.7.1;2.7.13;2.7.3;2.7.4;2.7.11
R09968,4.2.3;4.2.1;2.5.1;5.5.1;4.3.2
R00401,5.1.1;2.6.1;3.4.16;3.4.17;3.4.13
R12336,2.1.1;2.3.1;6.3.2;2.5.1;1.-.-
R04728,4.2.1;1.14.99;5.5.1;3.1.7;5.4.4
R00277,1.4.3;3.5.4;3.5.99;1.4.9;1.5.99
R06517,2.3.1;1.1.1;2.1.1;1.3.1;6.-.-
R11708,2.3.3;2.3.1;3.1.2;4.2.1;3.2.1
R03756,2.3.1;5.4.1;3.1.1;6.2.1;3.1.2
R01494,3.5.1;3.1.1;2.3.1;2.5.1;4.2.1
R11121,1.13.12;1.14.13;1.14.12;1.14.20;1.3.98
R01473,5.1.3;5.4.99;2.7.8;2.7.1;3.1.1
R02668,3.7.1;3.5.1;3.4.16;2.6.1;3.4.17
R10251,2.1.1;1.-.-;2.3.1;3.3.1;2.5.1
R00735,6.3.2;2.7.4;2.1.1;2.3.2;6.2.1
R04101,3.8.1;1.14.19;1.14.-;3.1.7;3.1.4
R09664,3.1.3;3.6.1;2.7.1;3.1.4;4.2.3
R08318,1.14.14;1.14.13;1.14.99;5.4.4;4.2.1
R09975,4.2.3;5.5.1;2.5.1;4.3.2;2.7.8
R06214,2.5.1;2.1.1;2.6.1;6.3.5;1.14.12
R13349,1.3.1;1.1.1;1.21.1;1.7.1;1.6.5
R08056,4.2.1;3.7.1;1.1.99;1.1.1;1.1.5
R10287,5.4.3;2.6.1;5.1.1;2.7.8;4.3.1
R06840,5.5.1;3.1.1;1.13.11;5.3.3;5.2.1
R06805,2.4.1;2.7.7;6.2.1;2.7.4;2.7.1
R10051,3.7.1;4.1.3;1.1.1;3.1.1;3.5.1
R05352,1.1.1;1.14.12;1.14.13;1.3.1;1.6.5
R02349,1.1.1;1.3.1;2.3.1;1.14.14;1.-.-
R06213,2.1.1;1.-.-;1.1.1;1.1.99;1.1.2
R06700,1.13.12;1.9.3;1.14.18;1.14.13;4.2.1
R06114,3.2.1;1.1.1;1.1.3;5.3.1;3.7.1
R03542,3.5.5;4.2.1;4.3.1;1.5.99;1.4.99
R07251,2.3.1;1.3.1;1.2.1;2.1.1;1.-.-
R05782,3.5.5;4.4.1;4.2.1;4.1.99;2.3.-
R07052,1.14.13;1.14.14;1.14.15;1.1.1;1.14.12
R03430,3.1.3;2.7.1;3.7.1;3.1.1;3.6.1
R09189,2.1.1;2.3.1;2.5.1;4.4.1;6.3.2
R12512,1.14.13;1.14.11;1.14.14;1.5.3;1.13.12
R10982,1.2.1;1.1.1;1.5.1;1.4.1;4.1.99
R06740,1.4.3;1.5.3;3.5.4;1.5.99;4.1.99
R06983,1.1.1;1.-.-;1.3.1;1.14.13;2.3.1
R12164,2.8.5;1.13.11;1.8.99;4.4.1;1.7.3
R12468,2.3.1;1.2.1;1.3.1;3.1.2;1.1.1
R06728,3.1.1;2.3.1;3.4.16;1.2.1;3.5.1
R07080,1.14.14;1.14.13;1.14.12;4.1.99;1.11.1
R01942,2.1.1;2.3.1;6.3.2;1.-.-;6.-.-
R01349,2.1.1;2.5.1;3.1.1;2.3.1;6.3.2
R09774,2.4.2;2.4.1;5.1.3;2.7.7;5.4.2
R12541,1.14.13;1.14.16;1.13.11;4.1.1;1.14.14
R05713,1.8.1;1.1.1;1.3.1;1.6.4;1.2.4
R04429,1.3.1;2.3.1;1.1.1;1.3.99;1.18.1
R10234,2.3.1;3.1.2;4.4.1;4.1.1;4.2.1
R12478,3.5.1;3.1.1;2.3.1;3.2.1;3.4.11
R13383,1.3.1;1.3.99;1.1.1;2.3.1;1.18.1
R07938,2.3.1;6.2.1;3.1.1;3.1.2;1.2.1
R00489,4.1.1;1.4.1;2.7.8;1.2.4;4.3.1
R07974,1.14.13;1.13.12;1.14.14;4.1.99;1.14.99
R10135,3.1.1;3.7.1;5.5.1;1.13.11;5.2.1
R03490,2.4.2;2.3.1;2.7.7;2.7.6;5.1.3
R04678,1.1.1;5.3.3;1.3.1;1.14.13;2.5.1
R09914,5.4.99;5.5.1;5.4.4;1.14.13;1.-.-
R02778,3.1.3;3.6.1;2.7.1;3.1.4;4.2.3
R11373,1.14.13;1.14.15;1.14.14;1.14.18;1.6.99
R08721,1.1.1;1.14.13;5.3.3;1.1.-;1.-.-
R03546,4.2.1;2.3.1;2.7.2;5.4.4;6.3.4
R02610,1.3.1;1.3.99;1.1.1;1.3.3;1.3.8
R12919,2.1.1;2.6.1;2.5.1;3.3.1;2.4.2
R08952,2.5.1;5.3.3;4.2.3;4.2.99;1.3.99
R01682,4.1.1;2.6.1;3.5.1;2.3.1;2.7.8
R11193,2.1.1;2.5.1;2.3.1;4.4.1;6.3.2
R10496,6.3.4;3.5.4;3.6.1;2.4.2;3.-.-
R07296,3.1.2;3.1.1;2.3.1;1.2.1;1.2.3
R00001,3.2.1;3.4.11;3.1.4;3.1.1;3.4.13
R00337,2.7.7;5.1.3;3.6.1;3.2.2;2.3.1
R00429,2.7.4;1.6.2;2.1.1;2.7.1;2.7.7
R04835,1.1.1;1.3.1;2.3.1;1.-.-;1.14.13
R09198,1.14.13;1.3.98;1.14.14;1.13.12;1.14.12
R02598,3.1.3;3.1.4;3.6.1;2.3.2;2.4.99
R13248,2.5.1;3.4.22;1.14.12;3.4.21;5.3.3
R12539,1.14.13;1.5.1;1.18.1;1.1.1;1.7.1
R04722,2.6.1;5.1.1;5.1.99;2.3.1;2.7.8
R01424,3.5.1;3.1.1;3.7.1;3.4.11;3.4.13
R04586,3.2.1;3.1.4;3.5.1;3.1.1;3.4.11
R11623,5.1.3;5.1.2;2.3.1;5.4.99;2.7.8
R12291,2.1.1;2.8.4;2.5.1;4.4.1;1.8.5
R00537,2.8.2;1.8.4;2.5.1;2.7.8;2.7.7
R03229,2.1.1;2.3.1;1.-.-;2.5.1;3.3.1
R02505,2.3.1;1.13.11;4.1.1;6.2.1;4.2.1
R01901,2.7.1;5.3.1;2.7.4;1.1.1;5.3.3
R09108,1.14.13;1.1.1;1.14.14;1.14.15;1.8.99
R09390,1.14.13;1.14.15;1.14.14;1.1.1;1.14.-
R11037,4.1.2;1.14.14;3.5.4;1.14.13;4.2.1
R06817,2.3.1;6.2.1;3.1.1;2.1.1;3.1.2
R07169,1.5.1;1.14.13;1.5.99;1.3.98;1.14.14
R01327,2.7.1;2.7.2;3.1.3;3.6.1;2.1.1
R09611,2.1.1;1.-.-;2.3.1;6.3.2;2.5.1
R02492,1.7.1;1.6.6;3.8.1;1.18.1;1.7.-
R00227,3.1.2;3.2.1;3.1.1;2.3.1;2.3.3
R09735,2.10.1;2.1.4;3.13.1;3.1.2;2.8.1
R02355,1.14.13;1.14.14;1.14.-;1.14.18;1.14.12
R08781,2.1.1;2.3.1;2.5.1;6.3.2;1.3.98
R11788,3.2.1;3.1.1;3.7.1;2.3.1;3.5.1
R04674,1.4.3;1.5.3;1.4.9;3.5.4;1.5.99
R05634,2.7.1;2.7.4;3.6.3;2.1.1;3.1.3
R09601,1.13.11;1.14.99;1.14.14;1.9.3;2.7.4
R02406,6.2.1;2.3.1;3.1.2;6.3.2;2.7.3
R07351,1.3.1;1.1.1;1.2.1;1.6.5;3.8.1
R03983,2.3.2;6.3.1;3.5.1;4.3.1;2.7.8
R04035,3.6.1;3.1.4;3.6.3;3.2.1;3.6.4
R03081,4.1.2;4.1.3;1.1.1;2.5.1;4.4.1
R10878,1.14.13;1.14.15;1.14.14;1.14.12;1.6.99
R04998,3.2.1;2.4.1;3.1.1;3.1.4;3.1.3
R08218,2.1.1;2.7.1;4.1.99;4.6.1;3.4.21
R05296,1.14.19;4.2.1;1.14.99;1.13.11;1.3.1
R03186,1.11.1;1.8.5;1.6.5;1.10.3;1.5.5
R03415,3.3.2;1.14.19;4.2.1;3.4.11;3.7.1
R07823,4.2.1;4.1.99;1.13.11;2.5.1;4.3.1
R02200,2.6.1;5.1.1;2.3.1;1.6.1;5.1.3
R08600,3.1.1;2.3.1;3.1.2;3.5.1;3.4.11
R06420,1.3.1;1.1.1;1.2.1;1.18.1;5.3.3
R01030,3.1.4;3.1.3;3.6.1;2.7.8;3.2.1
R00420,5.1.3;2.7.8;2.3.1;2.7.7;5.4.99
R04662,2.7.7;2.4.1;6.2.1;2.7.4;2.7.1
R09059,4.2.1;1.-.-;1.1.1;1.14.12;1.11.1
R04707,2.1.1;1.-.-;2.3.1;2.5.1;6.3.2
R08697,3.1.7;3.1.3;3.1.4;3.1.1;3.2.1
R00652,2.6.1;4.1.3;4.1.1;4.3.2;4.1.2
R04279,3.1.1;1.1.1;1.2.1;1.3.1;1.1.3
R03627,1.14.99;1.14.19;5.2.1;5.3.3;4.2.1
R11087,2.5.1;5.3.3;1.14.14;2.7.1;5.3.99
R01778,1.1.1;2.3.1;1.2.1;3.1.2;1.3.1
R04596,2.4.1;2.4.99;3.1.3;3.2.1;2.3.1
R07970,1.14.13;1.13.12;1.3.98;4.1.99;1.14.15
R00439,2.7.7;2.7.1;2.1.1;2.7.4;3.6.1
R10534,1.8.1;3.1.3;1.6.4;3.2.1;4.2.1
R10943,6.3.2;2.7.3;6.3.-;2.7.1;2.1.1
R01106,1.7.1;1.7.99;1.7.2;1.7.-;3.8.1
R02340,4.1.2;4.2.1;2.5.1;2.3.1;2.7.6
R07364,1.13.11;1.13.12;1.14.99;1.14.19;1.9.3
R05318,1.9.99;1.7.2;1.1.2;1.9.98;1.8.2
R04538,2.7.8;2.3.1;2.4.1;2.7.4;5.1.3
R11338,1.1.1;1.2.1;1.14.13;2.3.1;1.7.1
R05522,1.14.13;1.14.15;1.14.14;1.13.12;1.14.18
R02021,1.8.4;1.8.5;5.3.4;1.8.3;1.8.1
R02804,1.7.2;3.8.1;1.7.99;1.8.2;3.13.1
R04198,1.17.1;1.7.1;1.17.98;1.2.1;1.4.1
R13158,2.7.7;2.4.2;2.3.1;5.1.3;2.7.6
R11472,1.1.1;4.1.1;2.3.1;5.3.3;1.1.5
R11151,1.14.13;2.3.1;3.1.1;1.14.15;1.1.1
R03562,1.14.13;1.14.14;1.14.12;1.11.1;1.6.3
R07281,4.1.99;4.1.2;2.3.1;4.4.1;1.1.1
R10367,1.14.13;1.14.14;1.14.15;1.6.5;4.2.1
R08339,1.14.13;1.14.14;1.14.-;1.13.12;1.14.15
R12695,2.7.1;5.3.1;5.1.3;1.1.1;4.1.1
R08136,2.3.1;1.14.99;2.7.1;4.2.1;1.14.13
R12515,3.1.1;3.5.1;3.4.16;3.4.21;3.4.19
R02529,1.4.3;3.5.4;1.4.9;3.5.1;1.11.2
R09957,1.1.1;1.3.1;1.1.-;5.3.3;2.7.1
R06180,1.1.1;1.1.99;2.2.1;1.3.1;1.1.5
R04242,3.5.1;3.4.11;3.4.13;4.2.1;2.3.2
R09246,2.5.1;5.3.3;1.17.1;2.7.1;4.1.1
R03360,3.1.1;3.-.-;2.3.1;3.1.2;3.1.-
R13317,6.3.2;6.2.1;3.5.1;2.3.2;2.7.1
R12553,2.3.1;1.1.1;5.1.3;4.2.1;5.-.-
R01003,3.1.3;2.7.1;3.6.1;2.5.1;3.1.4
R01015,5.3.1;4.1.2;1.1.1;2.3.1;5.4.2
R08462,3.1.1;3.5.1;1.14.99;1.13.99;2.3.1
R05113,2.4.99;3.1.3;2.7.7;2.3.2;3.1.4
R03637,1.14.13;1.6.99;1.18.1;1.14.14;1.14.15
R05424,1.1.1;1.14.12;1.-.-;5.3.3;1.3.1
R07083,2.5.1;4.4.1;3.3.2;1.14.14;5.3.99
R09768,5.3.1;1.1.3;1.1.1;3.2.1;2.6.1
R01980,2.7.1;2.7.7;2.3.1;2.7.4;2.1.1
R10975,3.2.1;3.4.11;3.1.4;3.1.1;3.4.13
R11333,5.3.1;4.1.2;1.1.1;5.4.2;2.7.6
R04444,1.2.1;1.1.1;1.5.1;1.3.1;1.17.1
R05408,1.13.11;3.1.1;1.14.18;4.2.99;1.3.5
R07543,4.2.1;5.4.4;1.14.99;1.14.14;1.14.13
R07636,4.6.1;3.1.4;2.7.8;6.5.1;3.1.3
R03796,2.6.1;2.5.1;2.2.1;4.1.2;4.1.3
R08765,4.1.99;2.4.2;1.3.98;1.14.13;4.3.3
R02914,4.2.1;1.13.12;4.1.2;4.3.1;3.5.2
R02627,2.1.1;2.3.1;1.3.98;6.3.4;6.3.2
R07386,2.7.8;2.7.1;2.7.-;3.1.4;2.8.2
R00688,1.4.1;1.5.1;1.1.1;1.14.13;3.5.1
R12485,6.2.1;2.3.1;3.1.2;2.8.3;2.1.1
R06788,1.13.11;3.7.1;4.2.1;5.3.2;1.-.-
R10651,2.8.4;2.1.1;3.13.1;3.4.19;3.3.1
R02777,1.1.1;2.7.1;1.3.1;1.8.1;2.3.1
R07346,1.1.1;2.3.1;5.4.99;2.7.1;1.3.1
R10328,1.3.3;1.3.99;1.3.5;1.3.8;1.14.21
R09936,1.14.99;1.14.14;1.13.11;1.14.19;1.3.3
R13285,1.3.3;1.3.99;1.3.5;1.3.8;1.1.3
R11232,1.2.1;1.11.1;1.4.1;1.1.1;1.17.1
R06943,1.3.99;1.3.8;1.3.3;2.3.1;1.3.1
R11718,4.1.2;4.2.1;4.2.3;2.7.6;4.1.3
R03759,1.1.1;1.14.13;1.4.1;1.6.99;1.5.1
R08960,1.1.1;1.3.1;2.3.1;1.14.13;1.-.-
R10729,1.14.16;4.2.1;1.14.13;1.14.18;5.4.4
R12474,3.1.1;3.4.11;3.4.17;3.2.1;3.5.1
R09461,1.14.13;1.14.14;1.14.-;1.14.15;1.1.1
R01806,2.3.1;3.1.1;3.1.2;6.2.1;2.3.3
R13432,2.1.1;2.3.1;1.13.12;2.3.2;3.4.11
R06379,1.1.1;1.3.1;1.14.13;2.3.1;1.-.-
R12963,3.2.1;3.1.4;3.5.1;3.1.1;3.4.11
R02473,6.2.1;6.3.1;2.7.1;4.1.1;6.3.2
R04495,2.4.2;2.3.1;2.4.1;2.7.6;5.1.3
R06368,3.1.2;6.2.1;1.2.1;2.3.1;2.3.3
R00821,4.1.1;2.7.11;2.7.1;2.3.1;1.17.1
R05684,1.1.1;1.1.99;1.3.1;2.7.1;1.-.-
R09562,1.8.3;1.11.1;3.1.2;1.6.3;1.2.3
R05233,1.1.1;1.2.1;1.3.1;1.5.1;1.6.5
R11560,3.5.1;3.5.5;3.4.17;1.4.1;6.3.1
R12146,1.1.1;1.-.-;1.3.1;1.1.99;2.7.1
R12438,1.-.-;1.3.3;5.1.99;2.3.1;1.14.14
R03801,3.2.1;3.4.11;3.1.4;3.1.1;3.4.13
R04751,1.3.99;1.3.8;1.3.3;2.3.1;1.3.1
R00118,3.1.3;3.6.1;3.1.4;2.7.1;3.6.2
R12899,2.5.1;2.3.1;4.3.1;2.3.2;4.2.1
R10075,1.1.1;1.3.1;1.2.1;1.6.5;5.3.3
R06290,1.14.13;1.14.12;1.1.1;4.1.1;1.3.1
R06269,1.21.98;1.3.98;1.21.99;2.1.1;1.97.1
R03810,3.4.11;3.4.19;3.4.14;2.3.2;3.3.2
R08769,2.1.1;1.-.-;2.3.1;2.5.1;6.3.2
R01940,1.2.4;2.3.1;6.3.1;4.1.1;4.4.1
R00664,2.3.1;6.2.1;3.1.2;2.8.3;6.3.2
R04405,2.1.1;2.5.1;3.3.1;2.3.1;1.8.3
R08353,2.7.3;2.7.1;6.2.1;6.3.1;6.3.2
R04867,2.1.1;2.3.1;1.14.11;1.14.13;6.-.-
R10934,5.4.99;4.2.1;1.3.1;4.1.1;5.4.4
R10110,1.13.11;2.3.1;1.14.12;1.14.-;4.1.1
R01031,4.3.1;4.4.1;1.5.99;1.4.1;1.4.99
R12002,1.3.98;4.1.1;2.1.1;2.3.1;1.2.4
R07416,6.2.1;2.3.1;3.1.2;2.8.3;2.7.2
R10813,2.5.1;6.2.1;2.7.1;1.3.1;2.4.1
R11171,2.7.1;2.7.3;2.7.13;2.7.11;2.3.1
R04159,2.3.2;2.7.4;2.7.1;2.4.1;2.7.7
R00026,3.2.1;2.3.1;3.7.1;5.4.1;2.4.1
R02498,1.3.1;1.3.99;1.1.1;1.3.3;1.3.8
R02454,1.1.1;1.2.1;2.3.1;5.1.2;2.7.1
R12349,5.4.99;2.4.1;1.14.13;5.4.1;2.8.3
R04558,4.3.1;2.4.2;4.3.2;4.1.3;1.13.12
R07481,2.1.1;2.3.1;4.2.1;1.3.-;2.5.1
R06513,4.2.1;3.7.1;1.1.1;1.1.5;5.-.-
R10217,1.1.1;1.2.1;1.3.1;1.1.3;1.-.-
R10700,2.3.1;6.2.1;3.1.2;1.2.1;1.1.1
R04575,2.4.1;2.3.1;2.7.7;2.4.2;2.7.8
R08499,1.1.1;1.2.1;1.14.13;1.-.-;1.14.14
R04239,1.4.3;1.5.3;3.5.4;1.4.9;1.5.99
R01319,2.3.1;1.1.1;1.14.13;2.7.1;6.-.-
R11586,2.3.1;1.1.1;2.3.2;2.8.1;5.3.1
R12144,1.3.2;1.1.2;1.8.2;1.11.1;1.1.1
R07533,2.1.1;1.-.-;2.3.1;4.2.1;2.5.1
R01724,6.3.4;2.4.2;3.5.1;3.2.2;2.7.3
R10142,2.3.1;2.6.1;2.7.2;3.1.1;6.2.1
R10951,2.1.1;2.3.1;2.7.1;1.1.1;2.7.8
R06891,1.1.1;1.14.12;1.3.1;1.-.-;1.14.13
R08999,1.14.99;1.14.13;1.14.14;1.6.3;1.6.99
R10392,4.2.1;5.4.4;1.14.14;2.3.3;4.1.3
R12160,2.4.1;2.7.7;3.1.1;2.7.8;2.3.1
R11773,2.3.1;2.8.3;3.1.1;6.2.1;3.2.1
R01759,1.1.1;5.4.99;2.3.1;1.3.1;2.4.1
R03140,4.1.1;1.13.11;5.3.3;2.7.1;1.1.5
R01393,4.1.1;1.1.1;2.2.1;5.3.1;2.6.1
R10734,4.2.3;5.5.1;4.3.2;1.14.15;2.5.1
R06469,5.4.99;4.2.1;1.14.13;5.4.4;1.-.-
R10578,1.13.11;1.14.12;1.14.18;1.14.99;3.3.2
R02924,2.6.1;5.1.1;1.5.99;1.4.3;1.4.1
R12527,2.4.1;5.4.99;5.4.1;3.2.1;2.3.1
R03984,1.5.4;4.2.3;3.5.1;5.3.4;3.1.1
R04199,1.17.1;1.7.1;1.17.98;1.2.1;1.4.1
R07524,2.1.1;2.3.1;4.2.1;2.5.1;4.4.1
R11584,2.3.1;4.1.1;1.3.1;1.2.1;1.2.4
R10050,2.2.1;4.1.2;1.1.99;2.7.1;5.4.99
R07630,4.2.3;5.5.1;4.3.2;5.4.99;5.3.3
R09264,1.1.1;1.3.1;1.14.13;2.3.1;1.-.-
R06818,2.3.1;2.4.2;1.1.1;2.7.1;5.1.3
R08083,1.1.1;1.3.1;1.2.1;2.3.1;1.5.1
R05643,1.2.1;1.1.1;1.5.1;1.4.1;1.8.1
R00539,3.6.1;3.1.3;3.1.1;3.1.4;3.-.-
R08384,1.2.3;1.17.3;1.11.1;1.1.3;1.2.1
R03299,1.14.13;1.14.14;1.14.12;1.14.18;1.14.-
R03030,4.3.1;2.3.1;4.2.1;1.3.99;2.5.1
R02135,3.1.3;3.6.1;3.1.4;4.2.3;2.7.1
R10259,2.4.1;2.3.1;3.1.1;3.2.1;2.1.1
R03417,3.1.1;3.1.2;2.3.1;3.-.-;3.3.2
R10783,1.1.1;1.2.1;1.3.1;1.5.1;1.-.-
R03965,2.3.1;3.1.2;3.1.1;6.2.1;1.2.1
R10178,2.6.1;1.2.-;4.1.1;1.4.1;1.4.11
R12268,3.1.1;1.14.14;3.2.1;3.4.11;3.3.2
R07336,2.4.1;1.14.-;4.2.1;5.3.1;2.3.1
R06530,4.1.1;2.7.11;4.1.2;2.3.1;2.7.1
R06940,3.5.1;1.14.14;3.5.4;4.2.1;1.14.13
R05292,1.3.1;1.1.1;1.14.12;1.14.13;1.6.5
R09804,2.4.1;2.7.7;3.1.1;2.3.1;2.4.2
R06419,1.3.1;1.1.1;1.2.1;1.18.1;1.6.2
R04482,5.3.3;5.3.2;4.2.1;1.1.1;5.5.1
R09899,4.2.3;2.5.1;5.5.1;5.3.3;4.3.2
R10970,2.7.1;2.7.4;2.1.1;2.3.1;2.7.2
R10163,1.5.1;1.4.1;1.5.99;1.19.1;1.4.99
R04857,3.5.1;3.5.3;4.3.2;3.5.4;4.2.1
R03176,1.1.1;1.1.-;5.3.3;1.1.5;1.3.1
R11972,2.7.7;2.4.2;2.3.1;5.1.3;2.5.1
R09724,3.1.1;3.5.1;3.2.1;4.2.1;3.4.11
R09561,1.8.1;1.6.4;1.8.4;1.11.1;1.3.1
R07392,4.2.1;2.3.1;3.1.1;5.3.3;3.1.2
R02150,1.4.3;1.5.3;1.4.9;3.5.4;1.5.99
R09407,1.14.14;1.14.13;1.-.-;4.2.1;1.14.-
R11529,1.13.11;1.14.12;1.14.14;1.14.-;1.8.5
R07839,4.1.3;5.3.2;5.3.3;1.1.5;1.1.-
R00453,2.6.1;4.1.1;1.2.-;5.3.1;1.1.2
R02071,2.7.1;5.4.2;2.7.2;2.3.1;1.1.99
R04384,2.1.1;3.1.1;2.3.1;1.2.99;3.1.2
R11971,1.8.2;1.7.2;1.8.99;1.11.1;1.9.99
R12039,1.-.-;2.1.1;1.3.99;1.14.13;2.3.1
R12588,3.3.1;3.13.1;4.4.1;3.1.2;4.2.1
R10442,3.6.1;3.1.3;3.-.-;3.1.4;3.6.2
R04291,2.7.8;6.2.1;2.7.4;3.1.3;2.7.1
R07360,1.8.3;1.11.1;3.1.2;1.6.3;1.2.3
R02622,3.5.1;3.5.5;6.3.1;6.3.5;1.4.1
R10576,1.13.11;1.14.12;1.14.99;1.14.18;5.4.4
R13159,2.4.2;5.1.3;2.3.1;2.7.7;2.7.6
R11073,5.1.99;5.1.3;5.1.1;2.6.1;3.1.1
R03264,1.1.1;1.3.1;1.2.1;2.3.1;1.5.1
R12011,2.1.1;2.-.-;2.5.1;1.3.98;4.3.3
R09986,1.1.1;1.14.13;5.3.3;1.-.-;1.3.1
R02018,1.17.4;1.8.4;1.11.1;1.8.1;5.3.4
R02565,1.2.1;1.1.1;1.1.99;1.4.1;1.5.1
R11781,2.3.1;3.1.2;6.2.1;1.2.1;2.3.3
R12562,2.7.7;2.7.1;2.4.99;2.3.2;2.7.4
R05502,1.97.1;2.5.1;1.21.99;3.8.1;1.3.1
R13199,5.3.1;2.2.1;1.1.2;1.1.1;2.3.1
R02003,2.5.1;5.3.3;1.17.1;2.7.1;4.1.1
R04643,2.8.2;2.7.8;1.8.4;2.5.1;2.3.1
R01492,2.5.1;5.3.3;5.3.99;2.7.8;4.2.99
R00299,2.7.1;2.7.2;3.1.3;3.6.1;2.1.1
R00715,1.5.1;1.4.1;1.5.99;1.8.1;1.1.1
R09694,4.2.1;3.2.1;5.4.4;3.1.3;3.3.2
R02227,2.7.1;2.7.4;2.1.1;6.2.1;2.7.2
R10696,3.7.1;4.2.1;4.2.3;3.1.7;4.1.99
R04901,1.1.1;1.14.13;1.-.-;1.2.1;1.6.5
R04809,4.2.1;2.3.1;3.1.1;3.7.1;3.1.2
R04608,3.1.1;3.5.1;3.1.2;3.4.21;2.3.1
R07111,3.3.2;1.14.14;1.14.13;5.4.4;3.4.11
R00805,3.1.3;3.6.1;2.7.1;3.1.4;4.2.3
R07920,2.1.1;2.3.1;2.5.1;2.6.1;4.3.3
R10157,1.14.11;1.4.11;4.1.1;1.14.20;1.2.4
R03213,2.4.1;2.7.7;1.14.-;2.7.1;1.1.3
R04962,1.3.1;2.3.1;1.1.1;2.7.1;1.3.99
R07048,1.14.13;1.14.14;1.14.15;1.1.1;1.14.12
R10689,3.1.1;3.5.1;3.7.1;3.4.16;3.4.17
R05437,1.14.12;1.14.13;1.13.11;1.14.-;1.-.-
R09279,6.2.1;2.3.1;3.1.2;2.7.2;1.2.1
R12017,2.5.1;1.6.5;1.14.13;4.2.1;2.7.4
R05573,3.5.4;6.3.4;2.1.2;3.8.1;1.14.15
R08574,2.7.1;2.7.2;3.1.3;3.6.1;2.1.1
R03486,2.7.7;2.4.2;2.3.1;5.1.3;2.7.6
R07967,1.14.13;1.13.12;1.3.98;1.14.14;1.14.15
R12806,2.7.4;2.7.1;2.3.1;3.1.3;2.7.7
R05323,2.1.1;2.3.1;2.5.1;3.3.1;4.3.3
R07527,2.1.1;1.-.-;2.3.1;4.2.1;2.5.1
R01152,3.5.1;3.5.3;3.4.19;3.1.1;4.2.1
R10939,5.3.1;4.4.1;1.1.1;5.1.3;4.1.1
R04333,2.3.1;3.1.1;2.4.1;2.7.1;4.2.99
R04474,2.3.1;2.7.4;2.4.1;5.1.3;2.7.8
R11284,1.1.3;1.8.3;1.1.99;2.6.1;1.21.3
R00846,1.1.3;1.1.99;1.1.5;1.3.3;1.7.3
R02389,2.4.1;2.3.1;3.1.1;2.7.1;2.7.7
R13193,3.4.11;3.1.1;3.2.1;3.5.1;2.3.1
R12626,2.3.2;2.3.1;6.2.1;4.3.2;2.6.1
R04040,5.4.99;5.5.1;1.14.13;4.2.1;5.4.4
R05724,1.14.12;1.7.1;1.7.99;1.14.13;1.19.1
R06310,2.3.1;3.1.1;6.2.1;2.8.3;3.1.2
R10917,1.1.1;2.3.1;1.3.1;1.2.1;1.1.99
R07295,2.3.1;2.7.4;2.4.1;5.1.3;2.7.8
R05827,1.1.1;1.2.1;1.14.13;1.3.1;1.11.1
R09886,5.5.1;4.2.3;4.3.2;3.1.7;5.3.3
R06736,2.3.1;3.1.1;3.1.2;2.3.3;1.2.7
R02024,1.17.4;1.8.4;1.11.1;1.8.1;5.3.4
R09796,4.2.1;1.1.1;3.1.2;4.4.1;5.4.4
R04216,2.4.1;4.2.1;2.-.-;2.3.1;2.4.-
R04951,3.4.11;3.4.13;3.4.19;3.4.21;3.4.18
R06497,2.4.1;2.3.1;2.7.7;2.4.2;3.2.1
R09751,1.7.1;1.7.99;1.7.7;1.7.5;1.7.2
R11582,2.7.4;2.7.1;2.1.1;6.2.1;2.7.2
R05241,1.3.1;1.14.12;1.1.1;1.3.99;1.21.1
R12927,3.2.1;3.4.11;3.4.13;3.4.17;3.6.3
R01138,2.7.1;2.7.9;4.1.1;2.5.1;2.7.4
R13379,1.1.99;1.1.3;4.1.2;1.14.12;1.13.11
R04732,4.1.1;3.5.2;4.3.2;2.3.1;5.4.99
R10967,2.3.1;6.2.1;4.1.1;1.2.7;1.2.4
R03365,1.13.11;1.14.18;1.10.3;1.3.3;1.14.13
R11045,2.1.1;2.3.1;1.-.-;4.2.1;4.4.1
R02037,2.1.1;4.3.3;1.4.3;1.3.98;1.5.8
R12929,2.1.1;2.5.1;6.3.2;2.7.4;3.3.1
R12343,2.6.1;1.2.7;4.1.3;1.1.2;1.5.5
R01793,1.5.1;1.2.1;1.19.1;1.16.1;1.3.1
R00836,2.4.1;5.4.99;3.2.1;2.3.1;5.4.1
R08294,1.14.13;1.14.14;1.14.12;1.14.-;1.-.-
R00909,3.5.1;3.1.1;4.2.1;2.3.1;3.1.2
R10343,2.8.3;2.3.1;3.1.1;3.1.2;3.5.1
R11160,2.5.1;1.14.13;2.3.1;2.1.1;2.4.2
R03728,4.1.99;1.14.13;1.2.1;1.5.1;3.5.4
R11965,3.2.1;5.1.1;3.1.1;3.5.1;3.4.11
R06812,2.4.1;2.4.2;2.3.1;3.2.1;2.7.7
R12004,5.5.1;4.2.1;4.5.1;1.1.1;4.1.2
R04478,4.2.1;4.1.3;5.4.4;3.7.1;2.3.3
R00146,1.4.1;4.3.1;1.4.3;1.7.1;1.5.1
R11504,1.6.3;1.6.99;1.14.12;1.7.3;1.16.1
R03090,1.14.13;1.14.14;1.14.-;1.14.18;1.14.12
R02315,1.5.1;1.2.1;1.5.99;1.14.13;1.4.1
R04082,2.4.1;2.4.-;2.7.7;2.-.-;6.2.1
R11281,3.1.3;3.6.1;2.7.1;3.1.4;4.2.3
R04716,2.1.1;2.5.1;2.3.1;4.2.1;5.3.3
R11393,1.14.19;1.14.14;1.14.99;1.9.3;1.13.11
R13263,1.1.1;2.3.1;1.-.-;1.14.13;4.2.1
R00131,3.5.1;3.5.3;6.3.4;4.2.1;3.5.4
R08550,1.3.1;1.1.1;3.1.1;2.5.1;1.14.13
R11106,1.14.19;1.14.14;1.9.3;1.3.3;4.1.99
R08918,1.1.1;1.3.1;1.14.13;1.-.-;1.2.1
R05839,2.6.1;1.4.3;2.3.2;1.4.1;2.3.1
R04398,2.1.1;1.-.-;2.3.1;2.5.1;6.3.2
R12532,3.6.1;3.1.3;3.6.4;3.1.4;2.7.3
R09667,2.4.1;2.4.-;2.7.7;3.2.1;2.3.1
R02961,2.1.1;2.-.-;2.5.1;1.3.98;4.3.3
R06377,1.1.1;1.3.1;1.14.13;1.-.-;1.6.5
R05658,3.3.2;3.4.11;4.2.1;1.10.1;1.13.99
R03094,2.4.1;2.3.1;3.1.1;6.2.1;2.7.7
R04632,2.4.99;3.1.3;2.7.7;2.3.2;3.1.4
R06356,1.14.13;1.1.1;1.14.14;4.2.1;1.14.15
R12877,1.14.14;1.14.13;1.14.12;1.6.3;1.14.99
R07053,1.13.11;3.3.2;5.4.4;4.2.1;1.14.12
R09069,1.1.1;1.14.13;1.3.1;1.2.1;1.6.5
R02322,3.5.1;3.1.1;3.6.1;3.5.5;3.5.4
R09295,1.14.13;4.2.1;1.14.14;5.4.4;4.2.3
R03409,3.6.1;3.1.3;3.6.4;3.1.4;2.7.3
R12940,2.7.1;2.4.1;2.7.4;3.2.1;5.2.1
R00594,2.1.1;2.3.1;2.5.1;4.1.1;6.3.2
R05262,1.14.12;1.3.1;1.14.14;1.14.13;1.3.3
R05156,1.14.12;1.21.21;1.14.-;1.14.13;1.7.1
R06383,1.1.1;1.14.13;1.-.-;1.3.1;1.1.5
R03622,4.2.1;1.14.99;5.5.1;3.1.7;5.4.4
R10380,2.5.1;5.3.3;2.3.1;2.6.1;2.4.1
R07706,1.7.1;1.14.13;1.14.12;1.14.-;1.14.14
R01050,2.7.1;2.7.7;2.3.1;5.1.3;2.4.1
R11639,1.14.14;1.14.13;4.2.1;1.14.-;4.3.1
R01344,2.6.1;4.3.1;1.4.1;1.5.99;5.1.1
R12363,4.2.3;5.5.1;4.3.2;3.1.7;4.2.1
R03366,2.1.1;2.3.1;1.-.-;6.3.2;2.5.1
R09734,2.4.1;2.7.7;5.1.99;6.2.1;2.7.4
R04228,1.7.1;1.14.13;1.5.1;3.1.-;1.18.1
R09894,4.3.2;4.2.3;2.5.1;2.3.2;5.3.3
R01917,2.7.3;6.3.1;2.7.1;2.7.7;2.7.4
R07872,5.3.3;1.3.1;5.2.1;5.3.2;2.2.1
R01757,1.1.1;5.4.99;1.3.1;1.1.5;3.1.1
R04602,1.13.11;1.14.12;1.13.99;1.1.3;1.14.-
R07194,1.14.13;1.14.18;1.14.14;1.3.98;1.13.11
R08341,1.14.14;1.14.13;1.-.-;1.14.-;2.1.1
R12976,1.1.3;1.8.3;1.1.99;5.3.1;4.2.99
R03303,1.13.11;1.14.12;1.14.99;1.14.14;5.3.3
R10220,2.4.2;2.4.99;4.3.2;2.1.1;2.3.2
R00457,2.6.1;1.4.3;4.1.1;1.4.1;1.5.3
R00434,4.6.1;3.1.4;2.7.1;3.6.1;6.2.1
R13232,4.2.3;3.1.7;5.3.3;2.5.1;5.5.1
R12198,3.1.1;3.5.1;3.4.17;3.2.1;3.1.2
R00832,2.3.1;6.2.1;3.1.2;6.3.2;1.2.1
R02626,2.7.13;2.7.1;2.7.3;2.1.1;2.7.4
R03573,2.4.1;2.7.7;2.1.1;2.4.2;2.7.8
R03640,1.14.11;1.14.20;1.4.11;1.1.5;4.1.1
R04203,1.1.1;1.8.1;1.2.1;1.1.-;1.-.-
R04457,2.5.1;1.1.1;2.4.2;5.3.99;4.4.1
