Reaction Name,E-zyme1,E-zyme2
R00043,4.1.2;4.2.1;4.1.3;2.2.1;2.5.1;1.13.11;1.14.99;2.3.1;4.1.1,4.1.2;4.1.2;4.1.2
R00084,,4.2.1;2.6.99;2.2.1
R00088,3.5.4;6.3.5;6.3.4;3.5.99;2.1.2,3.5.4;3.5.4;6.3.5;3.5.4;6.3.5;3.5.4;3.5.4;1.1.1;1.1.1;1.7.1;3.5.4;6.3.4;3.5.4;1.17.1;1.17.3;1.17.1;1.17.3;1.17.3;1.17.3;1.14.14;3.5.4;3.5.4;3.5.4;3.5.4;3.5.4;3.5.4;3.5.4;2.4.2;3.5.4;3.5.4;6.3.4
R00189,3.5.1;6.3.5;2.3.1;6.3.1;6.3.4;6.3.2;2.3.2;2.1.2;1.4.1;4.3.3;3.4.13;2.1.3;1.4.7;3.4.11;2.6.1;3.5.5;2.4.2;4.1.3;3.5.4;1.2.99;3.4.19;6.2.1;3.1.1;4.3.2;3.5.3;4.2.1;4.3.1,6.3.1;6.3.5;6.3.2;6.3.5;6.3.2;6.3.2;6.3.2;6.3.2;6.3.2;6.3.2
R00197,,
R00259,2.3.1;6.2.1;3.1.1;3.1.2;1.2.1;6.1.1;2.3.3;2.3.2;3.5.1;1.2.7;3.7.1;3.2.1;1.2.4;1.8.1;2.1.3;1.1.1;4.1.3;2.3.-;2.8.3;2.5.1;4.4.1;2.1.1;1.-.-;1.2.3;2.6.1;6.1.2;3.5.3;6.3.1;6.3.4;2.1.2;2.2.1;6.3.2;3.4.11,1.1.1;2.3.1;2.3.1;1.2.1;1.2.1;1.2.1;3.1.2;6.2.1;2.3.1;6.2.1;2.3.1;1.2.7;2.3.1;3.1.2;1.2.7;1.2.1;1.2.7;1.2.1;2.3.1;1.2.4;1.2.1;6.2.1;6.2.1;2.3.1;2.3.1;2.3.1;2.3.1;6.2.1;2.3.1
R00308,3.2.1;2.4.1;2.4.99;4.2.1;2.5.1;5.1.3;4.2.2;1.-.-;2.4.2,3.2.1;3.2.1;3.2.1;3.2.1;1.17.1
R00390,2.3.1;6.2.1;3.1.1;3.1.2;1.2.1;6.1.1;2.3.3;2.3.2;3.5.1;1.2.7;3.7.1;3.2.1;1.2.4;1.8.1;2.1.3;1.1.1;4.1.3;2.3.-;2.8.3;2.5.1;4.4.1;2.1.1;1.-.-;1.2.3;2.6.1;6.1.2;3.5.3;6.3.1;6.3.4;2.1.2;2.2.1;6.3.2;3.4.11,1.2.1;1.2.1;1.2.1;3.1.2;1.1.1;2.3.1;2.3.1;2.3.1;6.2.1;1.2.7;1.2.7;3.1.2;2.3.1;1.2.7;6.2.1;2.3.1;1.2.1;2.3.1;1.2.4;6.2.1;1.2.1;1.2.1;2.3.1;2.3.1;6.2.1;6.2.1;1.1.1;2.3.1;2.3.1;2.3.1;2.3.1;2.3.1;6.2.1;2.3.1;6.2.1
R00432,,
R00485,3.5.1;6.3.5;6.3.1;1.4.1;4.3.3;6.3.4;2.6.1;1.4.7;2.4.2;4.1.3;3.5.5;2.3.1;2.1.2;6.3.2;3.5.4,3.5.1;1.4.1;3.5.1;2.8.3
R00488,6.3.2;3.5.1;2.3.1;2.3.2;3.4.13;6.3.1;6.3.4;3.4.11;3.4.19;3.4.17;2.1.3;3.1.1;6.2.1;3.4.15;3.5.3;2.3.-;3.4.24;3.4.22;4.3.2;2.7.7;6.1.1;3.1.2;1.2.1,3.5.1;2.1.3;2.3.1;3.5.1;3.5.1;3.5.1;2.3.1;3.5.1;2.3.1;6.3.2;3.5.1;3.5.1;3.5.1;3.5.1;6.3.2;6.3.2;3.5.1;3.5.1;3.4.11;6.3.2;3.4.11;2.3.2;2.3.2;2.3.2;2.3.2;2.3.2;3.5.3;3.5.1;2.3.1;2.1.2;2.1.2;3.4.13
R00490,3.5.1;4.3.1;2.1.2;6.3.4;2.3.1;3.5.4;6.3.1;6.3.5;6.3.2;1.2.99;2.3.2;2.1.3;3.4.11;3.4.13,3.5.1;4.2.1;4.3.1;1.3.5;4.2.1;4.2.1;4.3.2;4.2.1;4.2.1;4.2.1;4.2.1;4.2.1;4.2.1;4.2.1;4.2.1;4.2.1;4.2.1;4.2.1;4.2.1;4.2.1;4.1.99
R00540,3.5.5;6.3.4,3.5.5;3.5.5
R00584,2.7.1;3.1.3;3.6.1;2.7.8;2.7.4;2.7.7;3.6.3;2.7.11;3.1.4;2.7.2;2.7.6;2.7.3;3.6.4;3.1.7;4.6.1;2.7.9;3.6.5;3.2.1;2.7.12;2.7.13;2.6.-;2.7.-;4.1.1;2.7.10;1.3.7;1.18.6;4.2.3;2.7.99;3.1.5;2.4.1;5.1.3;1.19.6;3.-.-,3.1.3;2.7.1;2.7.1;2.7.1;2.7.2;3.1.3;2.7.8;2.7.1;2.7.1;2.7.1;3.1.3;4.2.3;2.7.1;2.7.1;2.7.1;2.7.1;3.1.3;2.7.1;2.7.1;3.1.3;2.7.1;2.7.1;2.7.1;2.7.1;2.7.1;2.7.1
R00649,2.1.1;1.14.14;3.1.1;2.3.1;1.5.3;1.14.11;1.5.8;2.-.-;1.16.1;1.14.99;1.14.13;1.2.7;1.5.99;3.7.1,2.-.-;2.5.1;2.3.1
R00665,3.5.1;2.3.1;6.3.2;2.3.2;6.3.1;6.3.4;3.4.13;2.1.3;3.4.11;6.2.1;3.1.1;3.4.19;2.1.2;6.3.5;3.1.2;3.4.17;3.5.4;1.2.1;3.5.3;4.3.2;2.7.7;2.3.3;1.2.99;6.1.1;2.3.-;3.4.15;1.2.7;1.4.1;4.3.3;1.4.7;3.5.5;3.7.1,2.1.3;2.1.3;2.1.3;3.5.1;3.5.1;2.3.1;3.5.1;2.3.1;2.3.1;3.5.1;2.3.1;3.5.1;3.5.1;2.1.4
R00704,1.1.1;1.1.99;1.1.3;2.3.1;1.1.5;1.6.5;1.6.99;1.1.-;1.14.13;1.1.2;1.6.1;1.6.3;1.14.-;1.11.1;1.14.11;1.1.98;1.4.3;1.-.-;4.2.1;1.14.15;1.2.1;1.1.9;1.3.1,1.-.-;1.-.-
R00708,1.1.1;1.1.99;1.1.3;2.3.1;1.1.5;1.6.5;1.6.99;1.1.-;1.14.13;1.1.2;1.6.1;1.6.3;1.14.-;1.11.1;1.14.11;1.1.98;1.4.3;1.-.-;4.2.1;1.14.15;1.2.1;1.1.9;1.3.1,1.-.-;1.-.-
R00710,1.1.1;1.1.99;1.1.3;2.3.1;1.1.5;1.6.5;1.6.99;1.1.-;1.14.13;1.1.2;1.6.3;1.6.1;1.14.-;1.11.1;1.14.11;1.1.98;1.4.3;1.-.-;4.2.1;1.14.15;1.2.1;1.1.9;1.3.1,1.-.-;1.-.-
R00775,3.5.3;2.1.4;1.14.13,2.1.4;3.5.3;2.1.2;2.1.4;1.5.3
R00789,1.1.1;1.1.99;1.1.3;2.3.1;1.1.5;1.6.5;1.6.99;1.1.-;1.14.13;1.1.2;1.6.3;1.6.1;1.14.-;1.11.1;1.14.11;1.1.98;1.4.3;1.-.-;4.2.1;1.14.15;1.2.1;1.1.9;1.3.1,1.-.-;1.-.-
R00809,2.4.1;3.2.1;2.4.2;3.1.4;6.1.1;4.2.2;5.1.3;6.5.1;3.1.1;2.4.99;4.2.1;3.1.3;3.6.1;2.7.8;4.3.3,2.4.1;2.4.1;2.4.1;2.4.1;2.4.1;2.4.2;2.4.1;2.4.1;2.4.1;2.4.1;2.4.1;2.4.1;2.4.1;2.4.1;2.4.2;2.4.1;2.4.1;2.4.1;2.4.1;2.4.1;2.4.2;2.4.1;3.6.1;2.4.2;2.4.2;2.4.2;2.4.99;2.4.2;2.4.99;2.4.2;2.4.1;4.2.3;2.7.8
R00827,2.1.1;1.14.14;3.1.1;2.3.1;1.5.3;1.14.11;1.5.8;2.-.-;1.16.1;1.14.99;1.14.13;1.2.7;1.5.99;3.7.1,2.-.-;2.5.1;2.3.1
R00833,4.2.3;4.1.1;3.1.7;4.1.99;4.3.3,2.1.3;2.1.3;2.3.1;2.3.1;2.3.1;4.1.1;4.1.1;2.3.1;2.3.1;2.3.1;2.3.1;2.3.1;4.1.1
R00841,2.7.1;3.1.3;3.6.1;2.7.8;2.7.4;2.7.7;3.6.3;2.7.11;3.1.4;2.7.2;2.7.6;2.7.3;3.6.4;3.1.7;4.6.1;2.7.9;3.6.5;3.2.1;2.7.12;2.7.13;2.6.-;2.7.-;4.1.1;2.7.10;1.3.7;1.18.6;4.2.3;2.7.99;3.1.5;2.4.1;5.1.3;1.19.6;3.-.-,2.7.1;2.7.1;2.7.1;2.7.1;2.7.1;2.7.1;2.7.1;2.7.1;2.7.1;2.7.1;2.7.1;2.7.1;4.2.3;3.1.3;2.7.1;2.7.1;3.1.3;2.7.1;3.1.3;3.1.3;2.7.1;2.7.1;2.7.1;2.7.1;2.7.1;2.7.1;3.1.3;2.7.1;3.1.4;3.1.3;2.7.1;2.7.1;2.7.8;2.7.1;3.1.3;2.7.1;2.7.1;2.7.1;2.7.1;2.7.1
R00844,1.1.1;1.1.99;1.1.3;2.3.1;1.1.5;1.6.5;1.6.99;1.1.-;1.14.13;1.1.2;1.6.3;1.6.1;1.14.-;1.11.1;1.14.11;1.1.98;1.4.3;1.-.-;4.2.1;1.14.15;1.2.1;1.1.9;1.3.1,1.-.-;1.-.-
R00850,2.7.1;3.1.3;3.6.1;2.7.8;2.7.4;2.7.7;3.6.3;2.7.11;3.1.4;2.7.2;2.7.6;2.7.3;3.6.4;3.1.7;4.6.1;2.7.9;3.6.5;3.2.1;2.7.12;2.7.13;2.6.-;2.7.-;4.1.1;2.7.10;1.3.7;1.18.6;4.2.3;3.1.5;2.7.99;2.4.1;5.1.3;1.19.6;3.-.-,2.7.1;2.7.1;2.7.1;2.7.1;2.7.1;2.7.1;2.7.1;2.7.1;2.7.1;2.7.1;2.7.1;2.7.1;2.7.1;2.7.1;2.7.1;2.7.1;2.7.1;2.7.1;3.1.3;2.7.1;2.7.1;2.7.1;2.7.1;2.7.1;2.7.1;2.7.1;2.7.1;2.7.1;2.7.1;2.7.1;2.7.1;2.7.1;2.7.1;2.7.1;2.7.1;2.7.1;2.7.1;2.7.1;2.7.1;3.1.3;2.7.1;3.1.3;3.1.3;2.7.1;2.7.1;2.7.1;2.7.1;2.7.8;2.7.1;2.7.1
R00870,1.1.1;1.1.99;1.1.3;2.3.1;1.1.5;1.6.5;1.6.99;1.1.-;1.14.13;1.1.2;1.6.1;1.6.3;1.14.-;1.11.1;1.14.11;1.1.98;1.4.3;1.-.-;4.2.1;1.14.15;1.2.1;1.1.9;1.3.1,1.-.-;1.-.-
R00897,2.6.1;1.4.1;1.4.3;1.5.1;3.8.1;4.1.3;4.1.1;4.3.1;1.4.7;1.4.99;1.14.14;3.7.1;1.5.3;3.11.1;1.4.2;1.13.12;1.14.11;2.6.3;1.4.5;1.17.4,4.1.2;4.1.2;4.1.3;4.1.3;4.1.3;4.1.3
R00985,4.1.3;2.3.3;4.2.99;2.3.1;3.3.2;4.1.1;2.4.2,4.1.3;3.3.2;4.1.3;4.2.99
R01000,1.1.1;1.1.99;1.1.3;2.3.1;1.1.5;1.6.5;1.6.99;1.1.-;1.14.13;1.1.2;1.6.1;1.6.3;1.14.-;1.11.1;1.14.11;1.1.98;1.4.3;1.-.-;4.2.1;1.14.15;1.2.1;1.1.9;1.3.1,1.-.-;1.-.-
R01031,4.5.1;3.8.1,1.4.99;1.4.1;2.6.1;4.4.1;4.4.1;2.6.1;4.4.1;2.6.1;4.4.1;4.3.1;4.3.1;1.4.3;1.4.3;4.4.1;4.4.1;4.4.1;1.4.1;2.6.1;1.4.3;1.4.3;1.4.1;2.6.1;2.6.1;1.4.1;1.4.1;4.3.1;2.6.1;4.4.1;4.4.1;4.4.1;1.4.1;4.4.1;4.4.1;4.4.1;2.5.1;1.4.3;2.6.1;4.4.1
R01034,1.1.1;1.1.99;1.1.3;2.3.1;1.1.5;1.6.5;1.6.99;1.1.-;1.14.13;1.1.2;1.6.3;1.6.1;1.14.-;1.11.1;1.14.11;1.1.98;1.4.3;1.-.-;4.2.1;1.14.15;1.2.1;1.1.9;1.3.1,1.-.-;1.-.-
R01036,1.1.1;1.1.99;1.1.3;2.3.1;1.1.5;1.6.5;1.6.99;1.1.-;1.14.13;1.1.2;1.6.3;1.6.1;1.14.-;1.11.1;1.14.11;1.1.98;1.4.3;1.-.-;4.2.1;1.14.15;1.2.1;1.1.9;1.3.1,1.-.-;1.-.-
R01039,1.1.1;1.1.99;1.1.3;2.3.1;1.1.5;1.6.5;1.6.99;1.1.-;1.14.13;1.1.2;1.6.1;1.6.3;1.14.-;1.11.1;1.14.11;1.1.98;1.4.3;1.-.-;4.2.1;1.14.15;1.2.1;1.1.9;1.3.1,1.-.-;1.-.-
R01064,4.1.2;4.1.3;2.2.1;4.2.1;2.5.1;1.14.99;4.1.1;1.13.11;2.1.2;1.11.1,4.1.2;4.1.2;4.1.2;4.1.2;4.1.3;4.1.3;4.1.2;4.1.2;4.1.2
R01088,1.1.1;1.1.99;1.1.3;2.3.1;1.1.5;1.6.5;1.6.99;1.1.-;1.14.13;1.1.2;1.6.1;1.6.3;1.14.-;1.11.1;1.14.11;1.1.98;1.4.3;1.-.-;4.2.1;1.14.15;1.2.1;1.1.9;1.3.1,1.-.-;1.-.-
R01096,1.1.1;1.1.99;1.1.3;2.3.1;1.1.5;1.6.5;1.6.99;1.1.-;1.14.13;1.1.2;1.6.3;1.6.1;1.14.-;1.11.1;1.14.11;1.1.98;1.4.3;1.-.-;4.2.1;1.14.15;1.2.1;1.1.9;1.3.1,1.-.-;1.-.-
R01101,2.4.1;3.2.1;2.4.2;3.1.4;4.2.2;5.1.3;6.5.1;6.1.1;2.4.99;4.2.1;3.1.3;3.6.1;2.7.8;3.1.1,3.2.1;3.2.1;3.2.1;2.4.1;2.4.1;3.2.1;3.2.1;2.4.1;3.2.1;3.2.1;2.4.1;2.4.1;2.4.1;2.4.1;3.2.1;2.4.1;2.4.1;3.2.1;3.2.1;2.4.1;2.4.1;2.4.1;2.4.1;2.4.1;2.4.1;3.2.1;2.4.1;3.2.1;3.2.1;3.2.1;2.4.1;2.4.1;3.2.1;3.2.1;2.4.1;2.4.1;3.2.1;3.2.1;3.2.1;2.4.1;2.4.2;2.4.1;3.2.1;2.4.1;3.2.1;2.4.1;2.4.1;2.4.1;2.4.1;2.4.1;3.2.1;2.4.1;3.2.1;2.4.1;3.2.1;3.2.1;2.4.1;3.2.1;2.4.1;3.2.1;3.2.1;3.2.1;2.4.1;3.2.1;3.2.1;2.4.1;2.4.1;2.4.1;2.4.1;3.2.1;2.4.1;2.4.1
R01169,2.1.1;1.14.14;3.1.1;2.3.1;1.5.3;1.14.11;1.5.8;2.-.-;1.16.1;1.14.99;1.14.13;1.2.7;1.5.99;3.7.1,2.-.-;2.5.1;2.3.1
R01201,,
R01205,2.4.1;3.2.1;2.4.2;3.1.4;6.1.1;4.2.2;5.1.3;6.5.1;3.1.1;2.4.99;4.2.1;3.1.3;3.6.1;2.7.8;4.3.3,2.4.1;2.4.1;2.4.1;2.4.1;2.4.1;2.4.2;2.4.1;2.4.1;2.4.1;2.4.1;2.4.1;2.4.1;2.4.1;2.4.1;2.4.2;2.4.1;2.4.1;2.4.1;2.4.1;2.4.1;2.4.2;2.4.1;3.6.1;2.4.2;2.4.2;2.4.2;2.4.99;2.4.2;2.4.99;2.4.2;2.4.1;4.2.3;2.7.8
R01227,2.7.1;3.1.3;3.6.1;2.7.8;2.7.4;2.7.7;3.6.3;2.7.11;3.1.4;2.7.2;2.7.6;2.7.3;3.6.4;3.1.7;4.6.1;2.7.9;3.6.5;3.2.1;2.7.12;2.7.13;2.6.-;2.7.-;4.1.1;2.7.10;1.3.7;1.18.6;4.2.3;3.1.5;2.7.99;2.4.1;5.1.3;1.19.6;3.-.-,2.7.1;3.1.3;2.7.1;2.7.1;2.7.1;2.7.1;2.7.1;2.7.1;2.7.1;2.7.1;3.1.3;2.7.1;2.7.1;2.7.1;2.7.1;2.7.1;2.7.1;2.7.1;2.7.1;2.7.1;2.7.1;2.7.1;2.7.1;2.7.1;2.7.1;2.7.1;2.7.1;2.7.1;2.7.1;2.7.1;2.7.1;2.7.1;2.7.1;2.7.1;2.7.1;2.7.1;2.7.1;2.7.1;2.7.1;2.7.1;2.7.1;3.1.3;2.7.1;2.7.1;2.7.1;2.7.1;2.7.1;2.7.1;3.1.3;3.1.5;2.7.8
R01298,1.1.1;1.1.99;1.1.3;2.3.1;1.1.5;1.6.5;1.6.99;1.1.-;1.14.13;1.1.2;1.6.1;1.6.3;1.14.-;1.11.1;1.14.11;1.1.98;1.4.3;1.-.-;4.2.1;1.14.15;1.2.1;1.1.9;1.3.1,1.-.-;1.-.-
R01371,1.1.1;1.1.99;1.1.3;2.3.1;1.1.5;1.6.5;1.6.99;1.1.-;1.14.13;1.1.2;1.6.1;1.6.3;1.14.-;1.11.1;1.14.11;1.1.98;1.4.3;1.-.-;4.2.1;1.14.15;1.2.1;1.1.9;1.3.1,1.-.-;1.-.-
R01448,3.1.6,2.8.2
R01469,2.6.1;1.4.3;1.4.1;1.4.9;1.4.2;1.4.99;1.4.7;1.13.12;4.1.1;1.14.11;2.-.-;1.5.3;4.2.1;1.21.4;4.3.1,1.4.3;1.4.3;2.6.1;1.4.3;2.6.1;1.4.3;2.6.1;2.6.1;2.6.1;1.4.3;2.6.1;2.6.1;1.4.2;2.6.1;1.4.3;1.5.3
R01480,3.2.1;2.4.1;2.4.99;2.4.2;4.2.2;4.2.1;2.5.1;5.1.3;1.-.-,3.2.1;2.4.1;3.2.1;2.4.1;3.2.1;2.4.1;2.4.1;2.4.1;2.4.1;2.4.1;2.4.2;3.2.1;3.2.1;2.4.1;2.4.1;2.4.1;2.4.1;2.4.1;3.2.1;3.2.1;2.4.1;3.2.1;3.2.1;3.2.1;3.2.1;2.4.1;3.2.1;2.4.1;2.4.1;2.4.1;2.4.1;3.2.1;2.4.1;2.4.1;4.2.1;2.4.1;3.2.1;3.2.1;2.4.1;3.2.1;2.4.1;2.4.1;3.2.1;2.4.1;2.4.1;3.2.1;2.4.1;3.2.1;3.2.1;2.4.1;3.2.1;2.4.1;2.4.1;3.2.1;2.4.1;3.2.1;2.4.1;2.4.1;3.2.1;3.2.1;2.4.1;2.4.1;3.2.1;3.2.1;2.4.1;3.2.1;2.4.1;3.2.1;3.2.1;2.4.1;2.4.1;3.2.1;3.2.1;2.4.1
R01488,1.1.1;1.1.99;1.1.3;2.3.1;1.1.5;1.6.5;1.6.99;1.1.-;1.14.13;1.1.2;1.6.3;1.6.1;1.14.-;1.11.1;1.14.11;1.1.98;1.4.3;1.-.-;4.2.1;1.14.15;1.2.1;1.1.9;1.3.1,1.-.-;1.-.-
R01494,6.3.2;3.5.1;2.3.1;2.3.2;3.4.13;6.3.1;6.3.4;3.4.11;3.4.19;3.4.17;2.1.3;3.1.1;6.2.1;3.4.15;3.5.3;2.3.-;3.4.22;3.4.24;4.3.2;2.7.7;6.1.1;3.1.2;1.2.1,2.3.1;2.3.1;2.3.1;6.3.1;6.3.1;3.5.1;6.3.1
R01497,2.4.1;3.2.1;2.4.2;3.1.4;6.1.1;4.2.2;5.1.3;6.5.1;3.1.1;2.4.99;4.2.1;3.1.3;3.6.1;2.7.8;4.3.3,2.4.1;2.4.1;2.4.1;2.4.1;2.4.1;2.4.2;2.4.1;2.4.1;2.4.1;2.4.1;2.4.1;2.4.1;2.4.1;2.4.1;2.4.2;2.4.1;2.4.1;2.4.1;2.4.1;2.4.1;2.4.2;2.4.1;3.6.1;2.4.2;2.4.2;2.4.2;2.4.99;2.4.2;2.4.99;2.4.2;2.4.1;4.2.3;2.7.8
R01506,1.13.11;1.14.99;1.13.-;1.14.13;3.7.1;2.8.1;1.8.1;1.8.99;1.8.7,1.13.11;1.13.11;1.13.11;1.13.11;1.13.11;1.13.11;1.13.11;1.13.11;1.13.11;1.13.11;1.13.11;1.13.11;1.13.11;1.13.11;1.13.11
R01511,2.7.1;3.1.3;3.6.1;2.7.8;2.7.4;2.7.7;3.6.3;2.7.11;3.1.4;2.7.2;2.7.6;2.7.3;3.6.4;3.1.7;4.6.1;2.7.9;3.6.5;3.2.1;2.7.12;2.7.13;2.6.-;2.7.-;4.1.1;2.7.10;1.3.7;1.18.6;4.2.3;2.7.99;3.1.5;2.4.1;5.1.3;1.19.6;3.-.-,2.7.1;3.1.3;2.7.1;2.7.1;2.7.2;2.7.1;2.7.1;2.7.1;3.1.3;2.7.1;2.7.1;2.7.1;4.2.3;2.7.1;2.7.1;2.7.1;2.7.1;2.7.1;2.7.8;3.1.3;2.7.1;2.7.1;2.7.1;3.1.3;3.1.3;3.1.3;3.1.3;2.7.1;2.7.1;2.7.1
R01519,3.1.1;2.5.1;1.1.1;2.3.1;3.7.1;6.1.1;6.1.2;2.1.1,3.1.1;3.1.1;3.1.1;1.1.3;3.1.1;3.1.1;1.2.1
R01538,4.2.1;2.3.1;4.1.2;4.3.3;3.5.5;3.2.-;2.5.1;3.5.1;3.5.2;2.8.1;2.9.1;5.4.4,4.2.1;4.2.1;4.2.1;4.2.1;4.2.1;4.2.1;4.2.1;1.1.1;4.2.1;4.2.1;4.2.1;4.2.1;4.2.1;1.1.1;4.3.1;4.2.1;4.2.1;1.1.1;1.1.1;1.1.1
R01574,1.1.1;1.1.99;1.1.3;2.3.1;1.1.5;1.6.5;1.6.99;1.1.-;1.14.13;1.1.2;1.6.1;1.6.3;1.14.-;1.11.1;1.14.11;1.1.98;1.4.3;1.-.-;4.2.1;1.14.15;1.2.1;1.1.9;1.3.1,1.-.-;1.-.-
R01600,,
R01644,1.1.1;1.1.99;1.1.3;2.3.1;1.1.5;1.6.5;1.6.99;1.1.-;1.14.13;1.1.2;1.6.3;1.6.1;1.14.-;1.11.1;1.14.11;1.1.98;1.4.3;1.-.-;4.2.1;1.14.15;1.2.1;1.1.9;1.3.1,1.-.-;1.-.-
R01663,3.5.4;6.3.5;6.3.4;3.5.99;2.1.2,3.5.4;3.5.4;3.5.4;3.5.4;3.5.4;3.5.4;3.5.4;3.5.4;6.3.5;3.5.4;3.5.4;3.5.4;3.5.4;6.3.5;1.1.1;3.5.4;1.7.1;3.5.4;3.5.4;3.5.4;1.1.1;6.3.4;6.3.4
R01717,,5.4.4;2.6.1;1.1.1;4.2.3;2.2.1;4.1.1;4.1.1;5.3.3;4.2.1;5.3.99;5.1.3;1.1.1;1.1.1;4.2.1;1.1.1;5.1.3;4.2.1;1.3.1;4.3.1;1.3.-;4.1.99;4.2.1;4.2.1;4.2.99;1.1.3;1.3.2;2.1.1;5.3.1;4.2.1;1.14.13;1.14.13;5.4.99;1.14.11;4.5.1;1.1.3;5.3.3;1.14.13;1.3.1;1.3.1;4.2.3;1.3.3;1.14.20;4.2.2;1.1.1;4.5.1
R01862,3.5.1;2.3.1;6.3.2;6.3.1;6.3.4;2.3.2;6.3.5;2.1.2;3.4.13;2.1.3;3.4.11;3.5.4;3.4.19;1.4.1;4.3.3;6.2.1;1.4.7;1.2.99;3.5.5;3.1.1;4.3.2;3.5.3;4.2.1;4.3.1;2.6.1;2.4.2;4.1.3,3.5.1;3.5.1;3.5.1;3.5.1;6.3.5;3.5.1;6.3.2;3.4.11;3.5.1;3.5.1;3.5.1;3.4.11;3.5.1;3.5.1;1.4.1;3.5.1;2.3.2;2.3.1;3.5.1;6.3.1;6.3.2;3.4.13;6.3.2;6.2.1;3.4.13;3.5.1;3.5.1;3.4.13;6.2.1;3.5.1;3.5.1;3.5.1;1.2.5;6.3.2;2.8.3;2.3.2;6.3.2;2.3.2;2.3.2;3.5.1;6.3.2;3.5.1;3.1.2;2.8.3;1.13.11;3.5.1;6.3.2;6.3.2;3.7.1;6.3.2;3.5.1;6.2.1;2.8.3;3.5.1;3.5.1;3.5.1;6.2.1;3.7.1;6.3.1;3.5.1;3.1.2;3.1.2;6.3.4;2.8.3;1.14.11;6.3.2;2.8.3
R01918,3.5.1;6.3.2;2.3.1;2.3.2;6.3.1;3.4.13;6.3.4;3.4.11;3.4.19;2.1.3;3.4.17;3.1.1;6.2.1;2.1.2;3.4.15;6.3.5;3.5.3;2.3.-;3.5.4;4.3.2;3.4.24;3.4.22;1.2.99;1.4.1;4.3.3,3.5.1;6.3.1;6.3.1;6.3.1;3.5.1;3.5.1;6.3.1;6.3.2
R01969,2.4.2;3.2.2;2.4.1;1.14.14;1.14.11;2.7.8;3.5.1;6.3.4;4.3.3;4.1.3;2.6.1,2.4.2;2.4.2;2.4.2;2.4.2;2.4.2;2.4.2;2.4.2;2.4.2;2.4.2;2.4.2;2.4.2;3.2.2;3.2.2;2.4.2;2.4.2;2.4.2;2.4.2;2.4.2;2.4.1;2.4.2;2.4.2;2.4.2;2.4.2;2.4.2;2.4.2;2.4.2;2.4.2;2.4.2;2.4.2;2.4.2;2.4.2;2.4.2;2.4.2;2.4.2;2.4.2;1.14.14;2.4.2;2.4.2;2.4.2;2.4.2;3.2.2;3.2.2;2.4.2;2.4.1;1.13.12;1.13.12;1.13.12;1.13.12
R02003,2.5.1;1.5.3;4.4.1;4.2.1;1.5.99;2.3.1;1.14.15;1.5.1;3.1.1;3.3.1;2.1.2;4.1.99;4.1.3;3.3.2;3.5.99;1.4.3;4.3.3;3.5.-;1.3.1;3.7.1;1.1.1;1.8.3,2.5.1;2.5.1;2.5.1;2.5.1;2.5.1;2.5.1;2.5.1;2.5.1;5.3.3;2.5.1;1.17.1;2.5.1;2.5.1;2.5.1;2.5.1
R02010,4.2.3;4.1.99;3.1.7,4.2.3;4.2.3;4.2.3;4.2.3;4.2.3;4.2.3;4.2.3;4.2.3;4.2.3;4.2.3;4.2.3;4.2.3;4.2.3;4.2.3;4.2.3;4.2.3;4.2.3;4.2.3;4.2.3;4.2.3;4.2.3;4.2.3;4.1.99;4.2.3;4.2.3;4.2.3;4.2.3;4.2.3;4.2.3;4.2.3
R02036,4.2.1;2.3.1;4.1.2;4.3.3;3.5.5;3.2.-;2.5.1;3.5.1;3.5.2;2.8.1;2.9.1;5.4.4,4.2.1;4.3.1;1.1.1;4.2.1;4.2.1;4.2.1;4.2.1;4.2.1;4.2.1;4.2.1;4.2.1;4.2.1;4.2.1;1.1.1;4.2.1
R02037,2.1.1;1.14.14;3.1.1;2.3.1;1.5.3;1.14.11;1.5.8;2.-.-;1.16.1;1.14.99;1.14.13;1.2.7;1.5.99;3.7.1,2.5.1;2.3.1
R02076,1.13.11;1.14.99;1.13.-;1.14.13;3.7.1;2.8.1;1.8.1;1.8.99;1.8.7,1.13.11;1.13.11;1.13.11;1.13.11;1.13.11;1.13.11;1.13.11;1.13.11;1.13.11;1.13.11;1.13.11
R02118,2.4.1;3.2.1;2.4.2;3.1.4;6.1.1;4.2.2;5.1.3;6.5.1;3.1.1;2.4.99;4.2.1;3.1.3;3.6.1;2.7.8;4.3.3,2.4.1;2.4.1;2.4.1;2.4.1;2.4.1;2.4.2;2.4.1;2.4.1;2.4.1;2.4.1;2.4.1;2.4.1;2.4.1;2.4.1;2.4.2;2.4.1;2.4.1;2.4.1;2.4.1;2.4.1;2.4.2;2.4.1;3.6.1;2.4.2;2.4.2;2.4.2;2.4.99;2.4.2;2.4.99;2.4.2;2.4.1;4.2.3;2.7.8
R02132,1.1.3;1.1.1;1.10.3;1.14.13;1.3.3;1.3.2,1.1.1;1.1.1;1.14.14;1.13.12
R02150,2.6.1;1.4.3;1.4.1;1.4.9;1.4.2;1.4.99;1.4.7;1.13.12;4.1.1;1.14.11;2.-.-;1.5.3;4.2.1;1.21.4;4.3.1,1.4.3;1.4.3;1.4.3;1.4.3;1.4.3;1.4.3;1.4.3;1.4.3;1.4.3;1.4.3;1.4.3;1.4.3
R02167,2.7.1;3.1.3;3.6.1;2.7.8;2.7.4;2.7.7;3.6.3;2.7.11;3.1.4;2.7.2;2.7.6;2.7.3;3.6.4;3.1.7;4.6.1;2.7.9;3.6.5;3.2.1;2.7.12;2.7.13;2.6.-;2.7.-;4.1.1;2.7.10;1.3.7;1.18.6;4.2.3;2.7.99;3.1.5;2.4.1;5.1.3;1.19.6;3.-.-,2.7.1;2.7.1;2.7.1;3.1.3;2.7.1;2.7.1;2.7.1;2.7.1;2.7.1;2.7.1;2.7.1;2.7.1;2.7.1;2.7.1;3.1.3;2.7.1;4.2.3;3.1.3;2.7.1;2.7.1;2.7.8;3.1.3;2.7.1;2.7.1;2.7.1;2.7.1;2.7.1;2.7.1;2.7.1;2.7.1;3.1.3
R02228,2.7.1;3.1.3;2.7.8;3.6.1;3.1.4;2.7.4;2.7.11;2.7.7;3.6.3;3.1.7;2.7.6;4.6.1;2.7.2;2.7.3;3.2.1;3.6.4;2.7.9;2.6.-;2.7.-;2.7.13;3.6.5;2.4.1;5.1.3;4.2.3;3.1.5;2.7.99;2.7.12;4.1.1;2.7.10;1.3.7;1.18.6;1.19.6;3.-.-,2.7.1;2.7.1;2.7.1;3.1.3;3.1.3;3.1.3;3.1.3;2.7.1;3.1.3;2.7.1;2.7.1;3.1.3;2.7.1;2.7.1;2.7.1;3.1.3;2.7.1;2.7.1;2.7.1;3.1.3;2.7.1;2.7.8;2.7.1;3.1.3;2.7.1;2.7.1;2.7.1;3.1.3;3.1.3;2.7.1;3.1.3;3.1.3;2.7.1;2.7.1;3.1.3;2.7.1;2.7.1;2.7.1;3.1.3;3.6.1;2.7.1;2.7.7;2.7.1;2.7.1;3.1.3;2.7.1;2.7.1;2.7.1;2.4.1;2.7.7;2.7.8;2.7.7
R02229,1.1.1;1.1.99;1.1.3;2.3.1;1.1.5;1.6.5;1.6.99;1.1.-;1.14.13;1.1.2;1.6.3;1.6.1;1.14.-;1.11.1;1.14.11;1.1.98;1.4.3;1.-.-;4.2.1;1.14.15;1.2.1;1.1.9;1.3.1,1.-.-;1.-.-
R02279,4.2.1;2.3.1;4.1.2;4.3.3;3.5.5;3.2.-;2.5.1;3.5.1;3.5.2;2.8.1;2.9.1;5.4.4,4.2.1;4.2.1;4.2.1
R02341,2.4.2;3.2.2;2.4.1;4.3.3;2.7.8;1.14.14;1.14.11;3.5.1;6.3.4;4.1.3;2.6.1,2.4.2;2.4.2;2.4.2;2.4.2;2.4.2;2.4.2;2.4.2;2.4.2;2.4.2;3.2.2;2.4.2;3.2.2;2.4.2;2.4.2;2.4.1;2.4.2;2.4.2;2.4.2;2.4.2;2.4.2;2.4.2;2.4.2;2.4.2;2.4.2;2.4.2;2.4.2;2.4.2;2.4.2;2.4.2;2.4.2;2.4.2;2.4.2;2.4.2;2.4.2;2.4.2;2.4.2;2.4.2;3.2.2;2.4.2;2.4.2;3.2.2;2.4.1;2.4.2;1.14.14
R02350,,
R02370,2.7.1;3.1.3;2.7.8;3.6.1;3.1.4;2.7.4;2.7.11;2.7.7;3.6.3;3.1.7;2.7.6;4.6.1;2.7.2;2.7.3;3.2.1;3.6.4;2.7.9;2.6.-;2.7.-;2.7.13;3.6.5;2.4.1;5.1.3;4.2.3;2.7.99;3.1.5;2.7.12;4.1.1;2.7.10;1.3.7;1.18.6;1.19.6;3.-.-,3.1.3;3.1.3;3.1.3;3.1.3;2.7.1;2.7.1;2.7.1;2.7.1;2.7.1;3.1.3;2.7.1;2.7.1;2.7.1;2.7.1;2.7.1;2.7.1;2.7.1;2.7.1;2.7.1;3.1.3;3.1.3;3.1.3;2.7.1;3.1.3;2.7.1;3.1.3;3.1.7;2.7.1;3.1.3;3.1.3;2.7.7;2.7.6;2.7.1;2.7.1;3.1.3;2.7.1;2.7.1;2.7.1;2.7.1;3.1.3;2.7.6;2.7.8;2.7.7
R02377,1.1.1;1.1.99;1.1.3;2.3.1;1.1.5;1.6.5;1.6.99;1.1.-;1.14.13;1.1.2;1.6.1;1.6.3;1.14.-;1.11.1;1.14.11;1.1.98;1.4.3;1.-.-;4.2.1;1.14.15;1.2.1;1.1.9;1.3.1,1.-.-;1.-.-
R02491,4.2.1;2.3.1;4.1.2;4.3.3;3.5.5;3.2.-;2.5.1;3.5.1;3.5.2;2.8.1;2.9.1;5.4.4,4.2.1;4.2.1;4.2.1;4.2.1;4.2.1;4.2.1;4.2.1;4.2.1;4.2.1;4.2.1;4.2.1;4.2.1;4.3.1;4.2.1;4.2.1;4.2.1;4.2.1;4.2.1;4.2.1;1.3.5;3.5.1;4.3.1;1.3.1;1.3.1;4.2.1;4.3.2;1.3.1;4.4.1;5.3.2;1.3.1;4.2.1;4.2.1;4.2.1;4.2.1;5.2.1;4.2.1;4.2.1;4.2.1
R02516,1.1.1;1.1.99;1.1.3;2.3.1;1.1.5;1.6.5;1.6.99;1.1.-;1.14.13;1.1.2;1.6.3;1.6.1;1.14.-;1.11.1;1.14.11;1.1.98;1.4.3;1.-.-;4.2.1;1.14.15;1.2.1;1.1.9;1.3.1,1.-.-;1.-.-
R02520,1.13.12;2.1.1;1.14.13;1.14.14;1.11.1;1.14.99,1.17.99;1.14.13
R02529,1.4.3;2.6.1;1.4.9;1.4.1;1.5.3;1.4.2;1.4.99;4.2.1;1.21.4;1.14.14,1.4.3
R02555,1.1.1;1.1.99;1.1.3;2.3.1;1.1.5;1.6.5;1.6.99;1.1.-;1.14.13;1.1.2;1.6.3;1.6.1;1.14.-;1.11.1;1.14.11;1.1.98;1.4.3;1.-.-;4.2.1;1.14.15;1.2.1;1.1.9;1.3.1,1.-.-;1.-.-
R02561,1.1.1;1.1.99;1.1.3;2.3.1;1.1.5;1.6.5;1.6.99;1.1.-;1.14.13;1.1.2;1.6.1;1.6.3;1.14.-;1.11.1;1.14.11;1.1.98;1.4.3;1.-.-;4.2.1;1.14.15;1.2.1;1.1.9;1.3.1,1.-.-;1.-.-
R02581,1.1.1;1.1.99;1.1.3;2.3.1;1.1.5;1.6.5;1.6.99;1.1.-;1.14.13;1.1.2;1.6.1;1.6.3;1.14.-;1.11.1;1.14.11;1.1.98;1.4.3;1.-.-;4.2.1;1.14.15;1.2.1;1.1.9;1.3.1,1.-.-;1.-.-
R02599,2.7.7;3.1.3;2.7.8;2.7.1;3.1.4;3.6.2;2.7.12;2.7.10;3.1.8;2.7.9,2.7.7;2.7.7;2.7.7;2.7.7;2.7.7;3.6.1;2.7.1;2.7.1
R02610,1.1.1;1.1.99;1.1.3;2.3.1;1.1.5;1.6.5;1.6.99;1.1.-;1.14.13;1.1.2;1.6.1;1.6.3;1.14.-;1.11.1;1.14.11;1.1.98;1.4.3;1.-.-;4.2.1;1.14.15;1.2.1;1.1.9;1.3.1,1.-.-;1.-.-
R02625,,
R02628,2.7.1;3.1.3;3.6.1;2.7.8;2.7.4;2.7.7;3.6.3;2.7.11;3.1.4;2.7.2;2.7.6;3.6.4;2.7.3;3.1.7;4.6.1;2.7.9;3.6.5;3.2.1;2.7.12;2.7.13;4.1.1;2.6.-;2.7.-;2.7.10;1.3.7;1.18.6;4.2.3;2.7.99;3.1.5;2.4.1;5.1.3;1.19.6;3.-.-,2.7.1;4.1.1
R02667,2.1.1;1.14.14;3.1.1;2.3.1;1.5.3;1.14.11;1.5.8;2.-.-;1.16.1;1.14.99;1.14.13;1.2.7;1.5.99;3.7.1,2.-.-;2.5.1;2.3.1
R02705,,
R02706,2.7.1;3.1.3;3.6.1;2.7.8;2.7.4;2.7.7;3.6.3;2.7.11;3.1.4;2.7.2;2.7.6;2.7.3;3.6.4;3.1.7;4.6.1;2.7.9;3.6.5;3.2.1;2.7.12;2.7.13;2.6.-;2.7.-;4.1.1;2.7.10;1.3.7;1.18.6;4.2.3;2.7.99;3.1.5;2.4.1;5.1.3;1.19.6;3.-.-,2.7.1;2.7.1;2.7.1;2.7.1;2.7.1;2.7.1;2.7.1;2.7.1;2.7.1;2.7.1;2.7.1;2.7.1;2.7.1;2.7.1;2.7.1;2.7.1;2.7.1;2.7.1;2.7.1;2.7.1;2.7.1;2.7.1;2.7.1;2.7.1;2.7.1;2.7.1;3.1.3;2.7.1;2.7.1;2.7.1;2.7.1;2.7.1;2.7.1;2.7.1;2.7.1;2.7.1;2.7.1;2.7.1;2.7.1;3.1.3;2.7.1;3.1.3;3.1.3;2.7.1;2.7.1;2.7.1;2.7.1;2.7.1;2.7.1;2.7.8
R02709,2.4.1;3.2.1;2.4.2;3.1.4;6.1.1;4.2.2;5.1.3;6.5.1;3.1.1;2.4.99;4.2.1;3.1.3;3.6.1;2.7.8;4.3.3,2.4.1;2.4.1;2.4.1;2.4.1;2.4.1;2.4.2;2.4.1;2.4.1;2.4.1;2.4.1;2.4.1;2.4.1;2.4.1;2.4.1;2.4.2;2.4.1;2.4.1;2.4.1;2.4.1;2.4.1;2.4.2;2.4.1;3.6.1;2.4.2;2.4.2;2.4.2;2.4.99;2.4.2;2.4.99;2.4.2;2.4.1;4.2.3;2.7.8
R02714,3.1.1;2.5.1;1.1.1;2.3.1;3.7.1;6.1.1;6.1.2;2.1.1,3.1.1;3.1.1;3.1.1;1.2.1;3.1.1;3.1.1;1.1.3
R02740,5.3.1;3.5.4,5.3.1;5.3.1;5.3.1;5.3.1;5.3.1;2.6.1;5.3.1;5.3.1;5.3.1;5.3.1;5.3.1;5.3.1
R02780,2.7.1;3.1.3;3.6.1;2.7.8;2.7.4;2.7.7;3.6.3;2.7.11;3.1.4;2.7.2;2.7.6;2.7.3;3.6.4;3.1.7;4.6.1;2.7.9;3.6.5;3.2.1;2.7.12;2.7.13;2.6.-;2.7.-;4.1.1;2.7.10;1.3.7;1.18.6;4.2.3;3.1.5;2.7.99;2.4.1;5.1.3;1.19.6;3.-.-,2.7.1;2.7.1;2.7.1;2.7.1;3.1.3;3.1.3;2.7.1;2.7.1;2.7.1;2.7.1;2.7.1;2.7.1;2.7.1;2.7.1;2.7.1;2.7.8;2.7.1;2.7.1;2.7.1;2.7.1;2.7.1;2.7.1;2.7.1;2.7.1;2.7.1;2.7.1;2.7.1;2.7.1;2.7.1;2.7.1;2.7.1;2.7.1;3.1.3;2.7.1;2.7.1;2.7.1;3.1.3;2.7.1;2.7.1;2.7.1;2.7.1;2.7.1;2.7.1;2.7.1;2.7.1;2.7.1;2.7.1;2.7.1;2.7.1;2.7.1;2.7.1;2.7.1;3.1.3;2.7.1;3.1.3;3.1.3;3.1.3;3.1.3;3.1.3
R02847,1.1.1;1.1.99;1.1.3;2.3.1;1.1.5;1.6.5;1.6.99;1.1.-;1.14.13;1.1.2;1.6.3;1.6.1;1.14.-;1.11.1;1.14.11;1.1.98;1.4.3;1.-.-;4.2.1;1.14.15;1.2.1;1.1.9;1.3.1,1.-.-;1.-.-
R02907,4.2.1;2.3.1;4.1.2;4.3.3;3.5.5;3.2.-;2.5.1;3.5.1;3.5.2;2.8.1;2.9.1;5.4.4,1.14.12;1.13.11;1.14.12;1.14.12;1.14.12;1.14.12;1.6.5;1.3.1;1.3.1;1.10.3;1.3.1;1.3.1;1.3.1;1.6.5;1.5.1;1.14.14;1.14.14;1.14.12;1.14.13;2.5.1;1.14.-;1.14.14;1.14.14;1.14.14;1.3.1;1.3.1;1.14.11;1.3.1;1.14.11;1.14.11;1.14.11;4.1.1;1.14.14;1.14.14;4.2.1;1.14.11;1.14.-;1.3.1;1.14.11;4.2.1;1.14.-;4.1.1;1.14.11;1.14.11;1.14.11;4.2.1;1.14.11;1.3.1;1.3.1;1.14.12;1.3.1;1.3.1;1.14.11;1.14.12;1.14.13;1.14.13;1.14.12;1.1.5;1.14.21;1.3.1;1.14.12;1.3.1
R02914,,4.2.1
R02946,1.1.1;1.1.99;1.1.3;2.3.1;1.1.5;1.6.5;1.6.99;1.1.-;1.14.13;1.1.2;1.6.1;1.6.3;1.14.-;1.11.1;1.14.11;1.1.98;1.4.3;1.-.-;4.2.1;1.14.15;1.2.1;1.1.9;1.3.1,1.-.-;1.-.-
R02954,1.1.1;1.1.99;1.1.3;2.3.1;1.1.5;1.6.5;1.6.99;1.1.-;1.14.13;1.1.2;1.6.1;1.6.3;1.14.-;1.11.1;1.14.11;1.1.98;1.4.3;1.-.-;4.2.1;1.14.15;1.2.1;1.1.9;1.3.1,1.-.-;1.-.-
R02973,3.5.1;6.3.2;2.3.1;2.3.2;6.3.1;3.4.13;6.3.4;3.4.11;3.4.19;2.1.3;3.4.17;3.1.1;6.2.1;2.1.2;3.4.15;6.3.5;3.5.3;2.3.-;3.5.4;4.3.2;3.4.24;3.4.22;1.2.99;1.4.1;4.3.3,3.5.1;6.3.2
R02982,2.1.1;1.14.14;3.1.1;2.3.1;1.5.3;1.14.11;1.5.8;2.-.-;1.16.1;1.14.99;1.14.13;1.2.7;1.5.99;3.7.1,2.5.1;2.3.1
R02997,2.3.1;6.2.1;3.1.1;3.1.2;1.2.1;6.1.1;2.3.2;2.3.3;1.2.7;3.5.1;3.7.1;3.2.1;2.1.3;1.2.4;1.8.1;1.1.1;1.-.-;4.1.3;2.3.-;2.5.1;2.8.3;4.4.1;2.1.1;6.1.2;1.2.3;2.6.1;3.5.3;6.3.2;6.3.1;6.3.4,2.3.1;2.3.1;2.3.1;2.3.1;2.3.1
R03018,,
R03037,2.5.1;1.5.3;4.4.1;4.2.1;1.5.99;2.3.1;1.14.15;3.3.2;1.5.1;3.3.1;2.1.2;4.1.99;4.1.3;3.5.99;1.4.3;4.3.3;3.5.-;3.1.1;1.3.1;3.7.1,3.3.2;2.5.1;2.5.1
R03045,4.2.1;2.3.1;4.1.2;4.3.3;3.5.5;3.2.-;2.5.1;3.5.1;3.5.2;2.8.1;2.9.1;5.4.4,4.2.1;1.3.1;4.2.1;4.2.1;4.2.1;4.2.1;4.2.1;1.3.1;4.2.1;1.3.8;4.2.1;4.2.1;1.3.1;4.2.1;4.2.1;4.2.1;1.3.8;4.2.1;1.3.8;5.3.3;1.3.1
R03049,3.1.1;2.5.1;1.1.1;2.3.1;3.7.1;6.1.1;6.1.2,3.1.1
R03056,2.3.1;6.2.1;3.1.1;3.1.2;1.2.1;6.1.1;2.3.3;2.3.2;3.5.1;1.2.7;3.7.1;3.2.1;1.2.4;1.8.1;2.1.3;1.1.1;4.1.3;2.3.-;2.8.3;2.5.1;4.4.1;2.1.1;1.-.-;1.2.3;2.6.1;6.1.2;3.5.3;6.3.1;6.3.4;2.1.2;2.2.1;6.3.2;3.4.11,1.1.1;2.3.1;2.3.1;1.2.1;1.2.1;1.2.1;3.1.2;6.2.1;6.2.1;2.3.1;2.3.1;1.2.7;2.3.1;1.2.7;3.1.2;1.2.7;1.2.1;1.2.1;2.3.1;1.2.4;1.2.1;6.2.1;6.2.1;2.3.1;2.3.1;2.3.1;2.3.1;6.2.1;2.3.1
R03072,2.5.1;1.5.3;4.4.1;4.2.1;1.5.99;2.3.1;1.14.15;1.5.1;3.1.1;3.3.1;2.1.2;4.1.99;4.1.3;3.3.2;3.5.99;1.4.3;4.3.3;3.5.-;1.8.3;1.3.1;3.7.1;1.1.1;1.8.1;4.5.1,2.3.1;2.5.1;2.-.-
R03148,2.7.1;3.1.3;2.7.8;3.6.1;3.1.4;2.7.4;2.7.11;2.7.7;3.6.3;3.1.7;2.7.6;4.6.1;2.7.2;2.7.3;3.2.1;3.6.4;2.7.9;2.6.-;2.7.-;2.7.13;3.6.5;2.4.1;5.1.3;4.2.3;3.1.5;2.7.99;2.7.12;4.1.1;2.7.10;1.3.7;1.18.6;1.19.6;3.-.-,2.7.1;2.7.1;3.1.3;2.7.1;2.7.1;2.7.1;2.7.1;2.7.1;2.7.1;3.1.3;3.1.3;3.1.3;3.1.3;2.7.1;2.7.1;2.7.1;2.7.1;3.1.3;2.7.1;3.1.3;2.7.1;3.1.3;2.7.8;3.1.3;3.1.3;2.7.1;2.7.1;2.7.1;3.1.3;3.1.3;3.1.3;2.7.1;3.1.3;2.7.1;2.7.1;2.4.1;2.7.1;2.7.6;2.7.1;2.7.1;2.7.1;2.7.1;2.7.1;3.1.3;2.7.1;2.7.7;3.6.1;2.7.7
R03157,,
R03220,1.3.99;1.3.3;1.3.8;1.3.5;1.5.1;1.14.99;1.17.3,1.3.3
R03224,4.2.1;2.3.1;4.1.2;4.3.3;3.5.5;3.2.-;2.5.1;3.5.1;3.5.2;2.8.1;2.9.1;5.4.4,4.2.1;4.2.1;4.2.1;4.2.1;4.2.1;1.3.1;4.2.1;4.2.1;4.2.1;4.2.1;1.3.8;1.3.1;4.2.1;4.2.1;1.3.1;1.3.8;4.2.1;2.3.1;4.2.1;1.3.8;1.3.1;1.3.1;4.2.1;1.3.8;4.2.1;4.2.1;1.3.99;2.3.1;1.3.1;1.3.99;1.3.8;4.2.1;4.2.1;4.2.1
R03271,2.5.1;1.5.3;4.4.1;4.2.1;1.5.99;2.3.1;1.14.15;1.5.1;3.1.1;3.3.1;2.1.2;4.1.99;4.1.3;3.3.2;3.5.99;1.4.3;4.3.3;3.5.-;1.8.3;1.3.1;3.7.1;1.1.1;1.8.1;4.5.1,2.5.1;2.3.1;2.-.-
R03300,1.1.1;1.1.99;1.1.3;2.3.1;1.1.5;1.6.5;1.6.99;1.1.-;1.14.13;1.1.2;1.6.1;1.6.3;1.14.-;1.11.1;1.14.11;1.1.98;1.4.3;1.-.-;4.2.1;1.14.15;1.2.1;1.1.9;1.3.1,1.-.-;1.-.-
R03308,5.5.1;5.3.3,5.5.1;5.5.1;5.5.1;5.5.1;5.5.1;5.5.1;5.5.1;5.5.1;5.5.1
R03396,1.1.1;1.1.99;1.1.3;2.3.1;1.1.5;1.6.5;1.6.99;1.1.-;1.14.13;1.1.2;1.6.1;1.6.3;1.14.-;1.11.1;1.14.11;1.1.98;1.4.3;1.-.-;4.2.1;1.14.15;1.2.1;1.1.9;1.3.1,1.-.-;1.-.-
R03464,3.5.4;6.3.5;6.3.4;3.5.99;2.1.2,3.5.4;2.1.2;1.5.99;3.5.4;2.1.2
R03493,4.2.1;2.3.1;4.1.2;4.3.3;3.5.5;3.2.-;2.5.1;3.5.1;3.5.2;2.8.1;2.9.1;5.4.4,4.2.1;4.2.1;1.3.99;1.3.8;4.2.1
R03519,2.4.1;3.2.1;2.4.2;3.1.4;6.1.1;4.2.2;5.1.3;6.5.1;3.1.1;2.4.99;4.2.1;3.1.3;3.6.1;2.7.8;4.3.3,2.4.1;2.4.1;2.4.1;2.4.1;2.4.1;2.4.2;2.4.1;2.4.1;2.4.1;2.4.1;2.4.1;2.4.1;2.4.1;2.4.1;2.4.1;2.4.2;2.4.1;2.4.1;2.4.1;2.4.1;2.4.1;2.4.2;3.6.1;2.4.2;2.4.2;2.4.2;2.4.99;2.4.2;2.4.99;2.4.2;2.4.1;4.2.3;2.7.8
R03530,,
R03537,3.1.4;6.5.1;4.6.1,3.1.4;3.1.4;3.1.4;3.1.4;3.1.4;4.7.1
R03589,2.4.1;3.2.1;2.4.2;3.1.4;6.1.1;4.2.2;5.1.3;6.5.1;3.1.1;2.4.99;4.2.1;3.1.3;3.6.1;2.7.8;4.3.3,2.4.1;2.4.1;2.4.2;2.4.1;2.4.1;2.4.1;2.4.1;2.4.1;2.4.1;2.4.1;2.4.1;2.4.2;2.4.1;2.4.1;2.4.1;2.4.1;2.4.1;2.4.1;2.4.1;2.4.1;2.4.1;2.4.99;3.6.1;2.4.2;2.4.2;4.2.3;2.4.2;2.4.2;2.4.2;2.4.99;2.4.1;2.4.2
R03590,1.14.11;1.14.13;1.14.15;1.17.1;1.14.99;1.14.14;1.14.-;2.5.1;1.5.8;1.17.99;2.1.1;4.3.2;1.5.3,1.14.11;1.14.11;1.14.11;1.14.11;1.14.11;1.14.11;1.14.11;1.14.11;1.3.1;1.3.1;1.3.1;1.14.11;1.14.11;1.14.11;4.2.1;1.3.1;1.3.1;4.2.1;1.3.1;1.3.1;4.2.1
R03601,2.6.1;1.4.1;1.4.3;1.5.1;3.8.1;4.1.3;4.1.1;4.3.1;1.4.7;1.4.99;1.14.14;3.7.1;1.5.3;3.11.1;1.4.2;1.13.12;1.14.11;2.6.3;1.4.5;1.17.4,2.1.2;4.1.3;4.1.3;4.1.3;4.1.3
R03620,3.5.1;6.3.2;2.3.1;2.3.2;6.3.1;3.4.13;6.3.4;3.4.11;3.4.19;2.1.3;3.4.17;3.1.1;6.2.1;2.1.2;3.4.15;6.3.5;3.5.3;2.3.-;3.5.4;4.3.2;3.4.22;3.4.24;1.2.99;1.4.1;4.3.3,3.1.2;3.1.2;3.5.1;3.1.2;3.1.2;3.1.2;6.2.1;6.2.1;3.1.2;6.2.1;3.1.2;2.3.2;2.3.1;1.4.1;3.5.1;3.1.2;3.5.1;6.3.1;3.1.2;6.2.1;6.2.1;3.1.2;2.8.3;3.1.2;3.1.2;6.3.2;3.5.1;3.5.1;3.4.13;3.1.2;3.1.2;6.3.2;3.5.1;6.3.2;2.3.2;6.3.2;2.3.2;6.3.2;3.1.2;2.3.2;3.5.1;6.2.1;6.3.2;3.5.1;3.4.11;3.1.2;1.13.11;3.5.1;3.4.11;6.2.1;6.3.2;3.4.13;3.4.13;2.8.3;3.5.1;3.5.1;6.3.2
R03640,1.14.11;1.14.13;1.17.1;1.14.15;1.14.99;1.14.14;1.14.-;2.5.1;1.5.8;1.17.99;2.1.1;4.3.2;1.5.3,1.14.11;1.14.11;1.14.11;1.14.11;1.14.11;1.14.11;1.17.1;1.17.1;1.17.1;1.14.13;2.5.1;3.3.2;1.14.14;3.3.2;3.3.2;1.14.13
R03671,4.2.1;2.3.1;4.1.2;4.3.3;3.5.5;3.2.-;2.5.1;3.5.1;3.5.2;2.8.1;2.9.1;5.4.4,4.2.1;4.2.1;4.2.1;4.2.1;4.2.1;4.2.1;4.2.1;4.2.1;4.2.1;4.2.1;4.2.1;1.1.1;4.2.1;1.1.1;4.2.1;4.2.1;4.3.1;1.1.1;1.1.1;1.1.1;1.1.1;4.3.1;1.1.1
R03703,2.4.1;3.2.1;2.4.2;3.1.4;4.2.2;5.1.3;6.5.1;2.4.99;6.1.1;4.2.1;3.1.3;3.6.1;2.7.8;3.1.1,3.2.1
R03716,1.1.1;1.1.99;1.1.3;2.3.1;1.1.5;1.6.5;1.6.99;1.1.-;1.14.13;1.1.2;1.6.1;1.6.3;1.14.-;1.11.1;1.14.11;1.1.98;1.4.3;1.-.-;4.2.1;1.14.15;1.2.1;1.1.9;1.3.1,1.-.-;1.-.-
R03720,2.3.1;6.2.1;3.1.1;3.1.2;1.2.1;6.1.1;2.3.3;2.3.2;3.5.1;1.2.7;3.7.1;3.2.1;1.2.4;1.8.1;2.1.3;1.1.1;4.1.3;2.3.-;2.8.3;2.5.1;4.4.1;2.1.1;1.-.-;1.2.3;2.6.1;6.1.2;3.5.3;6.3.1;6.3.4;2.1.2;2.2.1;6.3.2;3.4.11,2.3.1;2.3.1;6.2.1;6.2.1;6.2.1;6.2.1
R03728,1.1.1;1.1.99;1.1.3;2.3.1;1.1.5;1.6.5;1.6.99;1.1.-;1.14.13;1.1.2;1.6.1;1.6.3;1.14.-;1.11.1;1.14.11;1.1.98;1.4.3;1.-.-;4.2.1;1.14.15;1.2.1;1.1.9;1.3.1,1.-.-;1.-.-
R03738,4.3.3;4.2.1;2.3.1,4.3.3
R03772,3.1.1;2.5.1;1.1.1;2.3.1;3.7.1;6.1.1;6.1.2;2.1.1,3.1.1;3.1.1;1.2.1;3.1.1;3.1.1;3.1.1;1.1.3
R03781,2.3.1;6.2.1;3.1.1;3.1.2;1.2.1;6.1.1;2.3.3;2.3.2;3.5.1;1.2.7;3.7.1;3.2.1;1.2.4;1.8.1;2.1.3;1.1.1;4.1.3;2.3.-;2.5.1;2.8.3;4.4.1;2.1.1;1.-.-;1.2.3;2.6.1;6.1.2;3.5.3;6.3.1;6.3.4;2.1.2;2.2.1;6.3.2;3.4.11,2.3.1;2.3.1;2.3.1;2.3.1;2.3.1;2.3.1;2.3.1;2.3.1;2.3.1;2.3.1;2.3.1;2.3.1;2.3.1;2.3.1;2.3.1;2.3.1;2.3.1;2.3.1;2.3.1;2.3.1;3.7.1;2.3.1;2.3.1;2.3.1
R03791,5.1.2,5.1.2;5.1.2
R03801,2.4.1;3.2.1;2.4.2;3.1.4;4.2.2;5.1.3;6.5.1;2.4.99;6.1.1;4.2.1;3.1.3;3.6.1;2.7.8;3.1.1,3.2.1;3.2.1;3.2.1;3.2.1;3.2.1;3.2.1;3.2.1;3.2.1;3.2.1;2.4.1;3.2.1;3.2.1;3.2.1;3.2.1;2.4.1;2.4.1;2.4.1;2.4.1;2.4.1;3.2.1;3.2.1;3.2.1;4.2.2;2.4.1;3.2.1;2.4.1;3.2.1;2.4.1;2.4.1;2.4.1;3.2.1;2.4.1;3.2.1;3.2.1;2.4.1;3.2.1;2.4.1;2.4.1;2.4.1;2.4.1;3.2.1;3.2.1;2.4.1;2.4.1;2.4.1;2.4.1;2.4.1;2.4.1;3.2.1;2.4.1;2.4.1;2.4.1;2.4.2;2.4.1;2.4.1;2.4.2;2.4.2;3.2.1;3.2.1;2.4.2;2.4.1;2.4.1;2.4.1;2.4.1;2.4.1;2.4.1;2.4.1;2.4.1;2.4.1;2.4.1;2.4.1;2.4.1;3.2.1;2.4.1;2.4.1;3.2.1;3.2.1;3.2.1;2.4.1;2.4.1;2.4.1;2.4.1;2.4.1;2.4.1;2.4.1;2.4.1;2.4.1;3.2.1;2.4.1;3.2.1;2.4.2;2.4.1;2.4.1;2.4.1;2.4.1;2.4.1;2.4.1;2.4.1;2.4.1;2.4.1;2.4.2;2.4.1;2.4.1;2.4.1;2.4.1;3.2.1;2.4.1;2.4.1;2.4.1;2.4.1;3.2.1;3.2.1;2.4.1;2.4.1;2.4.1;2.4.1;2.4.1;3.2.1;2.4.1;2.4.1;2.4.1;2.4.1;2.4.1;3.2.1;2.4.1;2.4.1;2.4.1;3.2.1;2.4.1;2.4.1;2.4.1;2.4.1
R03835,2.1.1;1.14.14;3.1.1;2.3.1;1.5.3;1.14.11;1.5.8;2.-.-;1.16.1;1.14.99;1.14.13;1.2.7;1.5.99;3.7.1,2.-.-;2.5.1;2.3.1
R03840,,
R03857,1.3.1;1.3.8;1.3.99;1.3.3;2.3.1;1.1.-;1.14.12;1.3.7;1.3.5;1.3.98,1.3.1;1.3.1;1.3.1;1.3.1;1.3.1;1.3.1;4.2.1;4.2.1;1.3.1;1.3.1;4.2.1;4.2.1;2.3.1;2.3.1;1.3.1;1.3.1;2.3.1;1.3.1;4.2.1;2.3.1;4.2.1;1.3.3;1.3.1;1.14.19;4.2.1;1.14.19;1.14.19;4.2.1;1.14.-;2.3.1;1.3.1;1.14.99;1.3.1;1.13.11;1.14.19;1.13.11;1.14.19;1.3.1;1.3.3;4.2.1;1.3.1;1.13.11
R03881,5.1.3;1.1.1;5.3.1;5.-.-,5.1.3;5.1.3;5.1.3;5.1.3;5.1.3;5.1.3;5.1.3;5.1.3;1.1.1;5.1.3;1.1.1;4.2.1;1.1.1;4.2.1;1.1.1;1.1.1;1.1.1;5.1.3;1.1.1;1.1.1;4.2.1;1.1.1;4.2.1;5.1.3;1.1.1;4.2.1;1.1.1;1.1.1;4.3.1;5.1.3;5.1.3;1.1.1;2.1.1;5.3.1;1.1.1;1.1.1;1.1.1;1.1.1;1.1.1;1.1.5;1.1.1;5.3.99;5.1.3;1.1.1;4.2.1;5.1.3
R03894,4.1.1;6.4.1;2.1.3;1.3.8;1.1.1,4.1.1;4.1.1;4.1.1;4.1.1
R03935,6.3.2;3.5.1;2.3.1;2.3.2;3.4.13;6.3.1;6.3.4;3.4.11;3.4.19;3.4.17;2.1.3;3.1.1;6.2.1;3.4.15;3.5.3;2.3.-;3.4.24;3.4.22;4.3.2;2.7.7;6.1.1;3.1.2;1.2.1,6.3.2;6.3.2;2.3.1;2.3.1;3.5.1;3.5.1;3.5.1;3.5.1;6.3.2;6.3.2;2.3.1;3.4.13;2.3.1;3.4.13;3.5.1;3.5.1;2.3.2;2.3.2;2.3.2;3.5.1;6.3.2;2.3.2;2.3.2;3.4.15;3.4.13;6.3.2;3.4.11
R03971,3.5.1;6.3.2;2.3.1;2.3.2;6.3.1;3.4.13;6.3.4;3.4.11;3.4.19;2.1.3;3.4.17;3.1.1;6.2.1;2.1.2;3.4.15;6.3.5;3.5.3;2.3.-;3.5.4;4.3.2;3.4.22;3.4.24;1.2.99;1.4.1;4.3.3,2.3.2;6.3.1;6.2.1;2.3.2;3.5.1;1.4.1;3.5.1;6.3.2;2.3.2;2.3.2;6.3.2;6.2.1
R04000,2.8.3;6.2.1;3.1.2;2.3.1;3.2.1,2.8.3;2.8.3;3.1.2;6.2.1;2.8.3;3.1.2;2.3.1;2.8.3;2.3.3;2.8.3;2.3.1;6.2.1;6.2.1
R04059,1.1.1;1.1.99;1.1.3;2.3.1;1.1.5;1.6.5;1.6.99;1.1.-;1.14.13;1.1.2;1.6.1;1.6.3;1.14.-;1.11.1;1.14.11;1.1.98;1.4.3;1.-.-;4.2.1;1.14.15;1.2.1;1.1.9;1.3.1,1.-.-;1.-.-
R04071,2.4.1;3.2.1;2.4.2;3.1.4;6.1.1;4.2.2;5.1.3;6.5.1;3.1.1;2.4.99;4.2.1;3.1.3;3.6.1;2.7.8;4.3.3,2.4.1;2.4.1;2.4.1;2.4.1;2.4.1;2.4.2;2.4.1;2.4.1;2.4.1;2.4.1;2.4.1;2.4.1;2.4.1;2.4.1;2.4.2;2.4.1;2.4.1;2.4.1;2.4.1;2.4.1;2.4.2;2.4.1;3.6.1;2.4.2;2.4.2;2.4.2;2.4.99;2.4.2;2.4.99;2.4.2;2.4.1;4.2.3;2.7.8
R04091,2.6.1;1.4.1;1.4.3;1.5.1;3.8.1;4.1.3;4.1.1;4.3.1;1.4.7;1.4.99;1.14.14;3.7.1;1.5.3;3.11.1;1.4.2;1.13.12;1.14.11;2.6.3;1.4.5;1.17.4,4.1.2;4.1.2;4.1.3;4.1.3;4.1.3;4.1.3
R04106,1.1.1;1.1.99;1.1.3;2.3.1;1.1.5;1.6.5;1.6.99;1.1.-;1.14.13;1.1.2;1.6.3;1.6.1;1.14.-;1.11.1;1.14.11;1.1.98;1.4.3;1.-.-;4.2.1;1.14.15;1.2.1;1.1.9;1.3.1,1.-.-;1.-.-
R04145,2.1.1;1.14.14;3.1.1;2.3.1;1.5.3;1.14.11;1.5.8;2.-.-;1.16.1;1.14.99;1.14.13;1.2.7;1.5.99;3.7.1,2.-.-;2.5.1;2.3.1
R04202,3.1.1;2.5.1;1.1.1;2.3.1;3.7.1;6.1.1;6.1.2,2.1.1;3.1.1;2.5.1;3.1.1;2.5.1;3.1.1;3.1.1;3.1.1;6.1.1;3.1.1;3.1.1;2.1.1;2.5.1;3.1.1;2.5.1;3.1.1;2.1.1;3.1.1;3.1.1;3.1.1;3.1.1;3.1.1;3.1.1;3.1.1;3.1.1;3.1.1;3.1.1;3.1.1;3.1.1;3.1.1;2.1.1;2.4.1;3.1.1;2.5.1;2.5.1;3.1.1
R04204,4.2.1;2.3.1;4.1.2;4.3.3;3.5.5;3.2.-;2.5.1;3.5.1;3.5.2;2.8.1;2.9.1;5.4.4,4.2.1;1.3.8;4.2.1;4.2.1;4.2.1;4.2.1;4.2.1;1.3.8;4.2.1;1.3.8;4.2.1;4.2.1;4.2.1;1.3.1;4.2.1;4.2.1;4.2.1;1.3.1;4.2.1;4.2.1;1.3.1;1.3.99;1.3.1
R04217,2.6.1;1.4.3;1.4.1;1.4.9;1.4.99;1.4.7;1.4.2;4.3.1;1.13.12;4.1.1;1.14.11;2.-.-;2.4.2;1.4.5,1.4.1;2.6.1;2.6.1;2.6.1;1.5.1;4.4.1;1.4.3;1.4.3;1.4.1;1.5.1;1.4.1;4.4.1;4.4.1;2.6.1;2.6.1;1.4.3;1.4.3;2.6.1;1.4.1;1.4.99;1.4.1;2.6.1;1.4.1;4.4.1;4.4.1;4.4.1;1.4.3;4.3.1
R04277,,3.1.1
R04280,1.14.13;1.13.11;1.14.14;1.14.11;1.14.99;1.14.18;1.14.16;1.14.15;1.14.-;1.17.1;1.10.3;1.97.1;1.10.99;1.3.99;1.2.1;1.13.-;1.17.99;1.1.1;1.3.7;1.14.20;4.1.99,1.13.11
R04315,1.8.1;1.8.4;1.11.1;1.8.98;1.17.4;1.8.3;2.8.1;1.8.5;2.8.4;1.5.4,1.11.1;1.8.4
R04373,2.4.1;3.2.1;2.4.2;3.1.4;6.1.1;4.2.2;5.1.3;6.5.1;3.1.1;2.4.99;4.2.1;3.1.3;3.6.1;2.7.8;4.3.3,2.4.1;2.4.1;2.4.1;2.4.1;2.4.1;2.4.1;2.4.1;2.4.1;2.4.1;2.4.99;3.6.1;2.4.2;2.4.1;2.4.1;2.4.1;2.4.1;2.4.1;2.4.1;2.4.2;2.4.1;2.4.2;2.4.1;2.4.2;2.4.1;2.4.2;2.4.2;2.4.99;2.4.1;2.4.2;2.4.1;2.4.2;4.2.3;2.7.8
R04456,1.5.1;1.5.99;1.4.3;1.5.3;1.5.-;1.12.98;1.4.1;1.5.7;2.5.1,1.12.98;1.5.1;2.1.1;2.1.1
R04470,2.4.1;3.2.1;2.4.2;3.1.4;4.2.2;5.1.3;6.5.1;6.1.1;2.4.99;4.2.1;3.1.3;3.6.1;2.7.8;3.1.1,2.4.1;3.2.1;3.2.1;3.2.1;2.4.1;3.2.1;3.2.1;2.4.1;3.2.1;2.4.1;2.4.1;3.2.1;3.2.1;2.4.1;2.4.1;2.4.1;2.4.1;3.2.1;3.2.1;2.4.1;2.4.1;2.4.1;2.4.1;2.4.1;2.4.1;2.4.1;2.4.1;2.4.1;3.2.1;3.2.1;3.2.1;3.2.1;2.4.1;3.2.1;2.4.1;3.2.1;3.2.1;2.4.1;2.4.1;3.2.1;3.2.1;2.4.2;2.4.1;2.4.1;3.2.1;2.4.1;3.2.1;2.4.1;2.4.1;2.4.1;2.4.1;3.2.1;3.2.1;2.4.1;3.2.1;2.4.1;3.2.1;3.2.1;3.2.1;2.4.1;3.2.1;3.2.1;2.4.1;2.4.1;3.2.1;2.4.1;3.2.1
R04507,2.3.1;6.2.1;3.1.1;3.1.2;1.2.1;6.1.1;2.3.3;2.3.2;3.5.1;1.2.7;3.7.1;3.2.1;1.2.4;1.8.1;2.1.3;1.1.1;4.1.3;2.3.-;2.8.3;2.5.1;4.4.1;2.1.1;1.-.-;1.2.3;2.6.1;6.1.2;3.5.3;6.3.1;6.3.4;2.1.2;2.2.1;6.3.2;3.4.11,6.2.1;6.2.1;6.2.1;6.2.1;2.3.1;2.3.1
R04550,2.3.1;6.2.1;3.1.1;3.1.2;1.2.1;6.1.1;2.3.3;2.3.2;3.5.1;1.2.7;3.7.1;3.2.1;2.1.3;1.2.4;1.8.1;1.1.1;4.1.3;2.3.-;2.8.3;2.5.1;4.4.1;2.1.1;1.-.-;1.2.3;2.6.1;6.1.2;3.5.3;6.3.1;6.3.4;2.1.2;2.2.1;6.3.2;3.4.11,2.3.1;2.3.1;2.3.1;3.1.2;2.3.1;3.1.2;2.3.1;2.3.1;2.3.1;3.1.2;2.3.-;3.1.2;2.3.1;2.3.1;3.1.2;3.1.2;3.1.2;2.3.1;3.1.2;2.3.1;2.3.1;3.1.2;2.3.1;3.1.2;2.3.1;2.3.1;2.3.1
R04555,,
R04586,2.4.1;3.2.1;2.4.2;3.1.4;4.2.2;5.1.3;6.5.1;2.4.99;6.1.1;4.2.1;3.1.3;3.6.1;2.7.8;3.1.1,3.2.1;3.2.1;3.2.1;3.2.1;3.2.1;3.2.1;3.2.1;4.2.2;3.2.1;3.2.1;3.2.1;3.2.1;3.2.1;3.2.1;3.2.1;3.2.1;2.4.1;3.2.1;2.4.1;3.2.1;2.4.1;2.4.1;2.4.1;3.2.1;2.4.1;2.4.1;2.4.1;3.2.1;2.4.1;3.2.1;2.4.1;2.4.1;2.4.1;2.4.1;2.4.1;3.2.1;3.2.1;2.4.1;3.2.1;3.2.1;3.2.1;2.4.1;2.4.1;2.4.1;2.4.1;2.4.1;2.4.1;2.4.1;2.4.1;2.4.1;2.4.1;2.4.1;2.4.1;2.4.1;2.4.1;2.4.1;2.4.1;2.4.1;2.4.1;2.4.1;2.4.2;2.4.1;2.4.2;2.4.2;2.4.1;2.4.1;2.4.2;2.4.1;2.4.1;2.4.1;2.4.1;3.2.1;2.4.1;2.4.1;2.4.1;2.4.1;2.4.1;3.2.1;2.4.1;2.4.1;2.4.1;2.4.1;2.4.1;2.4.1;2.4.1;2.4.1;2.4.1;2.4.1;2.4.1;2.4.1;2.4.1;2.4.1;2.4.1;2.4.2;2.4.1;2.4.1;2.4.1
R04591,,
R04611,6.3.2;3.5.1;2.3.1;2.3.2;3.4.13;6.3.1;6.3.4;3.4.11;3.4.19;3.4.17;2.1.3;3.1.1;6.2.1;3.4.15;3.5.3;2.3.-;3.4.24;3.4.22;4.3.2;2.7.7;6.1.1;3.1.2;1.2.1,6.3.2;6.3.2;6.3.2;6.3.2;6.3.2;6.3.2;3.5.1;6.3.2;6.3.2;6.3.2
R04640,5.3.1;3.5.4,5.3.1;5.3.1;5.3.1;5.3.1;5.3.1;3.5.4
R04736,5.1.1,1.5.3;1.5.1;4.2.1;5.1.99;1.5.1;1.4.3;5.1.1;5.1.3;1.5.-;5.1.3;1.4.3;5.3.3;5.1.1;1.3.99;1.3.1;1.3.3;5.1.3;5.1.3;4.2.3;3.2.1
R04756,5.3.3;1.1.1;5.5.1;1.1.3,5.3.3;5.3.3;1.13.11;1.13.11;1.13.11;1.14.19
R04785,3.1.1;2.5.1;1.1.1;2.3.1;3.7.1;6.1.1;6.1.2;2.1.1,3.1.1;3.1.1;1.2.1;3.1.1;3.1.1;3.1.1;3.1.1;3.1.1;3.1.1;3.1.1;3.1.1;3.1.1
R04844,1.1.1;1.1.99;1.1.3;2.3.1;1.1.5;1.6.5;1.6.99;1.1.-;1.14.13;1.1.2;1.6.3;1.6.1;1.14.-;1.11.1;1.14.11;1.1.98;1.4.3;1.-.-;4.2.1;1.14.15;1.2.1;1.1.9;1.3.1,1.-.-;1.-.-
R04890,2.6.1;1.4.3;1.4.1;1.4.9;1.4.2;1.4.99;1.4.7;1.13.12;4.1.1;1.14.11;2.-.-;1.5.3;4.2.1;1.21.4;4.3.1,1.4.3;1.4.3;1.4.3;1.4.3;1.4.3;1.4.3;1.4.3;1.4.3;1.4.3;1.4.3;1.4.3;1.4.3
R04921,,
R04922,,
R04957,2.3.1;6.2.1;3.1.1;3.1.2;1.2.1;6.1.1;2.3.3;2.3.2;3.5.1;1.2.7;3.7.1;3.2.1;2.1.3;1.2.4;1.8.1;1.1.1;4.1.3;2.3.-;2.8.3;2.5.1;4.4.1;2.1.1;1.-.-;1.2.3;2.6.1;6.1.2;3.5.3;6.3.1;6.3.4;2.1.2;2.2.1;6.3.2;3.4.11,2.3.1;2.3.1;2.3.1;2.3.1;2.3.1;2.3.1;2.3.1;2.3.1;2.3.1;2.3.1;2.3.1;2.3.1;2.3.1;1.2.1;2.3.1;3.1.2;2.3.1;2.3.1;2.3.1;6.2.1;1.2.1;3.1.2;3.1.2;2.3.1;6.2.1;2.3.1;2.3.2;3.1.2;3.1.2;1.2.4
R04961,1.1.1;1.1.99;1.1.3;2.3.1;1.1.5;1.6.5;1.6.99;1.1.-;1.14.13;1.1.2;1.6.3;1.6.1;1.14.-;1.11.1;1.14.11;1.1.98;1.4.3;1.-.-;4.2.1;1.14.15;1.2.1;1.1.9;1.3.1,1.-.-;1.-.-
R04981,2.1.1;1.14.14;3.1.1;2.3.1;1.5.3;1.14.11;1.5.8;2.-.-;1.16.1;1.14.99;1.14.13;1.2.7;1.5.99;3.7.1,2.-.-;2.5.1;2.3.1
R05061,2.3.1;6.2.1;3.1.1;3.1.2;1.2.1;6.1.1;2.3.3;2.3.2;3.5.1;1.2.7;3.7.1;3.2.1;2.1.3;1.2.4;1.8.1;1.1.1;4.1.3;2.5.1;2.3.-;2.8.3;4.4.1;2.1.1;1.-.-;1.2.3;6.1.2;3.5.3;2.6.1;6.3.1;6.3.4;6.3.2;2.1.2;2.2.1;3.4.11,2.3.1;2.3.1;2.3.1;2.3.1;2.3.1;2.3.1;2.3.1;2.3.1;2.3.1;2.3.1;2.3.1
R05100,3.7.1;1.13.11;2.3.1;1.14.13;2.1.1;2.5.1;3.1.2,3.7.1;3.1.2;3.7.1
R05150,1.1.1;1.1.99;1.1.3;2.3.1;1.1.5;1.6.5;1.6.99;1.1.-;1.14.13;1.1.2;1.6.3;1.6.1;1.14.-;1.11.1;1.14.11;1.1.98;1.4.3;1.-.-;4.2.1;1.14.15;1.2.1;1.1.9;1.3.1,1.-.-;1.-.-
R05164,2.4.1;3.2.1;2.4.2;3.1.4;6.1.1;4.2.2;5.1.3;6.5.1;3.1.1;2.4.99;4.2.1;3.1.3;3.6.1;2.7.8;4.3.3,2.4.1;2.4.1;2.4.1;2.4.1;2.4.1;2.4.2;2.4.1;2.4.1;2.4.1;2.4.1;2.4.1;2.4.1;2.4.1;2.4.1;2.4.2;2.4.1;2.4.1;2.4.1;2.4.1;2.4.1;2.4.2;2.4.1;3.6.1;2.4.2;2.4.2;2.4.2;2.4.99;2.4.2;2.4.99;2.4.2;2.4.1;4.2.3;2.7.8
R05166,2.4.1;3.2.1;2.4.2;3.1.4;4.2.2;5.1.3;6.5.1;2.4.99;6.1.1;4.2.1;3.1.3;3.6.1;2.7.8;3.1.1,2.4.1;3.2.1;3.2.1;2.4.1;2.4.1;2.4.1;3.2.1;2.4.1;2.4.1;2.4.1;3.2.1;2.4.1;3.2.1;3.2.1;2.4.1;3.2.1;2.4.1;3.2.1;3.2.1;3.2.1;2.4.1;3.2.1;2.4.1;3.2.1;3.2.1;2.4.1;3.2.1;3.2.1;3.2.1;2.4.1;2.4.1;2.4.1;2.4.1;3.2.1;3.2.1;2.4.1;2.4.1;3.2.1;3.2.1;2.4.1;2.4.1;2.4.1;2.4.2;3.2.1;2.4.1;2.4.1;2.4.1;2.4.1;2.4.1;2.4.1;3.2.1;4.2.2;2.4.1;2.4.2;2.4.1;2.4.1;2.4.2;2.4.1;3.2.1;2.4.1;2.4.1;2.4.1;2.4.1;2.4.1;2.4.1;2.4.1;2.4.1;2.4.2;2.4.1;2.4.2;2.4.1;2.4.1;2.4.1;2.4.1;2.4.1;2.4.1;3.2.1;2.4.1;2.4.1;2.4.1;2.4.1;2.4.1;2.4.1;2.4.1;2.4.1;3.2.1;2.4.1;2.4.1;2.4.1;2.4.1;2.4.1;2.4.1;3.2.1;3.2.1;3.2.1;2.4.1;2.4.1;2.4.1;3.2.1;2.4.1;2.4.2;2.4.1;3.2.1;2.4.1;3.2.1;2.4.1;2.4.1;2.4.1;2.4.1;3.2.1;2.4.1;2.4.1;3.2.1;3.2.1;2.4.1;2.4.1;2.1.1;2.4.1;2.4.1;2.4.1;2.4.1;3.2.1;2.1.1;2.4.1;3.2.1
R05213,2.1.1;1.14.14;3.1.1;2.3.1;1.5.3;1.14.11;1.5.8;2.-.-;1.16.1;1.14.99;1.14.13;1.2.7;1.5.99;3.7.1,2.5.1;2.3.1
R05218,1.5.1;1.5.99;1.4.3;1.5.-;1.12.98;1.4.1;1.5.7;1.5.3;2.5.1,1.1.99;1.5.1;1.1.5;1.12.98;1.12.2
R05222,,
R05244,1.1.1;1.1.99;1.1.3;2.3.1;1.1.5;1.6.5;1.6.99;1.1.-;1.14.13;1.1.2;1.6.3;1.6.1;1.14.-;1.11.1;1.14.11;1.1.98;1.4.3;1.-.-;4.2.1;1.14.15;1.2.1;1.1.9;1.3.1,1.-.-;1.-.-
R05247,1.1.1;1.1.99;1.1.3;2.3.1;1.1.5;1.6.5;1.6.99;1.1.-;1.14.13;1.1.2;1.6.3;1.6.1;1.14.-;1.11.1;1.14.11;1.1.98;1.4.3;1.-.-;4.2.1;1.14.15;1.2.1;1.1.9;1.3.1,1.-.-;1.-.-
R05289,1.1.1;1.1.99;1.1.3;2.3.1;1.1.5;1.6.5;1.6.99;1.1.-;1.14.13;1.1.2;1.6.1;1.6.3;1.14.-;1.11.1;1.14.11;1.1.98;1.4.3;1.-.-;4.2.1;1.14.15;1.2.1;1.1.9;1.3.1,1.-.-;1.-.-
R05290,1.1.1;1.1.99;1.1.3;2.3.1;1.1.5;1.6.5;1.6.99;1.1.-;1.14.13;1.1.2;1.6.1;1.6.3;1.14.-;1.11.1;1.14.11;1.1.98;1.4.3;1.-.-;4.2.1;1.14.15;1.2.1;1.1.9;1.3.1,1.-.-;1.-.-
R05295,1.13.11;1.14.99;1.13.-;1.14.13;3.7.1;2.8.1;1.8.1;1.8.99;1.8.7,1.13.11;1.13.11;1.13.11;1.13.11;1.13.11;1.13.11;1.13.11;1.13.11;1.13.11;1.13.11;1.13.11
R05358,3.5.5;6.3.4,3.5.5
R05363,3.7.1;1.13.11;2.3.1;1.14.13;2.1.1;2.5.1;3.1.2,3.7.1;3.7.1;3.7.1;3.7.1;3.7.1;3.7.1;3.7.1;3.7.1;3.7.1;3.7.1;3.7.1;3.7.1;3.7.1
R05396,1.1.1;1.1.99;1.1.3;2.3.1;1.1.5;1.6.5;1.6.99;1.1.-;1.14.13;1.1.2;1.6.1;1.6.3;1.14.-;1.11.1;1.14.11;1.1.98;1.4.3;1.-.-;4.2.1;1.14.15;1.2.1;1.1.9;1.3.1,1.-.-;1.-.-
R05408,,1.13.11;1.13.11
R05409,1.13.11;1.14.99;1.13.-;1.14.13;3.7.1;2.8.1;1.8.1;1.8.99;1.8.7,1.13.11;1.13.11;1.13.11;1.13.11;1.13.11;1.13.11;1.13.11;1.13.11;1.13.11;1.13.11;1.13.11;1.13.11;1.13.11;1.13.11
R05413,1.13.11;1.14.99;1.13.-;1.14.13;3.7.1;2.8.1;1.8.1;1.8.99;1.8.7,1.13.11
R05437,1.1.1;1.1.99;1.1.3;2.3.1;1.1.5;1.6.5;1.6.99;1.1.-;1.14.13;1.1.2;1.6.1;1.6.3;1.14.-;1.11.1;1.14.11;1.1.98;1.4.3;1.-.-;4.2.1;1.14.15;1.2.1;1.1.9;1.3.1,1.-.-;1.-.-
R05440,1.1.1;1.1.99;1.1.3;2.3.1;1.1.5;1.6.5;1.6.99;1.1.-;1.14.13;1.1.2;1.6.3;1.6.1;1.14.-;1.11.1;1.14.11;1.1.98;1.4.3;1.-.-;4.2.1;1.14.15;1.2.1;1.1.9;1.3.1,1.-.-;1.-.-
R05462,1.1.1;1.1.99;1.1.3;2.3.1;1.1.5;1.6.5;1.6.99;1.1.-;1.14.13;1.1.2;1.6.3;1.6.1;1.14.-;1.11.1;1.14.11;1.1.98;1.4.3;1.-.-;4.2.1;1.14.15;1.2.1;1.1.9;1.3.1,1.-.-;1.-.-
R05467,6.3.3;2.1.2,6.3.3
R05507,2.6.1;1.4.3;1.4.1;1.4.9;1.4.99;1.4.7;1.4.2;4.3.1;1.13.12;4.1.1;1.14.11;2.-.-;2.4.2;1.4.5,2.6.1;1.4.1;2.6.1;2.6.1;1.5.1;4.4.1;1.4.3;1.4.3;1.4.1;1.5.1;1.4.1;4.4.1;4.4.1;2.6.1;2.6.1;1.4.3;1.4.3;2.6.1;1.4.1;1.4.1;1.4.99;2.6.1;1.4.1;4.4.1;4.4.1;4.4.1;1.4.3;4.3.1
R05554,3.5.3;3.5.1;6.3.4,3.5.3;3.5.3
R05558,3.8.1;1.14.13;4.5.1,3.8.1;3.5.99;3.5.99;3.5.99
R05585,1.4.-,2.5.1
R05625,,
R05629,,
R05635,3.5.1;2.3.1;6.3.1;6.3.2;6.3.4;2.3.2;6.3.5;2.1.2;2.1.3;3.4.13;3.4.11;3.5.4;1.2.99;1.4.1;4.3.3;1.4.7;3.5.5;3.4.19;6.2.1;4.3.2;3.1.1;3.5.3;4.2.1;4.3.1;2.6.1,2.1.1;3.5.1;2.3.2;1.2.99;3.5.1;3.5.1;2.1.2;3.5.3;2.1.3;2.1.3;6.3.1;3.5.1;6.3.4;3.5.3;3.5.1;2.3.2;2.3.2;3.5.1;3.4.15;2.3.2
R05720,1.13.11;1.14.99;1.13.-;1.14.13;3.7.1;2.8.1;1.8.1;1.8.99;1.8.7,1.13.11;1.13.11;1.13.11;1.13.11;1.13.11;1.13.11;1.13.11;1.13.11;1.13.-;1.13.11;1.13.11;1.13.11;1.13.11
R05721,,
R05724,1.1.1;1.1.99;1.1.3;2.3.1;1.1.5;1.6.5;1.6.99;1.1.-;1.14.13;1.1.2;1.6.1;1.6.3;1.14.-;1.11.1;1.14.11;1.1.98;1.4.3;1.-.-;4.2.1;1.14.15;1.2.1;1.1.9;1.3.1,1.-.-;1.-.-
R05764,2.1.1;1.14.14;3.1.1;2.3.1;1.5.3;1.14.11;1.5.8;2.-.-;1.16.1;1.14.99;1.14.13;1.2.7;1.5.99;3.7.1,2.5.1;2.3.1
R05768,2.4.1;3.2.1;2.4.2;3.1.4;6.1.1;4.2.2;5.1.3;6.5.1;3.1.1;2.4.99;4.2.1;3.1.3;3.6.1;2.7.8;4.3.3,2.4.1;2.4.1;2.4.1;2.4.1;2.4.1;2.4.2;2.4.1;2.4.1;2.4.1;2.4.1;2.4.1;2.4.1;2.4.1;2.4.1;2.4.2;2.4.1;2.4.1;2.4.1;2.4.1;2.4.1;2.4.2;2.4.1;3.6.1;2.4.2;2.4.2;2.4.99;2.4.2;2.4.2;2.4.99;2.4.2;2.4.1;4.2.3;2.7.8
R05795,,
R05796,,
R05807,4.99.1;6.6.1,4.99.1;4.99.1;4.99.1;6.6.1
R05857,1.14.11;1.14.13;1.14.15;1.17.1;1.14.99;1.14.14;1.14.-;2.5.1;1.5.8;1.17.99;2.1.1;4.3.2;1.5.3,1.14.11;1.14.13;1.14.13;1.14.13;1.14.13;1.14.13;1.14.13;1.14.13;1.14.15;1.14.15;1.14.13;1.14.15;1.14.-;1.14.15;1.14.15;1.14.15;1.14.13;1.14.13;1.14.11;1.14.11;1.14.13;1.14.11;1.14.11;1.14.11;1.14.13;1.14.13;1.14.13;1.3.99;1.14.14;1.14.15;1.14.13;1.14.-;1.14.-;1.14.-;1.14.99;1.14.99;1.14.99;5.3.3;1.14.99;1.14.13;1.14.14;1.14.13;1.14.14;1.14.13;4.2.1;1.14.13;1.14.99;1.14.13;1.14.-;1.14.-;1.14.-;1.14.-;1.14.13;1.14.11
R06098,,
R06102,,
R06110,,
R06203,,
R06272,1.1.1;1.1.99;1.1.3;2.3.1;1.1.5;1.6.5;1.6.99;1.1.-;1.14.13;1.1.2;1.6.3;1.6.1;1.14.-;1.11.1;1.14.11;1.1.98;1.4.3;1.-.-;4.2.1;1.14.15;1.2.1;1.1.9;1.3.1,1.-.-;1.-.-
R06352,1.14.13;1.14.14;1.14.11;1.14.15;1.14.99;1.14.16;1.14.-;1.14.18;1.17.1;1.10.99;1.1.1;1.13.11;1.10.3;1.97.1;1.17.99;1.3.99;3.5.3;1.2.1;1.3.7;1.14.20;4.1.99;1.17.7;1.-.-;3.7.1;1.6.6;1.14.12;1.17.3;1.7.3;1.14.17,1.14.13;1.14.14;1.14.14;1.14.13;1.14.15;1.14.99;1.14.11;1.14.11;1.14.11;1.14.13
R06356,1.14.13;1.14.14;1.14.11;1.14.15;1.14.16;1.14.-;1.14.18;1.14.99;1.17.1;1.10.99;1.1.1;1.13.11;1.10.3;1.97.1;1.17.99;3.5.3;1.3.99;1.2.1;1.3.7;1.14.20;4.1.99;1.17.7;1.-.-;3.7.1;1.6.6;1.14.12;1.17.3;1.7.3;1.14.17,1.14.13;1.14.13;1.14.14;1.14.14;1.14.15;1.14.13;1.14.11;1.14.11
R06392,3.1.1;2.5.1;1.1.1;2.3.1;3.7.1;6.1.1;6.1.2;2.1.1,3.1.1;3.1.1;3.1.1;3.1.1;3.1.1
R06405,1.1.1;1.1.99;1.1.3;1.14.13;2.3.1;1.1.-;1.1.5;1.1.2;1.14.11;1.14.-;1.4.3;1.1.98;1.-.-;5.3.3;1.2.1;1.14.15;1.3.1;4.2.1;1.1.9;1.14.12;1.6.5;1.6.99;5.1.3;1.6.1;1.6.3;6.4.1;5.4.99,1.1.1;1.1.1;1.14.13;1.14.13;1.14.13;1.1.1;1.1.1;1.1.1;1.1.1;1.1.1;1.1.1;1.1.1;1.1.1;1.1.1;1.1.1;1.1.1;1.1.1;1.1.1;1.1.1;1.1.1;1.1.1;1.1.1;1.1.1;1.1.1;1.1.1;1.1.1;1.1.1;1.1.1;1.1.1;1.1.1;1.1.1;1.1.1;1.14.-;1.14.-;1.1.3;1.1.1;2.1.3;1.1.1;1.14.11;1.1.1;1.1.1;1.1.1;1.1.1;1.1.1;5.3.1;4.3.1;1.1.1;1.1.1;1.1.1;1.1.1;1.1.1;1.1.1;1.1.1;1.1.1;4.2.1;1.1.1;1.1.1;1.1.1;1.1.1;1.3.99;1.1.1;1.14.11;4.2.1;1.14.99;1.1.1;1.14.99;1.1.1;4.2.1;1.1.1;4.2.1;1.14.-;1.1.1;1.1.1;5.3.99;1.1.1;1.1.1;1.1.5;4.2.1;4.2.1;1.1.1;4.2.1;4.2.1;1.1.3;1.1.1;2.1.1;1.1.1;5.1.3;5.1.3;1.1.1;1.1.1;5.1.3;5.1.3;1.1.1;1.1.1;1.1.1;1.1.1;1.1.1
R06420,1.3.1;1.3.8;1.3.99;1.3.3;2.3.1;1.1.-;1.14.12;1.3.7;1.3.5;1.3.98;2.5.1,1.3.1;1.3.1;1.14.11;1.3.1
R06496,2.4.1;3.2.1;2.4.2;3.1.4;6.1.1;4.2.2;5.1.3;6.5.1;3.1.1;2.4.99;4.2.1;3.1.3;3.6.1;2.7.8;4.3.3,2.4.1;2.4.1;2.4.1;2.4.1;2.4.1;2.4.1;2.4.1;2.4.1;2.4.2;2.4.1;2.4.1;2.4.1;2.4.1;2.4.1;2.4.1;2.4.1;2.4.2;2.4.2;2.4.1;2.4.1;3.6.1;2.4.1;2.4.1;2.4.2;2.4.2;2.4.2;2.4.2;2.4.2;2.4.99;2.4.99;4.2.3;2.4.1
R06556,5.5.1;5.3.3,5.5.1;5.5.1;5.5.1;5.5.1
R06602,4.2.99,4.2.99;4.1.3;4.1.3;4.1.3;1.3.1;4.1.99;4.2.1;1.3.1;4.2.1;1.14.12;4.2.1;1.3.1;1.3.1;1.3.1;1.14.12;1.14.12;1.3.1;1.14.12;1.14.12;1.3.5;1.14.12;1.3.1;1.3.1;1.14.12;1.14.12;1.14.12;1.3.1;1.14.12;1.3.1
R06637,2.3.1;6.2.1;3.1.1;3.1.2;1.2.1;6.1.1;2.3.3;2.3.2;3.5.1;1.2.7;3.7.1;3.2.1;1.2.4;1.8.1;2.1.3;1.1.1;4.1.3;2.3.-;2.8.3;2.5.1;4.4.1;2.1.1;1.-.-;1.2.3;2.6.1;6.1.2;3.5.3;6.3.1;6.3.4;2.1.2;2.2.1;6.3.2;3.4.11,1.2.1;2.3.1;1.2.1;1.2.1;2.3.1;2.3.1;1.1.1;1.2.1;1.2.1;1.2.4;1.2.1;3.1.2;6.2.1;6.2.1;2.3.1;2.3.1;6.2.1;6.2.1;2.3.1;1.2.7;1.1.1;2.3.1;1.2.7;6.2.1;1.2.7;3.1.2
R06804,2.4.1;3.2.1;2.4.2;3.1.4;6.1.1;4.2.2;5.1.3;6.5.1;3.1.1;2.4.99;4.2.1;3.1.3;3.6.1;2.7.8;4.3.3,2.4.1;2.4.1;2.4.1;2.4.1;2.4.1;2.4.2;2.4.1;2.4.1;2.4.1;2.4.1;2.4.1;2.4.1;2.4.1;2.4.1;2.4.2;2.4.1;2.4.1;2.4.1;2.4.1;2.4.1;2.4.2;2.4.1;3.6.1;2.4.2;2.4.2;2.4.2;2.4.99;2.4.2;2.4.99;2.4.2;2.4.1;4.2.3;2.7.8
R06811,2.4.1;3.2.1;2.4.2;3.1.4;6.1.1;4.2.2;5.1.3;6.5.1;3.1.1;2.4.99;4.2.1;3.1.3;3.6.1;2.7.8;4.3.3,2.4.2;2.4.1;2.4.1;2.4.1;2.4.1;2.4.1;2.4.1;2.4.1;2.4.1;2.4.1;2.4.1;2.4.2;2.4.1;2.4.1;2.4.1;2.4.1;2.4.1;2.4.1;2.4.1;2.4.1;2.4.1;2.4.2;3.6.1;2.4.2;2.4.2;2.4.2;2.4.99;2.4.2;2.4.2;2.4.99;2.4.1;4.2.3;2.7.8
R06819,2.4.1;3.2.1;2.4.2;3.1.4;6.1.1;4.2.2;5.1.3;6.5.1;3.1.1;2.4.99;4.2.1;3.1.3;3.6.1;2.7.8;4.3.3,2.4.1;2.4.1;2.4.1;2.4.1;2.4.1;2.4.2;2.4.1;2.4.1;2.4.1;2.4.1;2.4.1;2.4.1;2.4.1;2.4.1;2.4.2;2.4.1;2.4.1;2.4.1;2.4.1;2.4.1;2.4.2;2.4.1;3.6.1;2.4.2;2.4.2;2.4.2;2.4.99;2.4.2;2.4.99;2.4.2;2.4.1;4.2.3;2.7.8
R06846,1.1.1;1.1.99;1.1.3;2.3.1;1.1.5;1.6.5;1.6.99;1.1.-;1.14.13;1.1.2;1.6.1;1.6.3;1.14.-;1.11.1;1.14.11;1.1.98;1.4.3;1.-.-;4.2.1;1.14.15;1.2.1;1.1.9;1.3.1,1.-.-;1.-.-
R06865,1.14.13;1.14.14;1.14.11;1.14.15;1.14.16;1.14.-;1.14.99;1.14.18;1.17.1;1.1.1;1.10.99;1.13.11;1.10.3;1.97.1;3.5.3;1.17.99;1.3.99;1.2.1;1.3.7;1.14.20;4.1.99;3.7.1;1.6.6;1.-.-;1.17.7;1.14.12;1.17.3;1.7.3;1.14.17,1.14.13;1.14.14;1.14.13
R06888,1.1.1;1.1.99;1.1.3;2.3.1;1.1.5;1.6.5;1.6.99;1.1.-;1.14.13;1.1.2;1.6.3;1.6.1;1.14.-;1.11.1;1.14.11;1.1.98;1.4.3;1.-.-;4.2.1;1.14.15;1.2.1;1.1.9;1.3.1,1.-.-;1.-.-
R06909,1.1.1;1.1.99;1.1.3;2.3.1;1.1.5;1.6.5;1.6.99;1.1.-;1.14.13;1.1.2;1.6.1;1.6.3;1.14.-;1.11.1;1.14.11;1.1.98;1.4.3;1.-.-;4.2.1;1.14.15;1.2.1;1.1.9;1.3.1,1.-.-;1.-.-
R06912,,5.99.1
R06913,4.1.2;4.2.1;4.1.3;2.2.1;2.5.1;1.13.11;1.14.99;2.3.1;4.1.1,4.1.2;4.1.2;4.1.2
R06921,1.13.-;1.13.11,1.13.11;1.13.11
R06927,1.1.1;1.1.99;1.1.3;2.3.1;1.1.5;1.6.5;1.6.99;1.1.-;1.14.13;1.1.2;1.6.3;1.6.1;1.14.-;1.11.1;1.14.11;1.1.98;1.4.3;1.-.-;4.2.1;1.14.15;1.2.1;1.1.9;1.3.1,1.-.-;1.-.-
R06945,1.1.1;1.1.99;1.1.3;2.3.1;1.1.5;1.6.5;1.6.99;1.1.-;1.14.13;1.1.2;1.6.1;1.6.3;1.14.-;1.11.1;1.14.11;1.1.98;1.4.3;1.-.-;4.2.1;1.14.15;1.2.1;1.1.9;1.3.1,1.-.-;1.-.-
R06998,2.1.1;1.14.14;3.1.1;2.3.1;1.5.3;1.14.11;1.5.8;2.-.-;1.16.1;1.14.99;1.14.13;1.2.7;1.5.99;3.7.1,2.5.1;2.3.1
R07049,1.13.11;1.14.99;1.13.-;1.14.13;3.7.1;2.8.1;1.8.1;1.8.99;1.8.7,1.13.11;1.13.11;1.13.11;1.13.11;1.13.11;1.13.11;1.13.11;1.13.11;1.13.11;1.14.14;1.14.19;1.14.19;1.3.3;4.2.1;1.14.19;1.14.19;1.14.14;1.14.14;1.14.99;1.14.14;1.3.3;1.13.11;1.13.11;4.2.1;1.14.14;1.14.14;5.3.3;1.14.14;1.14.14;3.3.2
R07099,1.1.1;1.1.99;1.1.3;2.3.1;1.1.5;1.6.5;1.6.99;1.1.-;1.14.13;1.1.2;1.6.1;1.6.3;1.14.-;1.11.1;1.14.11;1.1.98;1.4.3;1.-.-;4.2.1;1.14.15;1.2.1;1.1.9;1.3.1,1.-.-;1.-.-
R07113,,
R07147,1.1.1;1.1.99;1.1.3;2.3.1;1.1.5;1.6.5;1.6.99;1.1.-;1.14.13;1.1.2;1.6.3;1.6.1;1.14.-;1.11.1;1.14.11;1.1.98;1.4.3;1.-.-;4.2.1;1.14.15;1.2.1;1.1.9;1.3.1,1.-.-;1.-.-
R07181,1.1.1;1.1.99;1.1.3;2.3.1;1.1.5;1.6.5;1.6.99;1.1.-;1.14.13;1.1.2;1.6.3;1.6.1;1.14.-;1.11.1;1.14.11;1.1.98;1.4.3;1.-.-;4.2.1;1.14.15;1.2.1;1.1.9;1.3.1,1.-.-;1.-.-
R07185,1.14.13;1.14.14;1.14.11;1.14.15;1.14.16;1.14.-;1.14.18;1.14.99;1.17.1;1.10.99;1.13.11;1.1.1;1.10.3;1.97.1;1.17.99;1.3.99;1.2.1;1.3.7;1.14.20;4.1.99;3.5.3;1.17.7;1.-.-;3.7.1;1.6.6;2.5.1;1.14.12;1.17.3;1.7.3;1.14.17,1.14.11;1.14.14;1.14.11;1.14.14;4.2.1;1.14.11;4.2.1;4.2.1;4.2.1;4.2.1;4.2.3;4.2.1;4.2.1;4.2.1;1.14.14;4.2.1;4.2.1;4.2.1;1.14.14;1.14.15;1.14.15;1.14.13;1.14.13;1.14.13;1.14.13;1.14.13
R07186,1.14.11;1.14.13;1.14.15;1.14.14;1.14.99;1.17.99;1.14.-;1.17.1;1.17.7;2.5.1,1.14.11;1.14.11;2.6.1;1.17.1;2.6.1;4.2.1;1.3.1;5.4.4;5.3.3;4.2.99;1.14.14;1.14.13;4.2.3;1.17.4;1.14.13;4.2.1;1.14.14;1.3.7;4.2.1;1.3.7;4.2.1;1.14.13;1.14.13;3.8.1
R07212,1.14.13;1.14.14;1.14.11;1.14.15;1.14.16;1.14.-;1.14.99;1.14.18;1.17.1;1.1.1;1.10.99;1.13.11;1.10.3;1.97.1;3.5.3;1.17.99;1.3.99;1.2.1;1.3.7;1.14.20;4.1.99;3.7.1;1.6.6;1.-.-;1.17.7;1.14.12;1.17.3;1.7.3;1.14.17,1.10.3;1.14.13;1.14.16;1.14.13;1.14.13;1.14.13;1.14.14;1.14.13;1.14.13;1.14.13;1.14.13;1.14.13;1.14.13;1.14.14;1.14.13;1.14.13;1.14.13;1.14.13;1.14.13;1.14.13;1.14.13;1.14.13;1.14.13;1.14.13;1.14.13;1.14.13;1.14.14;1.14.13;1.14.13;1.14.13;1.14.14;1.3.7;1.14.13;1.14.13;1.14.14;1.14.14;1.14.13;1.14.13;1.14.13;1.14.13;1.14.13;1.14.13;3.8.1;3.8.1;1.14.13;1.14.13;1.14.13;1.14.13;1.14.13;1.14.13;1.14.13;1.14.13;1.14.12;1.14.12;1.14.13;1.13.11;1.14.16;1.14.13;1.14.13;1.14.16;1.14.13;1.14.13;5.4.99;1.14.13;1.14.12;1.14.13
R07225,1.21.3,1.21.3;1.21.3;1.21.3
R07303,2.1.2;1.2.99;3.5.1;2.3.1;2.1.1;6.3.4;1.8.1;1.4.4;1.5.1;4.1.2,1.14.14;1.14.14;3.5.1;3.5.1;2.1.1;1.14.14;1.2.99;2.1.1;2.1.1;3.5.1;2.3.1;3.5.1;2.3.-
R07335,2.4.1;3.2.1;2.4.2;3.1.4;6.1.1;4.2.2;5.1.3;6.5.1;3.1.1;2.4.99;4.2.1;3.1.3;3.6.1;2.7.8;4.3.3,2.4.1;2.4.1;2.4.2;2.4.1;2.4.1;2.4.1;2.4.1;2.4.1;2.4.1;2.4.1;2.4.1;2.4.2;2.4.1;2.4.1;2.4.1;2.4.1;2.4.1;2.4.1;2.4.1;2.4.1;2.4.1;2.4.99;3.6.1;2.4.2;2.4.2;4.2.3;2.4.2;2.4.2;2.4.2;2.4.99;2.4.1;2.4.2
R07343,,
R07402,3.5.1;6.3.2;2.3.1;2.3.2;6.3.1;3.4.13;6.3.4;3.4.11;3.4.19;2.1.3;3.4.17;3.1.1;6.2.1;2.1.2;3.4.15;6.3.5;3.5.3;2.3.-;3.5.4;4.3.2;3.4.22;3.4.24;1.2.99;1.4.1;4.3.3,3.5.1;2.3.1;3.5.1
R07415,2.6.1;1.4.3;1.4.1;1.4.9;1.4.2;1.4.99;1.4.7;1.13.12;4.1.1;1.14.11;2.-.-;1.5.3;4.2.1;1.21.4;4.3.1,1.4.3;1.4.3;2.6.1;2.6.1;2.6.1;2.6.1;2.6.1;1.4.3;1.4.3;2.6.1;2.6.1
R07447,1.1.1;1.1.99;1.1.3;2.3.1;1.1.5;1.6.5;1.6.99;1.1.-;1.14.13;1.1.2;1.6.1;1.6.3;1.14.-;1.11.1;1.14.11;1.1.98;1.4.3;1.-.-;4.2.1;1.14.15;1.2.1;1.1.9;1.3.1,1.-.-;1.-.-
R07478,1.1.1;1.1.99;1.1.3;2.3.1;1.1.5;1.6.5;1.6.99;1.1.-;1.14.13;1.1.2;1.6.3;1.6.1;1.14.-;1.11.1;1.14.11;1.1.98;1.4.3;1.-.-;4.2.1;1.14.15;1.2.1;1.1.9;1.3.1,1.-.-;1.-.-
R07500,2.5.1;1.5.3;4.4.1;4.2.1;1.5.99;2.3.1;1.14.15;1.5.1;3.1.1;3.3.1;2.1.2;4.1.99;4.1.3;3.3.2;3.5.99;1.4.3;4.3.3;3.5.-;1.3.1;3.7.1;1.1.1;1.8.3,2.5.1;2.5.1;2.5.1;2.5.1;2.5.1
R07512,5.2.1,5.2.1;1.3.99;1.3.8
R07539,4.2.1;2.3.1;4.1.2;4.3.3;3.5.5;3.2.-;2.5.1;3.5.1;3.5.2;2.8.1;2.9.1;5.4.4,4.2.1;4.2.1;4.2.1;4.2.1;4.2.1;4.2.1;4.2.1;4.2.1;4.2.1;1.3.99;1.3.99;1.3.99;1.3.99;1.3.5;1.3.5;1.3.8;1.14.99;1.3.5;1.3.5;1.3.8;1.3.5;1.3.8;1.3.5;1.3.5;1.3.5;1.3.5;1.3.99;1.3.8
R07711,1.1.1;1.1.99;1.1.3;2.3.1;1.1.5;1.6.5;1.6.99;1.1.-;1.14.13;1.1.2;1.6.3;1.6.1;1.14.-;1.11.1;1.14.11;1.1.98;1.4.3;1.-.-;4.2.1;1.14.15;1.2.1;1.1.9;1.3.1,1.-.-;1.-.-
R07729,2.4.1;3.2.1;2.4.2;3.1.4;6.1.1;4.2.2;5.1.3;6.5.1;3.1.1;2.4.99;4.2.1;3.1.3;3.6.1;2.7.8;4.3.3,2.4.1;2.4.1;2.4.1;2.4.1;2.4.1;2.4.2;2.4.1;2.4.1;2.4.1;2.4.1;2.4.1;2.4.1;2.4.1;2.4.1;2.4.2;2.4.1;2.4.1;2.4.1;2.4.1;2.4.1;2.4.2;2.4.1;3.6.1;2.4.2;2.4.2;2.4.2;2.4.99;2.4.2;2.4.99;2.4.2;2.4.1;4.2.3;2.7.8
R07797,,
R07821,,
R07826,1.14.13;1.14.14;1.14.11;1.14.15;1.14.16;1.14.-;1.14.99;1.14.18;1.17.1;1.1.1;1.10.99;1.13.11;1.10.3;1.97.1;3.5.3;1.17.99;1.3.99;1.2.1;1.3.7;1.14.20;4.1.99;3.7.1;1.6.6;1.-.-;1.17.7;1.14.12;1.17.3;1.7.3;1.14.17,1.14.13;1.14.13;1.14.13;1.14.13;1.14.13;1.14.13;1.14.13;1.14.13;1.14.13;1.14.13;1.14.13;1.14.13;1.14.13;1.14.13;1.14.13;1.14.13;1.14.14;1.10.3;1.14.13;1.14.13;1.14.13;1.14.13;1.14.13;1.14.13;1.14.14;1.14.13;1.14.13;1.14.14;1.14.16;1.3.7;1.14.13;1.14.13;1.14.13;1.14.13;1.14.13;1.14.13;1.14.13;3.8.1;3.8.1;1.14.13;1.14.13;1.14.13;1.14.13;1.14.13;1.14.13;1.14.14;1.14.13;1.14.12;1.14.12;1.14.13;1.14.13;1.14.13;1.14.13;1.14.13;1.14.14;1.14.13;1.14.16;5.4.99;1.14.13;1.14.13;1.14.13;1.14.13;1.14.14;1.14.14;1.13.11;1.14.14;1.14.13;1.14.13;1.14.13;1.14.14;1.14.12;1.14.16;1.14.14
R07839,5.3.2;5.3.99;3.1.3,5.3.2;5.3.2;3.5.99
R07856,5.5.1;5.3.3,5.5.1;5.5.1;5.5.1;5.5.1;5.5.1;5.5.1;5.5.1;5.5.1;5.4.99;5.5.1;5.5.1;5.5.1;3.1.7
R07921,2.1.1;1.14.14;3.1.1;2.3.1;1.5.3;1.14.11;1.5.8;2.-.-;1.16.1;1.14.99;1.14.13;1.2.7;1.5.99;3.7.1,2.5.1;2.3.1
R07969,1.1.1;1.1.99;1.1.3;2.3.1;1.1.5;1.6.5;1.6.99;1.1.-;1.14.13;1.1.2;1.6.3;1.6.1;1.14.-;1.11.1;1.14.11;1.1.98;1.4.3;1.-.-;4.2.1;1.14.15;1.2.1;1.1.9;1.3.1,1.-.-;1.-.-
R07971,1.1.1;1.1.99;1.1.3;2.3.1;1.1.5;1.6.5;1.6.99;1.1.-;1.14.13;1.1.2;1.6.3;1.6.1;1.14.-;1.11.1;1.14.11;1.1.98;1.4.3;1.-.-;4.2.1;1.14.15;1.2.1;1.1.9;1.3.1,1.-.-;1.-.-
R07996,1.14.11;1.14.13;1.17.1;1.14.15;1.14.99;1.14.14;1.14.-;2.5.1;1.5.8;1.17.99;2.1.1;4.3.2;1.5.3,1.14.11;1.14.11;1.14.11;1.14.11;1.14.11;1.14.11;1.17.1;1.17.1;1.14.13;1.17.1;2.5.1;3.3.2;3.3.2;3.3.2;1.14.13;1.14.14
R07997,1.14.11;1.14.13;1.17.1;1.14.15;1.14.99;1.14.14;1.14.-;2.5.1;1.5.8;1.17.99;2.1.1;4.3.2;1.5.3,1.14.11;1.14.11;1.14.11;1.14.11;1.14.11;1.14.11;1.17.1;1.17.1;1.17.1;1.14.13;2.5.1;3.3.2;3.3.2;3.3.2;1.14.14;1.14.13
R08035,1.7.1;1.-.-;1.7.2;1.7.7;1.9.6;1.8.99;1.4.-;1.7.99;1.2.7;1.2.99;1.12.99,1.8.99
R08045,1.1.1;1.1.99;1.1.3;2.3.1;1.1.5;1.6.5;1.6.99;1.1.-;1.14.13;1.1.2;1.6.1;1.6.3;1.14.-;1.11.1;1.14.11;1.1.98;1.4.3;1.-.-;4.2.1;1.14.15;1.2.1;1.1.9;1.3.1,1.-.-;1.-.-
R08098,5.2.1,1.3.5;1.3.5;1.3.5;1.3.8;1.3.5;1.3.8;1.3.99;1.3.5;1.3.5;1.3.8;4.2.1;1.3.5;1.3.5;1.3.99;5.2.1;1.3.8;4.2.1;1.3.99;4.2.1;4.2.1;1.3.1;1.3.99;1.3.5;5.5.1;5.5.1;4.2.1;4.2.1;1.3.99;4.2.1;4.2.1;4.2.1;4.2.1;1.14.99;5.5.1;1.3.1;5.5.1;1.3.99;3.1.1;4.2.3;4.2.3;4.2.1
R08104,1.1.1;1.1.99;1.1.3;2.3.1;1.1.5;1.6.5;1.6.99;1.1.-;1.14.13;1.1.2;1.6.3;1.6.1;1.14.-;1.11.1;1.14.11;1.1.98;1.4.3;1.-.-;4.2.1;1.14.15;1.2.1;1.1.9;1.3.1,1.-.-;1.-.-
R08109,1.1.1;1.1.99;1.1.3;2.3.1;1.1.5;1.6.5;1.6.99;1.1.-;1.14.13;1.1.2;1.6.1;1.6.3;1.14.-;1.11.1;1.14.11;1.1.98;1.4.3;1.-.-;4.2.1;1.14.15;1.2.1;1.1.9;1.3.1,1.-.-;1.-.-
R08111,1.1.1;1.1.99;1.1.3;2.3.1;1.1.5;1.6.5;1.6.99;1.1.-;1.14.13;1.1.2;1.6.1;1.6.3;1.14.-;1.11.1;1.14.11;1.1.98;1.4.3;1.-.-;4.2.1;1.14.15;1.2.1;1.1.9;1.3.1,1.-.-;1.-.-
R08164,2.4.1;3.2.1;2.4.2;3.1.4;6.1.1;4.2.2;5.1.3;6.5.1;3.1.1;2.4.99;4.2.1;3.1.3;3.6.1;2.7.8;4.3.3,2.4.1;2.4.1;2.4.1;2.4.1;2.4.1;2.4.2;2.4.1;2.4.1;2.4.1;2.4.1;2.4.1;2.4.1;2.4.1;2.4.1;2.4.2;2.4.1;2.4.1;2.4.1;2.4.1;2.4.1;2.4.2;2.4.1;3.6.1;2.4.2;2.4.2;2.4.2;2.4.99;2.4.2;2.4.99;2.4.2;2.4.1;4.2.3;2.7.8
R08191,2.3.1;6.2.1;3.1.1;3.1.2;1.2.1;6.1.1;2.3.3;2.3.2;3.5.1;1.2.7;3.7.1;3.2.1;1.2.4;1.8.1;2.1.3;1.1.1;4.1.3;2.3.-;2.8.3;2.5.1;4.4.1;2.1.1;1.-.-;1.2.3;2.6.1;6.1.2;3.5.3;6.3.1;6.3.4;2.1.2;2.2.1;6.3.2;3.4.11,3.1.2;3.1.2;3.1.2;3.1.2;3.1.2;2.3.1;3.1.2;2.3.1;3.1.2;3.1.2;3.1.2;2.3.1;2.3.1;2.3.1;2.3.1;2.3.-;3.1.2;2.3.1;3.1.2;2.3.1;2.3.1;2.3.1;3.1.2;2.3.1;2.3.1;2.3.1;2.3.1;2.3.1;2.3.1
R08198,1.1.1;1.1.99;1.1.3;2.3.1;1.1.5;1.6.5;1.6.99;1.1.-;1.14.13;1.1.2;1.6.1;1.6.3;1.14.-;1.11.1;1.14.11;1.1.98;1.4.3;1.-.-;4.2.1;1.14.15;1.2.1;1.1.9;1.3.1,1.-.-;1.-.-
R08201,,
R08220,2.3.1;6.2.1;3.1.1;3.1.2;1.2.1;6.1.1;2.3.3;2.3.2;3.5.1;1.2.7;3.7.1;3.2.1;2.1.3;1.2.4;1.8.1;1.1.1;4.1.3;2.5.1;2.3.-;2.8.3;4.4.1;2.1.1;1.-.-;1.2.3;6.1.2;3.5.3;2.6.1;6.3.1;6.3.4;6.3.2;2.1.2;2.2.1;3.4.11,3.1.1
R08280,2.5.1;1.5.3;4.4.1;4.2.1;1.5.99;2.3.1;1.14.15;1.5.1;3.1.1;3.3.1;2.1.2;4.1.99;4.1.3;3.3.2;3.5.99;1.4.3;4.3.3;3.5.-;1.3.1;3.7.1;1.1.1;1.8.3,2.5.1;2.5.1;2.5.1
R08304,1.1.1;1.1.99;1.1.3;2.3.1;1.1.5;1.6.5;1.6.99;1.1.-;1.14.13;1.1.2;1.6.3;1.6.1;1.14.-;1.11.1;1.14.11;1.1.98;1.4.3;1.-.-;4.2.1;1.14.15;1.2.1;1.1.9;1.3.1,1.-.-;1.-.-
R08314,3.3.2;1.14.14,3.3.2;1.14.14;2.5.1;1.23.1;3.3.2;3.3.2;1.14.13;3.3.2;3.3.2;3.3.2;2.5.1;2.5.1;2.5.1
R08324,1.14.14;1.14.-;1.14.13;1.11.2;4.3.3;2.1.1;1.4.3;5.4.4;3.3.2,1.14.14
R08345,2.1.1;1.14.14;3.1.1;2.3.1;1.5.3;1.14.11;1.5.8;2.-.-;1.16.1;1.14.99;1.14.13;1.5.99;1.2.7;3.7.1,1.14.14;1.14.14;1.14.14;1.14.14;1.14.14
R08381,2.3.1;6.2.1;3.1.1;3.1.2;1.2.1;6.1.1;2.3.3;2.3.2;3.5.1;1.2.7;3.7.1;3.2.1;1.2.4;1.8.1;2.1.3;1.1.1;4.1.3;2.3.-;2.8.3;2.5.1;4.4.1;2.1.1;1.-.-;1.2.3;2.6.1;6.1.2;3.5.3;6.3.1;6.3.4;2.1.2;2.2.1;6.3.2;3.4.11,2.3.-;3.1.2;2.3.1;3.1.2;3.1.2;2.3.1;3.1.2;2.3.1;2.3.1;3.1.2;2.3.1;3.1.2;3.1.2;2.3.1;2.3.1;2.3.1;3.1.2;2.3.1;3.1.2;2.3.1;3.1.2;2.3.1;2.3.1;2.3.1;2.3.1;3.1.2
R08383,1.1.1;1.1.99;1.1.3;2.3.1;1.1.5;1.6.5;1.6.99;1.1.-;1.14.13;1.1.2;1.6.1;1.6.3;1.14.-;1.11.1;1.14.11;1.1.98;1.4.3;1.-.-;4.2.1;1.14.15;1.2.1;1.1.9;1.3.1,1.-.-;1.-.-
R08468,2.1.1;1.14.14;3.1.1;2.3.1;1.5.3;1.14.11;1.5.8;2.-.-;1.16.1;1.14.99;1.14.13;1.2.7;1.5.99;3.7.1,2.-.-
R08521,1.97.1;1.11.1;1.22.1;2.5.1;1.14.14;1.3.1,1.11.1;1.11.1;2.5.1;2.5.1;2.5.1;1.14.13;1.14.13;1.14.13;2.5.1;3.8.1;3.8.1;1.14.13;1.14.14
R08527,1.13.11;1.14.99;1.13.-;1.14.13;3.7.1;2.8.1;1.8.1;1.8.99;1.8.7,1.13.11;1.14.14;1.14.14;1.14.14;1.14.14;1.13.11;1.13.11;1.13.11;1.13.11;1.13.11;1.13.11;1.13.11;1.13.11
R08529,2.7.1;3.1.3;2.7.8;3.6.1;3.1.4;2.7.4;2.7.11;2.7.7;3.6.3;3.1.7;2.7.6;4.6.1;2.7.2;2.7.3;3.2.1;3.6.4;2.7.9;2.6.-;2.7.-;2.7.13;3.6.5;2.4.1;5.1.3;4.2.3;2.7.99;3.1.5;2.7.12;4.1.1;2.7.10;1.3.7;1.18.6;1.19.6;3.-.-,2.7.6;3.1.7;3.6.1;2.7.6;2.4.1;2.7.1;2.7.1;2.7.1;3.1.3;2.7.1;2.7.1;2.7.1;2.7.1;2.7.1;2.7.1;2.7.1;3.1.3;3.1.3;3.1.3;3.1.3;2.7.1;2.7.1;3.1.3;3.1.3;3.1.3;3.1.3;2.7.1;2.7.1;2.7.1;3.1.3;2.7.1;3.1.3;3.1.3;2.7.1;2.7.7;2.7.7;3.1.3;2.7.7;2.7.1;2.7.1;2.7.1;2.7.1;2.7.1;3.1.3;2.7.7;2.7.8;2.7.1;2.7.1;2.7.1;2.7.1;2.7.1;3.1.3;2.7.1
R08531,2.3.1;6.2.1;3.1.1;3.1.2;1.2.1;6.1.1;2.3.3;2.3.2;3.5.1;1.2.7;3.7.1;3.2.1;1.2.4;1.8.1;2.1.3;1.1.1;4.1.3;2.3.-;2.8.3;2.5.1;4.4.1;2.1.1;1.-.-;1.2.3;2.6.1;6.1.2;3.5.3;6.3.1;6.3.4;2.1.2;2.2.1;6.3.2;3.4.11,1.1.1;2.3.1;2.3.1;1.2.1;1.2.1;3.1.2;1.2.1;6.2.1;6.2.1;2.3.1;2.3.1;1.2.7;2.3.1;1.2.7;3.1.2;1.2.1;1.2.7;1.2.1;2.3.1;1.2.4;1.2.1;6.2.1;6.2.1;2.3.1;2.3.1;2.3.1;2.3.1;6.2.1;2.3.1
R08550,1.1.1;1.1.99;1.1.3;2.3.1;1.1.5;1.6.5;1.6.99;1.1.-;1.14.13;1.1.2;1.6.1;1.6.3;1.14.-;1.11.1;1.14.11;1.1.98;1.4.3;1.-.-;4.2.1;1.14.15;1.2.1;1.1.9;1.3.1,1.-.-;1.-.-
R08559,2.7.1;3.1.3;3.6.1;2.7.8;2.7.4;2.7.7;3.6.3;2.7.11;3.1.4;2.7.2;2.7.6;2.7.3;3.6.4;3.1.7;4.6.1;2.7.9;3.6.5;3.2.1;2.7.12;2.7.13;2.6.-;2.7.-;4.1.1;2.7.10;1.3.7;1.18.6;4.2.3;2.7.99;3.1.5;2.4.1;5.1.3;1.19.6;3.-.-,2.7.1;2.7.1;2.7.1;2.7.1;2.7.1;2.7.1;2.7.1;2.7.1;2.7.1;2.7.1;2.7.1;2.7.1;2.7.1;2.7.1;2.7.1;2.7.1;2.7.1;2.7.1;2.7.1;2.7.1;2.7.1;3.1.3;2.7.1;2.7.1;2.7.1;2.7.1;2.7.1;2.7.1;2.7.1;2.7.1;2.7.1;2.7.1;2.7.1;2.7.1;2.7.1;2.7.1;2.7.1;2.7.1;2.7.1;3.1.3;2.7.1;3.1.3;2.7.1;2.7.1;2.7.1;2.7.1;3.1.3;2.7.1;2.7.1;2.7.8
R08632,4.4.1;2.5.1;4.2.1;1.8.3;3.3.1;2.1.2;1.1.1;1.8.1;4.5.1;2.3.1;4.1.99,2.5.1;2.5.1;4.4.1
R08635,4.4.1;2.5.1;1.8.3;4.2.1;3.3.1;2.1.2;1.1.1;1.8.1;4.5.1,4.4.1;2.5.1;2.5.1
R08639,5.4.2,2.7.1;2.7.1;3.1.3;2.7.1;3.1.3;3.1.3;3.1.3;2.7.1;2.7.1;2.7.1;2.7.1;2.7.1;3.1.3;2.7.1;2.7.1;2.7.1;2.7.1;2.7.1;2.7.1;2.7.1;2.7.1;2.7.1;2.7.1;3.1.3;2.7.1;2.7.1;2.7.1;2.7.1;2.7.1;2.7.1;2.7.1;3.1.3;2.7.1;2.7.1;2.7.1;2.7.1;2.7.1;2.7.1;3.1.3;2.7.1;2.7.1;2.7.1;2.7.1;2.7.1;2.7.1;2.7.1;2.7.1;2.7.1;3.1.3;2.7.1;2.7.1;2.7.1;2.7.1;2.7.1;3.1.3;2.7.1;2.7.1;2.7.8;3.1.3;2.7.1;2.7.1;2.7.1;2.7.1;3.1.3;2.7.1;2.7.1;2.7.1;2.7.1;2.7.1;2.7.1;3.1.3;3.1.3;3.1.3;2.7.8;3.1.3;3.1.3;2.7.1;3.1.3;2.7.1;2.7.1;2.7.1;2.7.1;2.7.1;2.4.1;2.7.1;2.7.1;2.7.1;2.7.1;2.7.6;2.7.1;2.7.1;3.1.3;2.7.1;2.7.1;2.7.7;2.7.1;2.7.1;3.6.1;2.7.7;3.1.7;2.7.7;2.7.7;2.7.7;2.7.7;2.7.1;2.7.1;3.1.5;2.7.6;2.7.1;2.7.1;2.7.1
R08651,1.1.1;1.1.99;1.1.3;2.3.1;1.1.5;1.6.5;1.6.99;1.1.-;1.14.13;1.1.2;1.6.1;1.6.3;1.14.-;1.11.1;1.14.11;1.1.98;1.4.3;1.-.-;4.2.1;1.14.15;1.2.1;1.1.9;1.3.1,1.-.-;1.-.-
R08705,1.1.1;1.1.99;1.1.3;2.3.1;1.1.5;1.6.5;1.6.99;1.1.-;1.14.13;1.1.2;1.6.1;1.6.3;1.14.-;1.11.1;1.14.11;1.1.98;1.4.3;1.-.-;4.2.1;1.14.15;1.2.1;1.1.9;1.3.1,1.-.-;1.-.-
R08714,2.6.1;1.4.3;1.4.1;1.4.9;1.4.99;1.4.7;1.4.2;4.1.1;1.13.12;1.14.11;2.-.-;2.4.2;4.3.1,1.4.1;2.6.1;1.4.99;4.4.1;2.6.1;4.4.1;2.6.1;4.4.1;4.4.1;1.4.3;1.4.3;4.4.1;4.4.1;4.3.1;4.3.1;2.6.1;1.4.1;1.4.3;1.4.3;1.4.1;2.6.1;2.6.1;1.4.1;1.4.1;4.4.1;4.3.1;2.6.1;1.4.1;4.4.1;4.4.1;4.4.1
R08772,4.1.1;6.4.1;2.1.3;1.3.8;1.1.1,4.1.1;4.1.1;1.14.13;4.1.1;4.1.1;1.14.13;4.1.1;4.1.1;1.14.13;1.14.13;1.14.13;1.14.13;2.1.1;4.1.1;2.1.1
R08787,2.1.1;1.14.14;3.1.1;2.3.1;1.5.3;1.14.11;1.5.8;2.-.-;1.16.1;1.14.99;1.14.13;1.2.7;1.5.99;3.7.1,2.-.-;2.5.1;2.3.1
R08846,1.1.1;1.1.99;1.1.3;2.3.1;1.1.5;1.6.5;1.6.99;1.1.-;1.14.13;1.1.2;1.6.1;1.6.3;1.14.-;1.11.1;1.14.11;1.1.98;1.4.3;1.-.-;4.2.1;1.14.15;1.2.1;1.1.9;1.3.1,1.-.-;1.-.-
R08864,1.13.11;1.14.99;1.13.-;1.14.13;3.7.1;2.8.1;1.8.1;1.8.99;1.8.7,1.13.11
R08879,1.1.1;1.1.99;1.1.3;2.3.1;1.1.5;1.6.5;1.6.99;1.1.-;1.14.13;1.1.2;1.6.1;1.6.3;1.14.-;1.11.1;1.14.11;1.1.98;1.4.3;1.-.-;4.2.1;1.14.15;1.2.1;1.1.9;1.3.1,1.-.-;1.-.-
R08975,2.1.1;3.1.1;1.14.14;2.3.1;1.5.3;1.14.11;1.5.8;2.-.-;1.16.1;1.14.99;1.14.13;1.2.7;1.5.99;2.5.1;3.7.1,2.1.1;2.5.1;2.5.1;3.1.1;2.5.1;2.5.1;2.1.1;2.1.1;2.1.1
R09095,1.12.98;1.12.2,1.12.2;1.5.1;1.1.99;1.12.98;1.1.5
R09099,2.1.2;2.1.1;6.3.4;3.5.1;1.2.99;4.1.2;2.3.1;1.8.1;1.4.4;1.5.1;3.5.4;3.5.3;6.3.3;4.3.-,2.1.2;4.1.2;4.1.2;2.3.1
R09129,1.1.1;1.1.99;1.1.3;2.3.1;1.1.5;1.6.5;1.6.99;1.1.-;1.14.13;1.1.2;1.6.3;1.6.1;1.14.-;1.11.1;1.14.11;1.1.98;1.4.3;1.-.-;4.2.1;1.14.15;1.2.1;1.1.9;1.3.1,1.-.-;1.-.-
R09141,1.1.1;1.1.99;1.1.3;2.3.1;1.1.5;1.6.5;1.6.99;1.1.-;1.14.13;1.1.2;1.6.3;1.6.1;1.14.-;1.11.1;1.14.11;1.1.98;1.4.3;1.-.-;4.2.1;1.14.15;1.2.1;1.1.9;1.3.1,1.-.-;1.-.-
R09189,2.1.1;1.14.14;3.1.1;2.3.1;1.5.3;1.14.11;1.5.8;2.-.-;1.16.1;1.14.99;1.14.13;1.2.7;1.5.99;3.7.1,2.-.-;2.5.1;2.3.1
R09237,,1.13.11;1.13.11;1.13.11;1.13.11;1.13.11;1.13.11;1.13.11;1.13.11;1.13.11;1.13.11;1.13.11;1.13.11;1.13.11;1.13.11;1.13.11;1.13.11;1.13.11;1.13.11;1.13.11;1.13.11;1.13.11;1.13.11;1.13.11;1.13.11;1.13.11;1.13.11;1.13.11;1.13.11;1.13.11;1.13.11;1.13.11;1.13.11;1.13.11;1.13.11;1.13.11;1.13.11;1.13.11;1.13.11;1.13.11;1.13.11;1.13.11;1.13.-
R09250,2.5.1;1.5.3;4.4.1;4.2.1;1.5.99;2.3.1;1.14.15;1.5.1;3.1.1;3.3.1;2.1.2;4.1.99;4.1.3;3.3.2;3.5.99;1.4.3;4.3.3;3.5.-;1.3.1;3.7.1;1.1.1;1.8.3,2.5.1;2.5.1;2.5.1;2.5.1;2.5.1;2.5.1;2.5.1;2.5.1;2.5.1;2.5.1;2.5.1;2.5.1;2.5.1
R09286,2.3.1;6.2.1;3.1.1;3.1.2;1.2.1;6.1.1;2.3.3;2.3.2;3.5.1;1.2.7;3.7.1;3.2.1;1.2.4;1.8.1;2.1.3;1.1.1;4.1.3;2.3.-;2.8.3;2.5.1;4.4.1;2.1.1;1.-.-;1.2.3;2.6.1;6.1.2;3.5.3;6.3.1;6.3.4;2.1.2;2.2.1;6.3.2;3.4.11,3.1.2;1.2.1;2.3.1;1.2.1;1.2.1;6.2.1;3.1.2;2.3.1;1.1.1;2.3.1;1.2.7;2.3.1;1.2.7;6.2.1;1.2.1;1.2.7;1.2.4;2.3.1;2.3.1;6.2.1;2.3.1;2.3.1;1.2.1;1.1.1;1.2.1;6.2.1;2.3.1;6.2.1;2.3.1;2.3.1;6.2.1;6.2.1;2.3.1;2.3.1;2.3.1
R09332,2.4.1;3.2.1;2.4.2;3.1.4;6.1.1;4.2.2;5.1.3;6.5.1;3.1.1;2.4.99;4.2.1;3.1.3;3.6.1;2.7.8;4.3.3,2.4.1;2.4.1;2.4.1;2.4.1;2.4.1;2.4.1;2.4.1;2.4.2;2.4.1;2.4.1;2.4.1;2.4.1;2.4.1;2.4.1;2.4.1;2.4.1;2.4.1;2.4.1;2.4.2;2.4.2;2.4.1;2.4.1;3.6.1;2.4.2;2.4.2;2.4.2;2.4.2;2.4.2;2.4.99;2.4.99;2.4.1;4.2.3;2.7.8
R09351,2.4.1;3.2.1;2.4.2;3.1.4;6.1.1;4.2.2;5.1.3;6.5.1;3.1.1;2.4.99;4.2.1;3.1.3;3.6.1;2.7.8;4.3.3,2.4.1;2.4.1;2.4.1;2.4.1;2.4.1;2.4.1;2.4.1;2.4.2;2.4.1;2.4.1;2.4.1;2.4.1;2.4.1;2.4.1;2.4.1;2.4.1;2.4.1;2.4.1;2.4.2;2.4.2;2.4.1;2.4.1;3.6.1;2.4.2;2.4.2;2.4.2;2.4.2;2.4.2;2.4.99;2.4.99;2.4.1;4.2.3;2.7.8
R09371,2.1.1;1.14.14;3.1.1;2.3.1;1.5.3;1.14.11;1.5.8;2.-.-;1.16.1;1.14.99;1.14.13;1.2.7;1.5.99;3.7.1,2.-.-
R09458,1.2.1;1.2.3;1.2.99;1.2.-;1.1.1;1.2.7;1.14.13;1.1.3;1.5.1;1.14.99;1.17.1;1.14.11;1.5.99;1.2.2;1.1.-;1.14.14,1.2.1;1.2.1;1.2.1;1.2.1;1.2.1;1.2.1;1.2.1;1.2.1;1.2.1;1.2.1;1.2.1;1.2.1;1.2.1;1.5.1;1.14.13;1.14.13;1.2.1
R09523,2.1.1;1.14.14;3.1.1;2.3.1;1.5.3;1.14.11;1.5.8;2.-.-;1.16.1;1.14.99;1.14.13;1.2.7;1.5.99;3.7.1,2.-.-;2.5.1;2.3.1
R09563,1.8.1;1.8.4;1.11.1;1.8.98;1.17.4;1.8.3;2.8.1;1.8.5;2.8.4;1.5.4,1.11.1;1.11.1;1.8.1;1.8.1;1.8.1
R09567,1.1.1;1.1.99;1.1.3;2.3.1;1.1.5;1.6.5;1.6.99;1.1.-;1.14.13;1.1.2;1.6.1;1.6.3;1.14.-;1.11.1;1.14.11;1.1.98;1.4.3;1.-.-;4.2.1;1.14.15;1.2.1;1.1.9;1.3.1,1.-.-;1.-.-
R09601,1.13.11;1.14.99;1.13.-;1.14.13;3.7.1;2.8.1;1.8.1;1.8.99;1.8.7,1.13.11;1.13.11;1.13.11;1.13.11
R09608,,4.2.3;4.2.3;4.2.3;4.2.3;4.2.3;4.2.3;4.2.3;4.2.3;4.2.3;4.2.3;4.2.3;4.2.3;4.2.3;4.2.3;4.2.3;4.1.99;3.1.7;4.2.3;5.5.1;5.5.1;5.5.1;5.5.1;4.2.3;4.2.3;4.2.3;4.2.3;4.2.3;4.2.3;5.4.99;4.2.3;5.4.99;5.4.99;4.2.3;5.4.99;5.4.99;5.4.99;4.2.1;5.4.99;5.4.99;4.2.1;5.4.99;5.4.99;5.5.1;4.2.3;5.4.99
R09610,4.2.3;4.1.99;3.1.7,4.2.3;4.2.3;4.2.3;4.2.3;4.2.3;4.2.3;4.2.3;4.2.3;4.2.3;4.1.99;4.2.3;4.2.3;4.2.3;4.2.3;4.2.3;4.2.3;4.2.3;4.2.3;4.2.3;4.2.3;4.2.3;4.2.3;4.2.3;4.2.3;4.2.3;4.2.3;4.2.3;4.2.3;4.2.3;4.2.3;4.2.3;4.2.3;4.2.3;4.2.3;4.2.3;4.2.3
R09635,2.4.1;3.2.1;2.4.2;3.1.4;6.1.1;4.2.2;5.1.3;6.5.1;3.1.1;2.4.99;4.2.1;3.1.3;3.6.1;2.7.8;4.3.3,2.4.1;2.4.1;2.4.2;2.4.1;2.4.1;2.4.1;2.4.1;2.4.1;2.4.1;2.4.1;2.4.1;2.4.2;2.4.1;2.4.1;2.4.1;2.4.1;2.4.1;2.4.1;2.4.1;2.4.1;2.4.1;2.4.99;3.6.1;2.4.2;2.4.2;4.2.3;2.4.2;2.4.2;2.4.2;2.4.99;2.4.1;2.4.2
R09651,2.3.1;3.5.1;6.2.1;2.3.2;3.1.2;3.1.1;6.3.2;6.3.1;1.2.1;6.3.4;2.3.3;2.1.3;3.4.11;3.4.13;1.2.7;6.1.1;2.1.2;3.7.1;3.5.3;3.5.4;6.3.5;4.3.2;1.2.4;1.8.1;1.1.1;2.7.7;2.3.-;4.1.3;1.2.99;2.5.1;2.8.3;4.4.1;3.4.19;3.2.1;2.1.1;3.4.17;2.6.1;1.2.3;1.-.-,3.5.1;3.5.1;2.3.2;4.3.2;2.3.1;3.5.1;2.3.1;2.3.1;2.3.1;2.3.1;3.5.1;2.1.4;2.1.2;6.3.4;2.3.1;3.5.1
R09663,2.4.1;3.2.1;2.4.2;3.1.4;6.1.1;4.2.2;5.1.3;6.5.1;3.1.1;2.4.99;4.2.1;3.1.3;3.6.1;2.7.8;4.3.3,2.4.1;2.4.1;2.4.1;2.4.1;2.4.1;2.4.2;2.4.1;2.4.1;2.4.1;2.4.1;2.4.1;2.4.1;2.4.1;2.4.1;2.4.1;2.4.1;2.4.2;2.4.1;2.4.1;2.4.1;2.4.2;2.4.1;2.4.2;3.6.1;2.4.2;2.4.2;2.4.2;2.4.99;2.4.99;2.4.2;2.4.1;4.2.3;2.7.8
R09676,2.4.1;3.2.1;2.4.2;3.1.4;6.1.1;4.2.2;5.1.3;6.5.1;3.1.1;2.4.99;4.2.1;3.1.3;3.6.1;2.7.8;4.3.3,2.4.1;2.4.1;2.4.1;2.4.1;2.4.1;2.4.1;2.4.1;3.6.1;2.4.2;2.4.1;2.4.1;2.4.1;2.4.1;2.4.1;2.4.2;2.4.1;2.4.1;2.4.1;2.4.1;2.4.2;2.4.1;2.4.1;2.4.1;2.4.99;2.4.2;2.4.2;2.4.1;2.4.99;2.4.2;2.4.2;2.4.2;4.2.3
R09677,2.4.1;3.2.1;2.4.2;3.1.4;6.1.1;4.2.2;5.1.3;6.5.1;3.1.1;2.4.99;4.2.1;3.1.3;3.6.1;2.7.8;4.3.3,2.4.1;2.4.1;2.4.1;2.4.1;2.4.1;2.4.1;2.4.1;3.6.1;2.4.2;2.4.1;2.4.1;2.4.1;2.4.1;2.4.1;2.4.2;2.4.1;2.4.1;2.4.1;2.4.1;2.4.2;2.4.1;2.4.1;2.4.1;2.4.99;2.4.2;2.4.2;2.4.1;2.4.99;2.4.2;2.4.2;2.4.2;4.2.3
R09680,3.5.1;2.3.1;6.3.2;6.3.1;6.3.4;2.3.2;6.3.5;2.1.2;3.4.13;2.1.3;3.4.11;3.5.4;3.4.19;1.4.1;4.3.3;6.2.1;1.4.7;1.2.99;3.5.5;3.1.1;4.3.2;3.5.3;4.2.1;4.3.1;2.6.1;2.4.2;4.1.3,6.2.1
R09684,4.2.3;4.1.99;3.1.7,4.2.3;4.2.3;4.2.3;4.2.3
R09724,3.1.1;2.5.1;1.1.1;2.3.1;3.7.1;6.1.1;6.1.2,1.1.1;1.1.1;3.1.1;3.7.1;3.1.1;2.1.1
R09726,,
R09776,2.4.1;3.2.1;2.4.2;3.1.4;4.2.2;5.1.3;6.5.1;2.4.99;6.1.1;4.2.1;3.1.3;3.6.1;2.7.8;3.1.1,2.4.1;2.4.1;2.4.1;3.2.1;3.2.1;2.4.1;3.2.1;3.2.1;2.4.1;2.4.1;2.4.1;3.2.1;3.2.1;3.2.1;2.4.1;3.2.1;2.4.1;2.4.1;2.4.1;3.2.1;2.4.1;3.2.1;3.2.1;3.2.1;3.2.1;3.2.1;2.4.1;2.4.1;3.2.1;3.2.1;2.4.1;2.4.1;2.4.1;3.2.1;2.4.1;3.2.1;3.2.1;2.4.1;2.4.1;2.4.1;3.2.1;2.4.1;2.4.1;2.4.1;2.4.1;2.4.2;2.4.1;3.2.1;2.4.2;2.4.1;2.4.1;2.4.2;2.4.1;2.4.2;2.4.1;2.4.2;2.4.1;3.2.1;2.4.1;2.4.1;2.4.1;2.4.1;2.4.1;2.4.1;2.4.1;2.4.1;2.4.1;2.4.1;2.4.1;2.4.1;2.4.1;2.4.1;2.4.1;3.2.1;2.4.1;2.4.1;2.4.1;2.4.1;2.4.1;2.4.1;2.4.1;2.4.1;2.4.1;2.4.1;2.4.1;2.4.1;2.4.1;2.4.1;2.4.1;4.2.2;3.2.1;2.4.2;2.4.1;2.4.1;2.4.1
R09783,1.1.1;1.1.99;1.1.3;2.3.1;1.1.5;1.6.5;1.6.99;1.1.-;1.14.13;1.1.2;1.6.1;1.6.3;1.14.-;1.11.1;1.14.11;1.1.98;1.4.3;1.-.-;4.2.1;1.14.15;1.2.1;1.1.9;1.3.1,1.-.-;1.-.-
R09788,,4.2.3;4.2.3;4.2.3;4.2.3;4.2.3;4.2.3;4.2.3;4.2.3;4.1.99;4.2.3;4.2.3;4.2.3;4.2.3;4.2.3;4.2.3;4.2.3;4.2.3;4.2.3;4.2.3;4.2.3;4.2.3;4.2.3;4.2.3;4.2.3;4.2.3;4.2.3;4.2.3;4.2.3;4.2.3;4.2.3;4.2.3;4.2.3;4.2.3;4.2.3;4.2.3;4.2.3;4.2.3;4.2.1
R09798,1.5.1;1.5.99;1.4.3;1.5.-;1.12.98;1.4.1;1.5.7;1.5.3;2.5.1,1.1.99;1.5.1;1.1.5;1.12.98;1.12.2
R09820,1.1.1;1.1.99;1.1.3;2.3.1;1.1.5;1.6.5;1.6.99;1.1.-;1.14.13;1.1.2;1.6.1;1.6.3;1.14.-;1.11.1;1.14.11;1.1.98;1.4.3;1.-.-;4.2.1;1.14.15;1.2.1;1.1.9;1.3.1,1.-.-;1.-.-
R09844,4.4.1;2.5.1;4.2.1;1.8.3;3.3.1;2.1.2;1.1.1;1.8.1;4.5.1;2.3.1;4.1.99,2.5.1;1.8.3
R09886,,4.2.3;4.2.3;4.2.3;4.2.3;4.2.3;4.2.3;4.2.3;4.2.3;4.2.3;4.1.99;4.2.3;4.2.3;4.2.3;4.2.3;4.2.3;4.2.3;4.2.3;4.2.3;4.2.3;4.2.3;4.2.3;4.2.3;4.2.3;4.2.3;4.2.3;4.2.3;4.2.3;4.2.3;4.2.3;4.2.3;4.2.3;4.2.3;4.2.3;4.2.3;4.2.3;4.2.3;4.2.3
R09915,,5.4.99;4.2.1;5.4.99;5.4.99;4.2.1;5.4.99;5.4.99;5.4.99;5.4.99;4.2.3;5.4.99;4.2.3;4.2.1;5.4.99;5.4.99;5.4.99;4.2.3;4.2.3;5.4.99;5.4.99;5.4.99;5.4.99;4.2.3;5.4.99;4.2.3;4.2.3;4.2.3;5.4.99;4.2.1;5.5.1;5.5.1;5.5.1;3.1.7;4.2.3;4.2.3;4.2.3;4.2.3;4.2.3;4.2.3;4.1.99;4.2.3;4.2.3;4.2.3;4.2.3;4.2.3;5.5.1;4.2.3;4.2.3
R09936,1.5.1;1.5.99;1.4.3;1.5.-;1.12.98;1.4.1;1.5.7;1.5.3;2.5.1,1.1.99;1.5.1;1.1.5;1.12.98;1.12.2
R09987,1.1.1;1.1.99;1.1.3;2.3.1;1.1.5;1.6.5;1.6.99;1.1.-;1.14.13;1.1.2;1.6.1;1.6.3;1.14.-;1.11.1;1.14.11;1.1.98;1.4.3;1.-.-;4.2.1;1.14.15;1.2.1;1.1.9;1.3.1,1.-.-;1.-.-
R10003,2.3.1;6.2.1;3.1.1;3.1.2;1.2.1;6.1.1;2.3.3;2.3.2;3.5.1;1.2.7;3.7.1;3.2.1;1.2.4;1.8.1;2.1.3;1.1.1;4.1.3;2.3.-;2.8.3;2.5.1;4.4.1;2.1.1;1.-.-;1.2.3;2.6.1;6.1.2;3.5.3;6.3.1;6.3.4;2.1.2;2.2.1;6.3.2;3.4.11,2.3.1;1.2.1;1.2.1;6.2.1;2.3.1;1.2.1;3.1.2;1.1.1;2.3.1;2.3.1;2.3.1;6.2.1
R10016,2.1.1;1.14.14;3.1.1;2.3.1;1.5.3;1.14.11;1.5.8;2.-.-;1.16.1;1.14.99;1.14.13;1.2.7;1.5.99;3.7.1,1.5.8;1.5.8
R10039,2.4.1;3.2.1;2.4.2;3.1.4;4.2.2;2.4.99;5.1.3;6.5.1;4.2.1;3.1.3;3.6.1;2.7.8;6.1.1;3.1.1,3.2.1;2.4.1;2.4.1;3.2.1;2.4.1;2.4.1;2.4.1;3.2.1;2.4.1;3.2.1;3.2.1;2.4.1;3.2.1;3.2.1;2.4.1;2.4.1;2.4.1;2.4.1;3.2.1;2.4.1;2.4.1;2.4.1;2.4.1;2.4.2;4.2.1;3.2.1;3.2.1;3.2.1;2.4.1;3.2.1;2.4.1;3.2.1;2.4.1;2.4.1;2.4.1;2.4.1;3.2.1;2.4.1;3.2.1;2.4.1;2.4.1;2.4.1;3.2.1;2.4.1;3.2.1;2.4.1;3.2.1;2.4.1;2.4.1;3.2.1;3.2.1;3.2.1;2.4.1;3.2.1;3.2.1;3.2.1;2.4.1;3.2.1;3.2.1;2.4.1;2.4.1;2.4.1;2.4.1
R10050,4.1.2;2.2.1;4.1.3;2.5.1;1.14.99;4.2.1;4.1.1,2.2.1;4.1.2;2.2.1;4.1.2;4.1.2
R10055,1.11.1;1.10.3;1.8.5;1.3.2,1.10.3;1.1.3;1.1.3;1.1.3;1.3.2;1.1.1;1.1.1;1.1.1;1.1.1;1.1.1;1.1.1
R10093,,
R10133,3.5.99;3.5.4;6.3.4,3.5.4;3.5.4;1.2.3;1.2.3;3.5.4;3.5.4;3.5.99;3.5.4;3.5.4;3.5.4;3.5.4;1.17.1;1.17.3;3.5.99;1.17.1;1.17.3;3.5.4;1.17.3;1.14.14;1.17.3;3.5.99;3.5.4;3.5.4;3.5.4;3.5.4;3.5.4;1.1.1;6.3.5;6.3.5;1.1.1;3.5.4
R10152,,
R10154,1.1.1;1.1.99;1.1.3;2.3.1;1.1.5;1.6.5;1.6.99;1.1.-;1.14.13;1.1.2;1.6.3;1.6.1;1.14.-;1.11.1;1.14.11;1.1.98;1.4.3;1.-.-;4.2.1;1.14.15;1.2.1;1.1.9;1.3.1,1.-.-;1.-.-
R10170,4.2.1;2.3.1;4.1.2;4.3.3;3.5.5;3.2.-;2.5.1;3.5.1;3.5.2;2.8.1;2.9.1;5.4.4,4.2.1;4.2.1;4.2.1;4.2.1;4.2.1;1.14.14;5.4.3;1.14.11;1.14.11
R10178,2.6.1;1.4.3;1.4.1;1.4.9;1.4.99;1.4.7;1.4.2;4.1.1;1.13.12;1.14.11;2.-.-;2.4.2;4.3.1,2.6.1;1.4.1;1.4.99;4.4.1;4.4.1;2.6.1;2.6.1;4.4.1;4.4.1;1.4.3;1.4.3;4.4.1;4.4.1;4.3.1;4.3.1;2.6.1;1.4.1;1.4.3;1.4.3;1.4.1;2.6.1;1.4.1;2.6.1;1.4.1;4.4.1;4.3.1;2.6.1;1.4.1;4.4.1;4.4.1;4.4.1
R10196,2.1.1;1.14.14;3.1.1;2.3.1;1.5.3;1.14.11;1.5.8;2.-.-;1.16.1;1.14.99;1.14.13;1.2.7;1.5.99;3.7.1,2.-.-
R10257,2.4.1;3.2.1;2.4.2;3.1.4;6.1.1;4.2.2;5.1.3;6.5.1;3.1.1;2.4.99;4.2.1;3.1.3;3.6.1;2.7.8;4.3.3,2.4.2;2.4.1;2.4.1;2.4.1;2.4.1;2.4.1;2.4.1;2.4.1;2.4.1;2.4.1;2.4.1;2.4.2;2.4.1;2.4.1;2.4.1;2.4.1;2.4.1;2.4.1;2.4.1;2.4.1;2.4.1;2.4.2;3.6.1;2.4.2;2.4.2;2.4.2;2.4.99;2.4.2;2.4.2;2.4.99;2.4.1;4.2.3;2.7.8
R10276,4.2.3;4.1.99;3.1.7,4.2.3;4.2.3;4.2.3;4.2.3;2.1.1;4.2.3;4.2.3;4.2.3;4.2.3;2.1.1;4.2.1;1.3.1;1.3.1;4.2.1
R10282,5.2.1,1.14.99;3.1.1;5.2.1;1.3.99;1.3.99;1.3.99;1.3.8;1.3.99;1.3.5;1.3.5;1.3.8;1.3.5;1.3.5;1.3.8;1.3.8;1.3.5;1.3.5;1.3.5;1.3.99;5.3.99;5.3.99;1.3.99;1.3.5;1.3.5
R10290,2.4.1;3.2.1;2.4.2;3.1.4;6.1.1;4.2.2;5.1.3;6.5.1;3.1.1;2.4.99;4.2.1;3.1.3;3.6.1;2.7.8;4.3.3,2.4.2;2.4.1;2.4.1;2.4.1;2.4.1;2.4.1;2.4.1;2.4.1;2.4.1;2.4.1;2.4.1;2.4.2;2.4.1;2.4.1;2.4.1;2.4.1;2.4.1;2.4.1;2.4.1;2.4.1;2.4.1;2.4.2;3.6.1;2.4.2;2.4.2;2.4.2;2.4.99;2.4.2;2.4.2;2.4.99;2.4.1;4.2.3;2.7.8
R10298,2.4.1;3.2.1;2.4.2;3.1.4;6.1.1;4.2.2;5.1.3;6.5.1;3.1.1;2.4.99;4.2.1;3.1.3;3.6.1;2.7.8,2.4.1;2.4.1;2.4.1;2.4.1;2.4.1;2.4.1;2.4.1;2.4.1;2.4.1;2.4.1;2.4.1;2.4.1;2.4.1;2.4.1;2.4.1;2.4.1;2.4.1;2.4.1;2.4.1;2.4.1;2.4.1;2.4.1;2.4.1;2.4.1;2.4.1;2.4.1;3.2.1;2.4.1;2.4.1;2.4.1;2.4.1;2.4.1;2.4.1;2.4.1;3.2.1;2.4.1;2.4.1;2.4.1;3.2.1;2.4.1;2.4.1;3.2.1;2.4.1;2.4.1;2.4.1;2.4.1;2.4.1;2.4.1;2.4.1;2.4.1;2.4.1;2.4.1;2.4.1;2.4.2;2.4.2;2.4.2;2.4.1;2.4.1;2.4.1;2.4.1;3.2.1;3.2.1;2.4.1
R10299,2.4.1;3.2.1;2.4.2;3.1.4;6.1.1;4.2.2;5.1.3;6.5.1;3.1.1;2.4.99;4.2.1;3.1.3;3.6.1;2.7.8,2.4.1;2.4.1;2.4.1;2.4.1;2.4.1;2.4.1;2.4.1;2.4.1;2.4.1;2.4.1;2.4.1;2.4.1;2.4.1;2.4.1;2.4.1;2.4.1;2.4.1;2.4.1;2.4.1;2.4.1;2.4.1;2.4.1;3.2.1;2.4.1;2.4.1;2.4.1;2.4.1;2.4.1;2.4.1;2.4.1;2.4.1;2.4.1;2.4.1;2.4.1;2.4.1;2.4.1;2.4.1;2.4.1;3.2.1;2.4.1;2.4.1;3.2.1;3.2.1;2.4.1;2.4.1;2.4.1;2.4.1;2.4.1;2.4.1;2.4.1;2.4.2;2.4.1;2.4.1;2.4.2;2.4.1;2.4.1;2.4.1;2.4.2;2.4.1;2.4.1
R10307,2.1.1;1.14.14;3.1.1;2.3.1;1.5.3;1.14.11;1.5.8;2.-.-;1.16.1;1.14.99;1.14.13;1.2.7;1.5.99;3.7.1,2.-.-;2.5.1;2.3.1
R10332,1.1.1;1.1.99;1.1.3;2.3.1;1.1.5;1.6.5;1.6.99;1.1.-;1.14.13;1.1.2;1.6.1;1.6.3;1.14.-;1.11.1;1.14.11;1.1.98;1.4.3;1.-.-;4.2.1;1.14.15;1.2.1;1.1.9;1.3.1,1.-.-;1.-.-
R10358,1.1.1;1.1.99;1.1.3;2.3.1;1.1.5;1.6.5;1.6.99;1.1.-;1.14.13;1.1.2;1.6.1;1.6.3;1.14.-;1.11.1;1.14.11;1.1.98;1.4.3;1.-.-;4.2.1;1.14.15;1.2.1;1.1.9;1.3.1,1.-.-;1.-.-
R10448,2.1.1;1.14.14;3.1.1;2.3.1;1.5.3;1.14.11;1.5.8;2.-.-;1.16.1;1.14.99;1.14.13;1.2.7;1.5.99;3.7.1,2.-.-;2.5.1;2.3.1
R10470,,
R10496,3.5.99;3.5.4;6.3.4,6.3.2;6.3.2;6.3.4;6.3.2;6.3.2;6.3.2;6.3.2;6.3.2;6.3.2;3.5.99;3.5.99;3.5.1
R10522,1.14.13;1.14.14;1.14.11;1.14.15;1.14.16;1.14.-;1.14.18;1.14.99;1.17.1;1.10.99;1.13.11;1.1.1;1.10.3;1.97.1;1.17.99;1.3.99;1.2.1;1.3.7;1.14.20;4.1.99;3.5.3;1.17.7;1.-.-;3.7.1;1.6.6;2.5.1;1.14.12;1.17.3;1.7.3;1.14.17,2.9.1
R10528,1.1.1;1.1.99;1.1.3;2.3.1;1.1.5;1.6.5;1.6.99;1.1.-;1.14.13;1.1.2;1.6.3;1.6.1;1.14.-;1.11.1;1.14.11;1.1.98;1.4.3;1.-.-;4.2.1;1.14.15;1.2.1;1.1.9;1.3.1,1.-.-;1.-.-
R10549,1.1.1;1.1.99;1.1.3;2.3.1;1.1.5;1.6.5;1.6.99;1.1.-;1.14.13;1.1.2;1.6.3;1.6.1;1.14.-;1.11.1;1.14.11;1.1.98;1.4.3;1.-.-;4.2.1;1.14.15;1.2.1;1.1.9;1.3.1,1.-.-;1.-.-
R10672,1.1.1;1.1.99;1.1.3;2.3.1;1.1.5;1.6.5;1.6.99;1.1.-;1.14.13;1.1.2;1.6.1;1.6.3;1.14.-;1.11.1;1.14.11;1.1.98;1.4.3;1.-.-;4.2.1;1.14.15;1.2.1;1.1.9;1.3.1,1.-.-;1.-.-
R10692,1.1.1;1.1.99;1.1.3;2.3.1;1.1.5;1.6.5;1.6.99;1.1.-;1.14.13;1.1.2;1.6.3;1.6.1;1.14.-;1.11.1;1.14.11;1.1.98;1.4.3;1.-.-;4.2.1;1.14.15;1.2.1;1.1.9;1.3.1,1.-.-;1.-.-
R10702,1.1.1;1.1.99;1.1.3;2.3.1;1.1.5;1.6.5;1.6.99;1.1.-;1.14.13;1.1.2;1.6.3;1.6.1;1.14.-;1.11.1;1.14.11;1.1.98;1.4.3;1.-.-;4.2.1;1.14.15;1.2.1;1.1.9;1.3.1,1.-.-;1.-.-
R10732,4.2.3;3.1.7;4.1.99,4.2.3;4.2.3;4.2.3;4.2.3;4.2.3;4.2.3;4.2.3;4.2.3;4.2.3;4.2.3;4.2.3;4.2.3;4.2.3;4.2.3;4.2.3;4.1.99;4.2.3;4.2.3;4.2.3;4.2.3;4.2.3;4.2.3;4.2.3;4.2.3;4.2.3;4.2.3;4.2.3;4.2.3;4.2.3;4.2.3;4.2.3;4.2.3;4.2.3;4.2.3;4.2.3;4.2.3;4.2.3;3.1.7;5.5.1;5.5.1;5.5.1;5.5.1
R10817,,5.-.-;1.1.1;1.1.1;1.1.1;5.4.99;1.13.99
R10837,2.4.2;3.2.2;2.4.1;1.14.14;1.14.11;2.7.8;3.5.1;6.3.4;4.3.3;4.1.3;2.6.1,2.4.2;2.4.2;2.4.2;2.4.2;2.4.2;2.4.2;2.4.2;2.4.2;2.4.2;3.2.2;2.4.2;3.2.2;2.4.2;2.4.2;2.4.2;2.4.2;2.4.2;2.4.2;2.4.2;2.4.2;2.4.2;2.4.2;2.4.2;2.4.2;2.4.2;2.4.2;2.4.2;2.4.2;3.2.2;1.14.14;2.4.2;2.4.2;2.4.2;2.4.2;2.4.2;2.4.2;2.4.2;3.2.2;2.4.2;2.4.2;2.4.1;2.4.1;2.4.2
R10844,1.13.11;1.14.99;1.13.-;1.14.13;3.7.1;2.8.1;1.8.1;1.8.99;1.8.7,1.13.11;1.13.11;1.13.11;1.13.11
R10847,,1.2.1;3.1.1;4.2.1;4.2.1;4.2.1;4.2.1;4.2.1;4.2.1;4.2.1;4.2.1;1.1.1;1.1.1;4.2.1;3.1.1;5.3.1;5.3.1;5.3.1;3.1.1;5.3.1;5.3.1;5.3.1;5.3.1;5.3.1;5.3.2;1.1.1;1.1.1;3.5.-;5.3.1;5.3.1;5.3.3;5.3.3;4.2.1;4.2.1;4.2.1;4.2.1;4.2.1;4.2.1;4.2.1;4.2.1;4.2.1;1.1.1;1.1.1;1.1.1;1.1.1;4.2.1;1.1.1;1.1.1;3.1.1;3.1.1;5.3.2;4.2.1;4.2.1;5.3.3;4.2.1;3.1.1;3.1.1;4.2.1;4.2.1;4.2.1;5.3.2;3.1.1;3.1.1;3.1.1;1.1.99;5.3.1;5.5.1;3.1.1;5.5.1;1.1.1;1.1.1;1.1.1;1.1.1;4.2.1;4.2.1;1.1.1;4.2.3;1.1.1;5.3.1;1.1.1;4.1.1
R10849,2.7.1;3.1.3;3.6.1;2.7.8;2.7.4;2.7.7;3.6.3;2.7.11;3.1.4;2.7.2;2.7.6;2.7.3;3.6.4;3.1.7;4.6.1;2.7.9;3.6.5;3.2.1;2.7.12;2.7.13;2.6.-;2.7.-;4.1.1;2.7.10;1.3.7;1.18.6;4.2.3;3.1.5;2.7.99;2.4.1;5.1.3;1.19.6;3.-.-,2.7.8;3.1.4;2.7.8;2.7.-;2.7.1;2.7.8;2.7.8;2.7.8;2.7.8;3.1.4;3.1.3;2.7.8;2.7.1;3.1.4;2.7.8;2.7.8;2.7.8;3.1.4;3.1.4;3.1.3
R10850,2.4.1;3.2.1;2.4.2;3.1.4;6.1.1;4.2.2;5.1.3;6.5.1;3.1.1;2.4.99;4.2.1;3.1.3;3.6.1;2.7.8;4.3.3,2.4.1;2.4.1;2.4.1;2.4.1;2.4.1;2.4.2;2.4.1;2.4.1;2.4.1;2.4.1;2.4.1;2.4.1;2.4.1;2.4.1;2.4.2;2.4.1;2.4.1;2.4.1;2.4.1;2.4.1;2.4.2;2.4.1;3.6.1;2.4.2;2.4.2;2.4.2;2.4.99;2.4.2;2.4.99;2.4.2;2.4.1;4.2.3;2.7.8
R10851,1.1.1;1.1.99;1.1.3;2.3.1;1.1.5;1.6.5;1.6.99;1.1.-;1.14.13;1.1.2;1.6.3;1.6.1;1.14.-;1.11.1;1.14.11;1.1.98;1.4.3;1.-.-;4.2.1;1.14.15;1.2.1;1.1.9;1.3.1,1.-.-;1.-.-
R10857,,
R10869,,
R10887,4.1.1;6.4.1;2.1.3;1.3.8;1.1.1,4.1.1;4.1.1;4.1.1;5.1.1;4.1.1;1.1.1;4.1.1;4.1.1;4.1.1;5.1.1;4.1.1;5.1.1;4.1.1
R10892,,
R10929,,
R10940,3.5.1;2.3.1;6.3.2;2.3.2;6.3.1;6.3.4;3.4.13;2.1.3;3.4.11;6.2.1;3.1.1;3.4.19;2.1.2;6.3.5;3.1.2;3.4.17;3.5.4;1.2.1;3.5.3;4.3.2;2.7.7;2.3.3;1.2.99;6.1.1;2.3.-;3.4.15;1.2.7;1.4.1;4.3.3;1.4.7;3.5.5;3.7.1,3.5.1;3.5.1;2.1.3;3.5.1;3.5.1;3.5.1;2.3.1;2.1.3;3.5.1;2.1.3;2.1.3;2.3.1;3.5.1;3.5.1;2.3.1;6.3.2;2.3.1;3.5.1;3.5.1;3.5.1;2.3.2;2.3.1;6.3.2;2.3.2;2.3.2;2.3.2;2.3.2;3.4.15;6.3.2;2.3.1;6.3.2;6.3.2;6.3.4;2.3.1;6.3.2;3.5.1;2.3.1;3.5.1;3.5.3;2.3.1;2.1.4;2.3.1;6.3.2;2.1.2;2.1.2;3.5.1;2.3.2;3.5.3;1.5.1;6.3.2;3.4.13;3.5.1;3.4.13;1.5.1;2.3.2;6.3.2;3.4.13
R10959,2.1.1;1.14.14;3.1.1;2.3.1;1.5.3;1.14.11;1.5.8;2.-.-;1.16.1;1.14.99;1.14.13;1.2.7;1.5.99;3.7.1,2.-.-;2.5.1;2.3.1
R10974,4.1.1;6.4.1;1.1.1;2.1.3;1.14.13;3.1.1;1.3.8,4.1.1
R11008,1.1.1;1.1.99;1.1.3;2.3.1;1.1.5;1.6.5;1.6.99;1.1.-;1.14.13;1.1.2;1.6.3;1.6.1;1.14.-;1.11.1;1.14.11;1.1.98;1.4.3;1.-.-;4.2.1;1.14.15;1.2.1;1.1.9;1.3.1,1.-.-;1.-.-
R11020,2.1.1;1.14.14;3.1.1;2.3.1;1.5.3;1.14.11;1.5.8;2.-.-;1.16.1;1.14.99;1.14.13;1.2.7;1.5.99;3.7.1,2.-.-;2.5.1;2.3.1
R11045,2.1.1;1.14.14;3.1.1;2.3.1;1.5.3;1.14.11;1.5.8;2.-.-;1.16.1;1.14.99;1.14.13;1.2.7;1.5.99;3.7.1,2.5.1;2.3.1
R11052,1.13.11;1.14.99;1.13.-;1.14.13;3.7.1;2.8.1;1.8.1;1.8.99;1.8.7,1.13.11;1.13.11;1.13.11;1.13.11
R11072,,3.5.4;3.5.4;5.3.1;1.17.4;1.17.4;3.5.-;1.17.4;1.17.4;1.17.4;1.17.4;5.3.1;2.6.1;1.17.4;2.6.1;2.6.1;1.17.4;1.17.1;2.6.1;2.-.-;1.17.4;2.6.1;2.6.1;2.6.1;2.6.1;1.14.11;5.3.1;2.6.1;2.6.1;5.3.1;5.3.1;5.3.1;5.3.1;5.3.1;2.6.1;4.3.1;1.5.4
R11094,3.5.4;6.3.5;6.3.4;3.5.99;2.1.2,3.5.4;3.5.4;3.5.4;6.3.5;6.3.5;3.5.4;1.1.1;1.1.1;1.7.1;3.5.4;3.5.4;3.5.4;6.3.4;1.17.1;1.17.1;1.17.3;1.17.3;1.17.3;1.17.3;1.14.14;3.5.4;3.5.4;3.5.4;3.5.4;3.5.4;2.4.2;3.5.4;3.5.4;3.5.4
R11103,2.3.1;6.2.1;3.1.1;3.1.2;1.2.1;6.1.1;2.3.3;2.3.2;3.5.1;1.2.7;3.7.1;3.2.1;2.1.3;1.2.4;1.8.1;1.1.1;4.1.3;2.3.-;2.8.3;2.5.1;4.4.1;2.1.1;1.-.-;1.2.3;2.6.1;6.1.2;3.5.3;6.3.1;6.3.4;2.1.2;2.2.1;6.3.2;3.4.11,2.3.1;2.3.1;2.3.1;1.2.7;1.2.7;1.2.1;6.2.1;2.3.1;2.3.2;6.2.1;2.3.1;2.3.1;2.3.1;1.2.1;2.3.1;2.3.1;6.2.1;2.3.1;3.1.2;1.2.7;1.1.1;2.3.1;2.3.1;2.3.1;1.2.4;1.2.1;1.2.1;2.3.1;2.3.1;3.1.2;2.3.1;2.3.1;1.2.1;2.3.1;2.3.1;2.3.1;2.3.1;1.1.1;2.3.1
R11107,1.1.1;1.1.99;1.1.3;2.3.1;1.1.5;1.6.5;1.6.99;1.1.-;1.14.13;1.1.2;1.6.3;1.6.1;1.14.-;1.11.1;1.14.11;1.1.98;1.4.3;1.-.-;4.2.1;1.14.15;1.2.1;1.1.9;1.3.1,1.-.-;1.-.-
R11119,1.4.1;1.4.3;2.6.1;4.3.1;1.4.99;1.5.3;1.4.5;3.5.1;1.21.4;4.2.1,1.4.1;1.4.3
R11156,1.1.1;1.1.99;1.1.3;2.3.1;1.1.5;1.6.5;1.6.99;1.1.-;1.14.13;1.1.2;1.6.1;1.6.3;1.14.-;1.11.1;1.14.11;1.1.98;1.4.3;1.-.-;4.2.1;1.14.15;1.2.1;1.1.9;1.3.1,1.-.-;1.-.-
R11173,2.7.1;3.1.3;3.6.1;2.7.8;2.7.4;2.7.7;3.6.3;2.7.11;3.1.4;2.7.2;2.7.6;2.7.3;3.6.4;3.1.7;4.6.1;2.7.9;3.6.5;3.2.1;2.7.12;2.7.13;2.6.-;2.7.-;4.1.1;2.7.10;1.3.7;1.18.6;4.2.3;2.7.99;3.1.5;2.4.1;5.1.3;1.19.6;3.-.-,2.7.1;3.1.3;2.7.1;2.7.1;2.7.1;3.1.3;2.7.1;2.7.1;2.7.1;2.7.1;2.7.1;2.7.1;3.1.3;3.1.3;2.7.1;2.7.1;2.7.1;2.7.1;2.7.1;2.7.1;2.7.1;2.7.1;2.7.1;2.7.1;2.7.1;2.7.1;2.7.1;2.7.1;2.7.1;2.7.1;2.7.1;2.7.1;2.7.1;2.7.1;2.7.1;2.7.1;2.7.1;2.7.8;2.7.1;2.7.1;2.7.1;2.7.1;2.7.1;2.7.1;2.7.1;2.7.1;2.7.1;2.7.1;2.7.1;2.7.1;2.7.7;2.7.1;2.7.1;3.1.5
R11197,1.14.13;1.14.14;1.14.11;1.14.15;1.14.16;1.14.99;1.14.-;1.14.18;1.17.1;1.1.1;1.13.11;1.10.99;1.10.3;1.97.1;3.5.3;3.7.1;1.6.6;1.17.99;1.2.1;1.3.99;1.3.7;1.14.20;4.1.99;1.-.-;1.14.12;1.17.3;1.7.3;1.14.17;1.17.7,1.14.13;1.14.13;1.14.13;4.1.1;1.14.13;4.1.1;1.14.13;1.14.12;1.14.12;4.1.1;1.14.13;4.1.1;1.14.14;4.1.1;1.14.13;1.14.13;5.4.99;1.14.13;1.14.13;1.14.13;1.14.13;1.14.13;1.14.13;1.14.13;1.14.13;1.14.13;1.14.13;1.14.14;1.10.3;1.14.13;2.5.1;1.14.13;1.14.13;1.14.13;1.14.13;1.14.13;1.14.13;1.14.13;1.14.13;1.14.13;1.14.14;1.14.13;1.14.13;1.14.13;1.14.13;1.14.13;1.14.13;1.14.13;1.14.13;1.14.13;2.5.1;1.14.13;1.14.13;1.14.13;1.14.13;1.14.13;1.14.13;1.14.13;3.8.1;3.8.1;4.1.1;1.14.13;1.14.13;1.14.16;1.14.13;1.14.13;1.14.13;1.3.7;1.14.13;1.14.16;1.14.13;1.14.14;1.14.16
R11205,2.7.1;3.1.3;3.6.1;2.7.8;2.7.4;2.7.7;3.6.3;2.7.11;3.1.4;2.7.2;2.7.6;2.7.3;3.6.4;3.1.7;4.6.1;2.7.9;3.6.5;3.2.1;2.7.12;2.7.13;2.6.-;2.7.-;4.1.1;2.7.10;1.3.7;1.18.6;4.2.3;3.1.5;2.7.99;2.4.1;5.1.3;1.19.6;3.-.-,2.7.-;2.7.8;3.1.4;2.7.8;2.7.8;2.7.8;2.7.1;2.7.8;2.7.8;2.7.8;3.1.3;2.7.8;2.7.1;3.1.4;2.7.8;2.7.8;3.1.3
R11217,2.1.1;1.14.14;3.1.1;2.3.1;1.5.3;1.14.11;1.5.8;2.-.-;1.16.1;1.14.99;1.14.13;1.2.7;1.5.99;3.7.1,2.-.-;2.5.1;2.3.1
R11310,5.4.2,2.7.1;3.1.3;2.7.1;2.7.1;3.1.3;3.1.3;3.1.3;2.7.1;2.7.1;2.7.1;2.7.1;2.7.1;3.1.3;2.7.1;2.7.1;2.7.1;2.7.1;2.7.1;2.7.1;2.7.1;2.7.1;2.7.1;2.7.1;3.1.3;2.7.1;2.7.1;2.7.1;2.7.1;2.7.1;2.7.1;2.7.1;3.1.3;2.7.1;2.7.1;2.7.1;2.7.1;2.7.1;2.7.1;3.1.3;2.7.1;2.7.1;2.7.1;2.7.1;2.7.1;2.7.1;2.7.1;2.7.1;2.7.1;3.1.3;2.7.1;2.7.1;2.7.1;2.7.1;2.7.1;3.1.3;2.7.1;2.7.1;2.7.8;3.1.3;2.7.1;2.7.1;2.7.1;2.7.1;3.1.3;2.7.1;2.7.1;2.7.1;2.7.1;2.7.1;2.7.1;3.1.3;3.1.3;3.1.3;2.7.8;3.1.3;3.1.3;2.7.1;2.7.1;3.1.3;2.7.1;2.7.1;2.7.1;2.7.1;2.4.1;2.7.1;2.7.1;2.7.1;2.7.1;2.7.6;2.7.1;3.1.3;2.7.1;2.7.1;2.7.1;2.7.7;2.7.1;2.7.1;3.6.1;2.7.7;3.1.7;2.7.7;2.7.7;2.7.7;2.7.7;2.7.1;2.7.1;3.1.5;2.7.6;2.7.1;2.7.1;2.7.1
R11335,1.10.3;1.6.5;1.10.2;1.14.18;1.1.3;1.12.5,1.1.5;1.8.5;1.14.13;1.10.9;1.14.13;1.14.13;1.10.9;2.1.1;1.14.18;1.10.3
R11338,1.1.1;1.1.99;1.1.3;1.1.-;2.3.1;1.14.13;1.1.5;1.1.2;1.14.-;1.14.11;1.1.98;1.4.3;1.14.15;4.2.1;1.-.-;1.2.1;1.1.9;1.3.1;5.3.3,1.1.1;1.1.1;1.1.1;1.1.1;4.2.1;1.1.1;1.1.1;1.1.1;1.1.1;1.1.1;1.1.1;1.1.1;1.1.1;1.1.2;1.1.1;1.1.1;1.1.1;4.3.1;1.14.13;1.1.1;4.1.2
R11351,1.2.1;1.2.3;1.2.99;1.14.13;1.2.-;1.1.1;1.1.3;1.2.7;1.14.99;1.5.1;1.14.14;1.14.11;1.17.1;1.1.-;1.5.99;1.2.2,3.5.1;1.2.1;1.2.1;1.2.1;1.2.1;1.2.1;1.2.1;1.2.1;1.2.1;1.2.1;1.2.1;1.2.1;1.2.1;3.5.1;1.2.1;1.2.1;1.2.1;1.2.1;1.2.1;1.2.1;1.5.1;1.2.1;3.5.1;3.7.1
R11367,3.1.2;6.2.1;2.8.3;2.3.1;3.2.1,2.8.3;2.8.3;2.8.3
R11368,1.97.1;1.11.1;1.22.1;2.5.1;1.14.14;1.3.1,1.11.1;2.5.1;1.11.1;2.5.1;2.5.1;1.14.13;3.8.1;3.8.1;1.14.13;1.14.13;2.5.1;1.14.14
R11393,1.97.1;2.5.1;1.11.1;1.22.1;1.3.1;1.14.14,1.11.1;2.5.1;1.11.1;2.5.1;2.5.1;1.14.13;3.5.99;1.14.13;3.8.1;3.8.1;1.14.13;2.5.1;3.8.1;1.14.14;1.14.13
R11462,3.1.2;6.2.1;2.8.3;2.3.1;3.2.1,6.2.1;2.8.3;6.2.1;6.2.1;2.8.3;3.1.2;3.1.2;2.8.3;2.8.3;6.2.1;2.8.3;2.8.3;2.8.3;3.1.2;3.1.2;3.1.2;6.2.1;3.1.2;6.2.1;3.1.2;2.3.3;6.2.1;3.1.2;2.3.1;3.1.2;6.2.1;3.1.2;6.2.1;6.2.1;2.8.3;3.1.2;6.2.1;6.2.1;3.1.2;3.1.2;6.2.1;2.3.3
R11487,1.14.13;1.14.14;1.14.11;1.14.99;1.14.15;1.14.-;1.17.4;1.14.18;1.17.1;1.14.16;1.14.12;1.7.1;1.17.99;1.5.99;1.1.1;1.1.4;1.10.99;1.3.99;1.97.1;1.10.3;1.13.11;1.17.2;2.6.3;1.6.6;1.14.17;1.7.2;1.17.3;1.7.3;3.7.1;1.3.7;1.14.20;1.8.99;1.4.-;1.1.-;4.1.99;1.-.-;1.17.7;1.1.99;1.17.-;1.13.12;3.8.1;2.1.1;1.5.1;3.5.99,1.8.-;2.3.3;1.14.11
R11495,4.5.1,1.6.5;1.10.3;1.6.5;2.5.1;1.13.11;1.3.1;1.14.12;1.14.12;1.3.1;1.3.1;1.3.1;1.14.12;1.14.-;1.14.12;1.14.12;1.3.1;4.1.1;1.5.1;1.14.14;1.14.14;4.1.1;1.14.13;1.14.14;1.14.14;1.14.14;1.14.12;1.3.1;1.14.14;1.14.14;1.14.-;1.14.-;1.14.13;1.14.13;1.14.11;1.3.1;1.1.5;1.14.11;1.3.1;1.14.11;1.3.1;1.14.11;1.3.1;1.14.11;1.14.11;1.14.11;1.3.1;1.14.11;1.14.11;1.3.1;1.3.1;4.2.1;1.14.11;4.2.1;4.2.1
R11508,1.14.-;1.14.13;1.14.14;1.14.15;1.14.12;4.1.99;1.14.11;4.1.1;1.-.-,4.1.1;4.1.99;4.1.1;1.1.1;4.1.3;4.1.3;1.1.1
R11521,2.1.1;1.14.14;3.1.1;2.3.1;1.5.3;1.14.11;1.5.8;2.-.-;1.16.1;1.14.99;1.14.13;1.2.7;1.5.99;3.7.1,2.-.-;2.5.1;2.3.1
R11534,2.1.1;1.14.14;3.1.1;2.3.1;1.5.3;1.14.11;1.5.8;2.-.-;1.14.13;1.16.1;1.14.99;1.5.99;1.2.7;3.7.1,2.1.1;2.1.1;2.1.1;1.14.14;2.1.1;1.14.14;2.1.1;2.1.1;2.1.1;2.1.1;2.1.1;1.14.14;2.1.1;2.-.-
R11555,,
R11582,,
R11589,2.3.1;6.2.1;3.1.1;3.1.2;1.2.1;6.1.1;2.3.3;2.3.2;3.5.1;1.2.7;3.7.1;3.2.1;2.1.3;1.2.4;1.8.1;1.1.1;4.1.3;2.3.-;2.5.1;2.8.3;4.4.1;2.1.1;1.-.-;1.2.3;2.6.1;6.1.2;3.5.3;6.3.1;6.3.4;2.1.2;2.2.1;6.3.2;3.4.11,2.3.1;2.3.1;2.3.1;2.3.1;2.3.1;2.3.1;2.3.1;2.3.1;2.3.1;2.3.1;2.3.1;2.3.1;2.3.1;2.3.1;2.3.1;2.3.1;2.3.1;2.3.1;2.3.1;2.3.1;1.2.4;2.3.1;2.3.1;2.3.1;2.3.1;2.3.1
R11591,1.1.1;1.1.2;1.1.99;1.1.5;1.1.3;1.1.-;2.3.1,1.1.1;1.1.1;1.1.1;1.1.1;1.1.1;5.3.1;1.1.1;1.1.99;1.1.1;1.1.1;1.1.1;1.1.1;1.1.1;4.2.1;4.2.1;1.1.1;4.2.1;1.1.1
R11601,2.4.1;3.2.1;2.4.2;3.1.4;6.1.1;4.2.2;5.1.3;6.5.1;3.1.1;2.4.99;4.2.1;3.1.3;3.6.1;2.7.8;4.3.3,2.4.1;2.4.1;2.4.1;2.4.1;2.4.1;2.4.2;2.4.1;2.4.1;2.4.1;2.4.1;2.4.1;2.4.1;2.4.1;2.4.1;2.4.1;2.4.2;2.4.1;2.4.1;2.4.1;2.4.1;2.4.1;2.4.2;3.6.1;2.4.2;2.4.2;2.4.2;2.4.99;2.4.2;2.4.99;2.4.2;2.4.1;4.2.3;2.7.8
R11616,,
R11620,1.1.1;1.1.99;1.1.3;2.3.1;1.14.13;1.1.5;1.1.-;1.1.2;5.3.3;1.14.11;1.14.-;1.4.3;1.1.98;1.-.-;1.6.5;1.6.99;1.2.1;5.1.3;4.2.1;1.14.15;1.1.9;1.3.1;1.14.12;1.6.3;1.6.1;6.4.1;5.4.99;1.11.1;4.1.1,1.1.1;1.1.1;1.1.1;1.1.1;1.1.99;1.1.1;1.1.1;1.1.1;1.1.1;1.1.1;1.1.1;1.1.1;1.1.1;2.2.1;1.1.1;1.1.1;1.1.1
R11724,1.1.1;1.1.3;1.1.99;1.14.13;2.3.1;1.1.-;1.1.2;1.1.5;5.3.3;1.14.11;1.23.1;1.14.14;1.14.-;1.14.15;1.2.1;1.-.-;1.4.3;1.1.98;1.3.1;4.2.1;1.10.1;1.14.12;1.1.9;1.14.19;1.6.5;1.5.3;1.6.99;5.4.99;1.6.1;1.6.3;1.11.1,1.1.1;1.1.1;1.1.1;1.1.1;1.1.1;1.1.1;5.3.1;1.1.1
R11776,1.1.1;1.1.99;1.1.3;2.3.1;1.14.13;1.1.5;1.1.-;1.1.2;5.3.3;1.14.11;1.14.-;1.1.98;1.4.3;1.-.-;1.6.5;1.6.99;1.2.1;5.1.3;4.2.1;1.14.15;1.1.9;1.3.1;1.6.1;1.6.3;1.14.12;6.4.1;5.4.99;1.11.1;4.1.1,1.1.1;1.1.1;1.1.1;1.1.1;1.1.1;1.1.1;1.1.1;1.1.1;1.1.1;1.14.15;1.14.15;1.1.1;1.1.1;1.1.1;1.1.1;1.1.1;1.1.1;1.1.1;1.1.1;1.1.1;1.1.1;1.1.1;1.1.1;1.1.1;1.1.1;1.1.1;1.1.1;1.1.1;1.1.1;1.1.1;1.1.1;1.1.1;1.1.1;1.1.1;1.1.1;1.1.1;1.1.1;1.1.1;1.1.1;1.1.1
R11792,6.3.2;3.5.1;2.3.1;2.3.2;3.4.13;6.3.1;6.3.4;3.4.11;3.4.19;3.4.17;2.1.3;3.1.1;6.2.1;3.4.15;3.5.3;2.3.-;3.4.22;3.4.24;4.3.2;2.7.7;6.1.1;3.1.2;1.2.1,2.3.2;2.3.2;2.3.2;2.3.2;3.5.1;6.3.1;2.3.2;6.2.1;2.3.2;2.3.2;6.3.2;2.3.2;6.3.2;3.4.19;6.3.2
R11834,,4.2.3;4.2.3;4.2.3;4.2.3;4.2.3;4.2.3;4.2.3;4.2.3;4.1.99;4.2.3;4.2.3;4.2.3;4.2.3;4.2.3;4.2.3;4.2.3;4.2.3;4.2.3;4.2.3;4.2.3;4.2.3;4.2.3;4.2.3;4.2.3;4.2.3;4.2.3;4.2.3;4.2.3;4.2.3;4.2.3;4.2.3;4.2.3;4.2.3;4.2.3;4.2.3;4.2.3;4.2.3;4.2.1
R11857,,1.14.13;1.14.13;4.1.99;3.7.1;5.4.1;5.4.1;5.5.1;1.14.13;1.14.13;2.1.1;4.2.3;2.1.1;4.2.3;4.2.3;2.1.1;4.2.3;4.2.3;4.2.3;4.2.3;2.1.1;4.2.3;4.2.3;2.1.1;4.2.3;1.14.13;1.10.99;1.14.20;5.3.3
R11860,4.2.3;4.1.99;3.1.7,4.2.3;4.2.3;4.2.3;4.2.3;4.2.3;4.2.3;4.2.3;4.2.3;2.1.1;2.1.1;1.3.1;4.2.1
R11877,1.1.1;1.1.99;1.1.3;2.3.1;1.1.5;1.14.13;1.1.-;1.1.2;1.14.11;1.14.-;1.4.3;1.1.98;5.3.3;1.-.-;1.2.1;1.14.15;4.2.1;1.1.9;1.3.1;1.14.12;1.6.5;1.6.99;5.1.3;1.6.3;1.6.1;6.4.1;5.4.99;1.11.1,1.1.1;1.1.1;1.1.1;1.1.1;1.1.1;1.1.1;1.1.1;1.1.1;1.1.1;1.1.1;1.1.1
R11903,3.5.1;2.3.1;6.3.2;6.3.1;6.3.4;2.3.2;6.3.5;2.1.2;3.4.13;2.1.3;3.4.11;3.5.4;3.4.19;1.4.1;4.3.3;6.2.1;1.4.7;1.2.99;3.5.5;3.1.1;4.3.2;3.5.3;4.2.1;4.3.1;2.6.1;2.4.2;4.1.3,3.5.1;2.3.1;3.5.1;1.2.5;3.5.1;3.5.1;2.8.3;3.5.1;6.3.5;3.5.1;3.5.1;6.2.1;3.5.1;3.5.1;3.5.1;3.5.1;1.4.1;3.5.1;3.5.1;6.3.2;3.4.11;3.7.1;3.5.1;3.5.1;3.4.11
R11911,2.6.1;1.4.3;1.5.3;1.4.1;1.5.1;1.14.14;1.4.9;1.5.99;1.14.15;1.4.2;1.4.99;1.13.12;1.14.11;1.11.1;1.13.11;1.4.7;2.1.1;3.5.1;4.1.1,1.5.1;1.5.1;2.6.1;2.6.1;2.6.1;1.5.3;1.5.3;2.6.1;1.5.3;1.5.1
R11917,5.1.3;1.1.1;5.3.1;5.-.-,5.1.3;5.1.3;5.1.3;5.1.3;3.2.1
R11932,4.1.1;6.4.1;2.1.3;1.3.8;1.1.1,4.1.1;4.1.1;4.1.1;4.1.1;4.1.1;4.1.1
R11953,2.1.1;1.14.14;3.1.1;2.3.1;1.5.3;1.14.11;1.5.8;2.-.-;1.16.1;1.14.99;1.14.13;1.2.7;1.5.99;3.7.1,2.-.-
R11997,2.4.1;3.2.1;2.4.2;3.1.4;6.1.1;4.2.2;5.1.3;6.5.1;3.1.1;2.4.99;4.2.1;3.1.3;3.6.1;2.7.8;4.3.3,2.4.2;2.4.2;2.4.2;2.4.1;2.4.1;2.4.99;2.4.1;2.4.1;2.4.1;2.4.1;2.4.1;2.4.1;2.4.1;2.4.1
R12038,,
R12052,1.14.13;1.14.14;1.14.11;1.14.15;1.14.16;1.14.99;1.14.-;1.14.18;1.17.1;1.1.1;1.13.11;1.10.99;1.10.3;1.97.1;3.5.3;3.7.1;1.6.6;1.17.99;1.2.1;1.3.99;1.3.7;1.14.20;4.1.99;1.-.-;1.14.12;1.17.3;1.7.3;1.14.17;1.17.7,1.14.13;2.5.1;2.5.1;1.3.1;5.5.1;5.5.1;4.2.1;5.5.1;1.14.14;1.14.14;4.2.1;1.14.14;1.14.14;5.5.1;5.5.1;1.14.14;1.14.14;4.2.1
R12080,,
R12152,4.1.3;2.4.2;3.2.2;2.3.3;2.4.1;2.3.1;4.2.99;1.14.14;2.7.8;1.14.11;4.1.1;4.3.3;3.3.2,2.4.2
R12236,1.3.1;1.3.8;1.3.99;1.3.3;2.3.1;1.1.-;1.14.12;1.3.7;1.3.5;1.3.98;2.5.1,1.3.1;4.2.1;1.3.1;1.3.1;1.3.1;1.3.1;2.3.1;1.3.8;1.3.1;4.2.1;1.3.1;4.2.1;4.2.1;4.2.1;1.3.1;1.3.8;4.2.1;4.2.1;4.2.1;1.3.1;2.3.1;4.2.1;1.3.8;4.2.1;4.2.1;1.3.8;1.3.99;1.3.1
R12241,2.3.1;6.2.1;3.1.1;3.1.2;1.2.1;6.1.1;2.3.3;2.3.2;3.5.1;1.2.7;3.7.1;3.2.1;2.1.3;1.2.4;1.8.1;1.1.1;4.1.3;2.5.1;2.3.-;2.8.3;4.4.1;2.1.1;1.-.-;1.2.3;6.1.2;3.5.3;2.6.1;6.3.1;6.3.4;6.3.2;2.1.2;2.2.1;3.4.11,2.3.1;3.1.1;3.1.1;2.3.1;3.1.1;2.3.1;3.1.1;3.1.1;2.3.1;6.1.1;3.1.1;2.3.1;2.3.1;2.3.1;2.3.1;2.3.1;2.3.1
R12286,,4.2.1;4.2.1;4.2.1;4.2.1;4.2.1;4.2.1;4.2.1;4.2.1;1.3.99;4.2.1;1.3.99;1.3.99;1.3.99;1.3.5;1.3.5;1.3.8;1.14.99;1.3.5;1.3.5;1.3.8;5.5.1;5.5.1;1.3.5;5.5.1;5.5.1;1.3.5;1.3.8;1.3.5;5.5.1;5.5.1;5.5.1;1.3.5;5.5.1;1.3.5;1.3.99;1.3.8;1.10.99;1.10.99;5.3.99;5.3.99
R12359,1.14.13;1.14.14;1.14.11;1.14.15;1.14.16;1.14.18;1.14.-;1.14.99;1.17.1;1.1.1;1.13.11;1.10.99;1.10.3;1.97.1;3.5.3;1.2.1;1.17.99;1.3.99;1.3.7;1.14.20;4.1.99;3.7.1;1.6.6;1.-.-;1.14.12;1.17.3;1.7.3;1.14.17;1.17.7,1.14.13;1.14.13
R12391,2.3.1;6.2.1;3.1.1;3.1.2;1.2.1;6.1.1;2.3.2;2.3.3;1.2.7;3.5.1;3.7.1;3.2.1;2.1.3;1.2.4;1.8.1;1.1.1;1.-.-;4.1.3;2.3.-;2.5.1;2.8.3;4.4.1;2.1.1;6.1.2;1.2.3;2.6.1;3.5.3;6.3.2;6.3.1;6.3.4,6.1.1;6.1.1;2.3.2;6.1.1;6.1.1;6.1.1;6.1.1;6.1.1;6.1.1;2.3.2;6.1.1;6.1.1;6.1.1;1.2.1;6.1.1;6.1.1;6.1.1;6.1.1;6.1.1;6.1.1;6.1.1;6.1.1;6.1.1;6.1.1;2.3.1;6.1.1;6.1.1;2.3.1;3.2.1;2.1.3;2.3.1;2.3.1;2.3.1;2.3.1;2.3.1;2.3.1;2.3.1;2.3.1;2.3.1;2.3.1;2.3.1;2.3.1;2.3.1;1.-.-;2.3.1;2.3.1;2.3.1;2.3.1;2.3.1
R12420,,2.4.1;3.2.-
R12466,2.3.1;6.2.1;3.1.1;3.1.2;1.2.1;6.1.1;2.3.3;2.3.2;3.5.1;1.2.7;3.7.1;3.2.1;1.2.4;1.8.1;2.1.3;1.1.1;4.1.3;2.3.-;2.8.3;2.5.1;4.4.1;2.1.1;1.-.-;1.2.3;2.6.1;6.1.2;3.5.3;6.3.1;6.3.4;2.1.2;2.2.1;6.3.2;3.4.11,2.3.-;3.1.2;2.3.1;3.1.2;3.1.2;2.3.1;3.1.2;2.3.1;2.3.1;3.1.2;2.3.1;3.1.2;3.1.2;2.3.1;2.3.1;2.3.1;3.1.2;2.3.1;3.1.2;2.3.1;3.1.2;2.3.1;2.3.1;2.3.1;2.3.1;3.1.2
R12481,1.1.1;1.1.99;5.1.3;1.1.3;5.1.1;1.14.13;1.3.1;2.3.1;5.3.3;1.3.99;1.1.-;1.1.2;1.1.5;5.1.99;1.14.19;1.14.11;1.10.3;5.1.2;1.6.5;1.2.1;1.11.1;1.14.99;1.14.18;1.23.1;1.3.8;5.2.1;1.3.-;1.14.14;1.14.-;1.14.15;1.5.1;1.3.5;1.4.3;1.-.-;1.7.2;1.1.98;1.1.4;1.3.3;4.1.1;5.3.1;1.3.7;1.12.98;1.14.12;1.7.1;4.2.1;1.13.11;1.2.99;1.16.1;1.18.6;1.7.99;5.-.-;1.10.1;1.9.3;1.12.5;5.1.-;1.16.8;1.16.3;1.12.2;1.1.9;1.10.2;1.2.2,1.3.1
R12488,4.2.1;2.3.1;1.14.11;1.17.1;4.1.2;3.5.5;4.3.1;4.1.1;3.2.-;5.4.4;3.5.1;3.5.4;2.8.1;4.3.3,1.3.8;1.3.99;4.2.1;4.2.1;1.14.12;4.3.1;1.3.1;1.1.1;4.3.1;5.3.2;1.1.1;5.3.2;1.3.99
R12494,3.1.2;6.2.1;2.8.3;2.3.1;3.2.1,6.2.1;3.1.2;3.1.2;3.1.2;3.1.2;3.1.2;3.1.2;3.1.2;3.1.2;6.2.1;3.1.2;3.1.2;3.1.2;2.3.1;3.1.2;3.1.2;3.1.2;3.1.2;6.2.1;3.1.2;6.2.1;2.8.3;6.2.1;6.2.1;6.2.1;6.2.1;3.1.2;2.8.3;2.8.3;3.1.2;2.8.3;2.8.3;3.1.2;3.1.2;3.1.2;2.8.3
R12585,1.13.12;2.1.1;1.14.13;1.14.14;1.11.1,1.13.12
R12636,2.4.99;3.2.1;2.4.1;3.1.4,2.4.99;3.6.1;2.4.1;2.4.1;2.4.1;2.4.1;2.4.2;2.4.1;2.4.1;2.4.1;2.4.1;2.4.1;2.4.2;2.4.1;2.4.1;2.4.1;2.4.1;2.4.1;2.4.1;2.4.1;4.2.3;2.4.1;2.4.1;2.4.1;2.4.2;2.4.2;2.4.2;2.4.2;2.4.2;2.4.99;2.4.1
R12672,2.7.1;3.1.3;3.6.1;2.7.8;2.7.4;2.7.7;3.6.3;2.7.11;3.1.4;2.7.2;2.7.6;2.7.3;3.6.4;3.1.7;4.6.1;2.7.9;3.6.5;3.2.1;2.7.12;2.7.13;2.6.-;2.7.-;4.1.1;2.7.10;1.3.7;1.18.6;4.2.3;2.7.99;3.1.5;2.4.1;5.1.3;1.19.6;3.-.-,3.1.7;2.7.1;2.7.6;2.7.6;3.1.3
R12718,1.1.1;1.1.3;1.1.99;1.14.13;2.3.1;1.1.-;1.1.2;1.1.5;5.3.3;1.14.11;1.23.1;1.14.14;1.14.-;1.14.15;1.2.1;1.-.-;1.4.3;1.1.98;1.3.1;4.2.1;1.10.1;1.14.12;1.1.9;1.14.19;1.6.5;1.5.3;1.6.99;5.4.99;1.6.1;1.6.3;1.11.1,1.1.1;1.1.1;1.1.1;1.1.1;1.1.1;5.3.1;1.1.1;1.1.1;1.1.1;4.2.1;1.1.1
R12741,,
R12797,2.8.2;3.1.6;1.8.4;1.8.99;3.6.2;3.6.1,2.8.2
R12801,3.5.1;6.3.2;2.3.1;2.3.2;6.3.1;3.4.13;6.3.4;3.4.11;3.4.19;2.1.3;3.4.17;3.1.1;6.2.1;2.1.2;3.4.15;6.3.5;3.5.3;2.3.-;3.5.4;4.3.2;3.4.22;3.4.24;1.2.99;1.4.1;4.3.3,3.5.1;6.3.4;2.3.1;3.5.1;3.5.1;3.5.1;3.5.1;3.5.1;3.5.1
R12817,,
R12848,1.14.11;1.14.13;1.14.15;1.14.14;1.14.99;1.17.99;1.14.-;1.17.1;1.17.7;2.5.1,1.14.14;1.14.13;1.14.13;1.14.13;1.14.13;1.14.13;1.14.99;1.14.13;1.14.13;1.14.13;1.14.13;1.14.13;1.14.13;1.14.13;1.14.-;1.3.99;1.14.13;1.14.13;1.14.15;1.14.15;1.14.15;1.14.99;1.14.15;1.14.15;1.14.15;1.14.99;1.14.99;1.14.13;1.14.13;1.14.13;1.14.11;1.14.11;1.14.-;1.14.-;1.14.-;1.14.11;1.14.99;1.14.13;1.14.11;1.14.15;1.14.11;1.14.11;1.14.14;1.14.14;4.2.1;1.14.13;5.3.3;1.14.13;1.14.13;1.14.-;1.14.-;1.14.11;1.14.-;1.14.-;1.14.13;1.14.13;1.14.-;1.14.11
R12903,,
R12910,5.4.3,5.1.1;4.2.1;5.4.99;4.2.1;4.1.3;4.1.3;4.2.1;4.2.1;4.2.1;5.1.1;5.1.1;5.1.1;5.4.3;5.1.1;5.1.1;4.2.1;5.1.99;5.1.99
R12914,1.1.1;1.1.99;5.1.3;1.1.3;5.1.1;1.14.13;1.3.1;2.3.1;5.3.3;1.3.99;1.1.-;1.1.2;1.1.5;5.1.99;1.14.19;1.14.11;1.10.3;5.1.2;1.6.5;1.2.1;1.11.1;1.14.99;1.14.18;1.23.1;1.3.8;5.2.1;1.3.-;1.14.14;1.14.-;1.14.15;1.5.1;1.3.5;1.4.3;1.-.-;1.7.2;1.1.98;1.1.4;1.3.3;4.1.1;5.3.1;1.3.7;1.12.98;1.14.12;1.7.1;4.2.1;1.13.11;1.2.99;1.16.1;1.18.6;1.7.99;5.-.-;5.1.-;1.12.5;1.9.3;1.2.2;1.16.8;1.10.2;1.10.1;1.1.9;1.12.2;1.16.3,5.3.3;5.3.3;1.3.99;5.3.3;1.3.8;4.2.1;1.3.8;1.3.1;4.2.1;1.13.11;4.1.1;1.13.11;5.3.2;4.2.1;1.13.11;5.3.3;1.13.11;1.13.11;1.3.1;1.13.11;4.2.1;1.3.8;1.13.11;4.2.3;4.2.3;1.17.1;1.3.1;1.13.11;1.13.11;4.2.3;4.2.3;1.14.14;5.3.2;2.1.1;4.2.1;4.2.1;4.2.1;4.2.1;1.3.99;4.2.1;4.1.1;4.2.1;2.3.1;1.3.1;1.3.1;2.5.1;4.2.3;4.2.1;4.2.1;4.1.1;1.3.1;5.3.3;1.3.1;4.2.1
R12969,2.4.1;3.2.1;2.4.2;3.1.4;4.2.2;5.1.3;6.5.1;6.1.1;2.4.99;4.2.1;3.1.3;3.6.1;2.7.8;3.1.1,2.4.1;2.4.1;2.4.1;3.2.1;3.2.1;3.2.1;2.4.1;2.4.1;2.4.1;3.2.1;2.4.1;2.4.1;3.2.1;2.4.1;3.2.1;3.2.1;2.4.1;2.4.1;2.4.1;3.2.1;2.4.1;2.4.1;3.2.1;2.4.1;2.4.1;3.2.1;3.2.1;3.2.1;2.4.2;2.4.1;3.2.1;2.4.1;4.2.1;2.4.1;3.2.1;2.4.99
R12970,2.4.1;3.2.1;2.4.2;3.1.4;4.2.2;5.1.3;6.5.1;6.1.1;2.4.99;4.2.1;3.1.3;3.6.1;2.7.8;3.1.1,2.4.1;2.4.1;2.4.1;3.2.1;3.2.1;3.2.1;2.4.1;2.4.1;2.4.1;3.2.1;2.4.1;2.4.1;3.2.1;2.4.1;3.2.1;3.2.1;2.4.1;2.4.1;2.4.1;3.2.1;2.4.1;2.4.1;3.2.1;2.4.1;2.4.1;3.2.1;3.2.1;3.2.1;2.4.2;2.4.1;3.2.1;2.4.1;4.2.1;2.4.1;3.2.1;2.4.99
R12997,1.1.3;1.1.1;1.1.99;1.14.13;1.3.3;1.3.2;1.10.3,1.1.3;1.1.3;1.1.3;1.14.15
R13007,4.1.99;4.2.3,2.5.1;2.5.1;2.5.1;2.5.1;2.5.1;2.5.1;2.5.1;2.5.1;2.5.1;2.5.1;2.5.1
R13013,,1.4.99;1.4.99
R13022,2.6.1;1.4.1;1.4.3;4.3.1;1.4.99;1.4.9;1.4.7;1.4.2;4.1.1;1.13.12;1.4.5;1.14.11;2.-.-;2.4.2;6.3.4,2.6.1;1.4.99;1.4.1;1.4.1;2.6.1;4.4.1;4.4.1;2.6.1;2.6.1;4.4.1;4.4.1;1.4.3;1.4.3;4.4.1;4.4.1;2.6.1;1.4.1;1.4.1;1.4.1;2.6.1;4.4.1
R13063,2.4.1;3.2.1;2.4.2;3.1.4;4.2.2;5.1.3;6.5.1;6.1.1;2.4.99;4.2.1;3.1.3;3.6.1;2.7.8;3.1.1,3.2.1;3.2.1;3.2.1;3.2.1;2.4.1;2.4.1;3.2.1;2.4.1;2.4.1;2.4.1;2.4.1;2.4.1;2.4.1;2.4.1;2.4.1;2.4.2;2.4.1;2.4.1;2.4.2;2.4.1;2.4.1;2.4.2;2.4.1;2.4.1;2.4.1;2.4.1;2.4.1;3.2.1;2.4.1;2.4.1;2.4.1;2.4.1;2.4.1;2.4.1;2.4.1;2.4.1;2.4.1;2.4.1;2.4.1;2.4.1;2.4.1;2.4.1;2.4.1;3.2.1;2.4.1;2.4.1;2.4.1;2.4.1;2.4.1;2.4.1;2.4.1;2.4.1;2.4.1;2.4.1;2.4.1;3.2.1;2.4.1;2.4.1;2.4.1;3.2.1;2.4.1;2.4.1;2.4.1;2.4.1;3.2.1;3.2.1;2.4.1;2.4.1;2.4.1;3.2.1;2.4.2;2.4.1;3.2.1;2.4.1;2.4.1;3.2.1;2.4.1;3.2.1;2.4.1;3.2.1;2.4.1;3.2.1;2.4.1;2.4.1;2.4.1;3.2.1;2.4.1;2.4.1;2.4.1;2.4.1;2.4.1;3.2.1;3.2.1;3.2.1;3.2.1;2.4.1;2.4.1;2.4.1;2.4.1;2.4.1;3.2.1;3.2.1;2.4.1;2.4.1;2.4.1;3.2.1;2.4.1;3.2.1;2.4.1;3.2.1;2.4.1;3.2.1;2.4.1;2.4.1;2.4.1;2.4.1;2.4.1;2.4.1;2.4.1;3.2.1;2.4.1;3.2.1;2.4.1;3.2.1;2.4.1;2.4.1;3.2.1;2.4.1;3.2.1;2.4.1;3.2.1;2.4.1;3.2.1;2.4.1;3.2.1;2.4.1;3.2.1;4.2.1;3.2.1;2.4.1
R13099,2.2.1;4.1.2;1.2.4;2.3.1,2.2.1;2.2.1
R13101,,4.2.3;4.2.3;4.2.1;5.4.99;5.4.99;5.4.99;5.4.99;4.2.1;4.2.3;4.2.3;5.4.99;4.2.3;5.4.99;5.4.99;4.2.3;4.2.1;5.4.99;4.2.3;5.4.99;3.1.7;5.4.99;4.2.3;5.4.99;5.4.99;4.2.3;5.4.99;5.4.99;4.2.3;5.5.1;5.5.1;5.5.1;4.1.99;4.2.3;4.2.3;4.2.1;5.4.99;4.2.3;5.4.99;5.4.99;4.2.3;4.2.3;4.2.3;4.2.3;4.2.3;4.2.3;4.2.3;4.2.3;4.2.3;5.5.1
R13112,2.5.1;4.2.3;4.2.1;1.1.1;2.3.1;4.4.1;1.17.1;5.4.99;1.14.13;1.3.99;4.3.1;1.3.3;4.1.3;5.-.-;2.8.1;3.3.2;1.3.1;2.1.2;2.1.4;3.8.1;1.14.14,4.2.1;1.3.8;1.14.14;4.2.1;4.2.1;4.2.1;4.2.1;4.2.1;4.2.1;1.3.1;5.3.3;1.3.1;1.14.14;1.3.1;5.3.3;4.2.1;1.14.14;4.2.1;4.2.1;4.2.1;5.1.99;4.3.1;4.2.1;4.2.1;1.3.1;5.1.99;1.14.14;5.3.2;4.2.1;4.2.1;1.3.5;4.2.1;4.2.1;4.2.1;4.2.1;3.5.1;4.2.1;4.2.1;4.3.2;4.2.1;4.2.1;5.3.2;4.2.1;5.2.1;5.2.1;5.3.3;5.3.2;1.14.11;5.2.1;1.3.8;1.3.99;1.3.1;4.3.1;3.5.99;4.2.1;4.2.1;4.2.1;4.4.1;4.2.1;4.2.1;1.14.19;3.8.1;3.5.1;3.8.1;1.14.13;1.10.3;1.14.19;1.14.16;1.14.11
R13219,1.1.1;1.1.99;1.1.3;2.3.1;1.14.13;1.1.5;1.1.-;1.1.2;5.3.3;1.14.11;1.14.-;1.1.98;1.4.3;1.-.-;1.6.5;1.6.99;1.2.1;5.1.3;4.2.1;1.14.15;1.1.9;1.3.1;1.6.3;1.6.1;1.14.12;6.4.1;5.4.99;1.11.1;4.1.1,1.1.1;1.1.1;1.1.1;1.1.1;1.1.1;1.1.1;1.1.1;1.1.1;1.1.1;1.1.1;1.1.1;1.1.1;1.1.1;1.1.1;1.1.1;1.1.1;1.1.1;1.1.1;1.1.1;1.14.-;1.1.1;1.14.-;1.1.1;1.1.3;1.14.13;1.14.13;1.14.-;1.3.99;1.1.1;1.1.1;1.14.99;1.1.1;1.14.99;1.1.1;1.1.1;1.1.1;1.1.1;1.1.1;1.1.1;1.1.1;1.1.1;1.1.1;1.1.1;1.1.1;1.1.1;1.1.1;1.1.1;1.1.1;1.1.1;1.1.1;1.1.1;5.3.3;1.1.1;1.1.1;1.14.13;1.1.1;1.1.1;1.1.1;1.14.11
R13234,,4.2.3;4.2.3;4.2.3;4.2.3;4.2.3;4.2.3;4.2.3;4.2.3;4.2.3;4.2.3;5.4.99;5.4.99;5.4.99;4.2.3;5.4.99;4.1.99;4.2.3;4.2.3;4.2.3;4.2.1;5.4.99;4.2.3;5.4.99;5.4.99;4.2.1;5.4.99;5.4.99;4.2.1;3.1.7;4.2.3;5.4.99;5.4.99;5.4.99;5.4.99;5.4.99;4.2.3;4.2.3;4.2.3;5.4.99;4.2.3;5.4.99;4.2.3;5.5.1;5.5.1;5.5.1;5.4.99;4.2.1;4.2.3;4.2.3;4.2.3;4.2.3;4.2.3;4.2.3;4.2.3;4.2.3;4.2.3;4.2.3;4.2.3
R13236,2.1.1;1.14.14;3.1.1;2.3.1;1.5.3;1.14.11;1.5.8;2.-.-;1.16.1;1.14.99;1.14.13;1.2.7;1.5.99;3.7.1,2.-.-;2.5.1;2.3.1
R13291,2.5.1;1.5.3;1.5.1;1.5.99;4.2.1;4.4.1;2.3.1;1.14.15;1.4.3;4.3.3;3.5.-;3.3.1;2.1.2;4.1.99;4.1.3;3.3.2;3.5.99;3.1.1,1.5.1;1.5.1;1.5.3;1.5.3;2.5.1;1.5.3;1.5.3;2.5.1;1.5.1;1.5.1;1.5.3;2.5.1
R13302,2.5.1;1.5.3;4.4.1;4.2.1;1.5.99;2.3.1;1.14.15;1.5.1;3.1.1;3.3.1;2.1.2;4.1.99;4.1.3;3.3.2;3.5.99;1.4.3;4.3.3;3.5.-;1.3.1;3.7.1;1.1.1;1.8.3,2.5.1;2.5.1;2.5.1;2.5.1;2.5.1;2.5.1;2.5.1;2.5.1;2.5.1;2.5.1;2.5.1;2.5.1;2.5.1;5.3.3;1.17.1
R13306,2.6.1;1.4.3;1.4.1;1.4.9;1.4.99;1.4.7;1.4.2;4.3.1;1.13.12;4.1.1;1.14.11;2.-.-;2.4.2;1.4.5,1.4.3;1.4.3;2.6.1;2.6.1;2.6.1;1.4.1;1.4.99;1.4.1;2.6.1;2.6.1;4.4.1;4.4.1;4.4.1;1.4.3;1.4.3;4.4.1;4.4.1;4.4.1;2.6.1;2.6.1;1.4.1;2.6.1;1.4.1;1.4.1
R13319,3.4.-;6.3.2,6.3.2;3.5.1;3.5.1;3.5.1;3.4.15;6.3.2;3.5.1;3.4.13;3.5.1;6.3.1;6.3.2;6.3.1;6.3.2;6.3.2;3.5.1;6.3.1;3.5.1;3.5.1;3.5.1;1.4.1;6.3.2;6.3.2;6.3.1;2.3.2;3.4.22;6.3.1;6.3.2;6.3.2;6.2.1;3.5.1;6.3.2;3.5.1;2.3.2;3.4.13;2.3.2;2.3.2;3.4.13;3.5.1;6.3.2;3.5.1;6.3.2;3.4.19;3.5.1
R13372,2.4.1;3.2.1;2.4.2;3.1.4;6.1.1;4.2.2;5.1.3;6.5.1;3.1.1;2.4.99;4.2.1;3.1.3;3.6.1;2.7.8;4.3.3,2.4.2;2.4.1;2.4.1;2.4.1;2.4.2;2.4.1;2.4.1;2.4.1;2.4.1;2.4.1;2.4.1;2.4.1;2.4.2;2.4.1;2.4.1;2.4.1;2.4.1;2.4.1;2.4.2;2.4.2;2.4.1;2.4.1;2.4.2;3.6.1;2.4.2;2.4.2;2.4.1;2.4.1;2.4.99;2.4.99;2.7.8;2.4.1;4.2.3
R13410,,5.4.1;5.4.1;5.5.1;2.1.1;1.14.13;1.14.13;2.1.1;2.1.1;4.1.99;2.1.1;4.2.3;4.2.3;4.2.3
R13445,,5.3.3;4.1.99;4.2.1;1.14.11;1.14.20;4.2.3;4.2.3;4.2.3;1.14.13;1.3.1;1.3.1;4.2.3;4.2.3;1.3.3;4.2.3;4.2.3;4.2.3;4.2.3;4.2.3;1.14.11;3.1.1;1.1.1;4.2.1;4.2.1;5.1.3;1.1.1;5.4.99;1.14.13;2.6.1;1.1.1;5.3.1;5.1.3;1.3.1;1.3.-;4.3.1;4.2.3;5.4.4;1.14.11;4.2.1;1.3.99;4.2.99;4.2.1;1.14.13;1.14.13;4.5.1;4.2.3;4.2.1;1.1.1;4.2.1;5.3.99;1.14.13;1.10.99;4.5.1;1.14.14;1.14.14;2.2.1;1.14.14;1.14.14;5.3.3;1.3.7;4.1.1;1.1.1;1.3.1;1.3.1;1.3.1;1.3.1;1.3.1;1.3.1;1.3.1;1.3.1;1.10.99;1.3.1;5.3.3;1.3.1;1.3.1;1.1.3;1.3.1;1.3.1;1.10.99;1.1.1;1.1.1;1.14.21;1.14.21;1.14.21;1.14.21;1.1.1;1.1.1;1.1.1;1.1.1;1.1.1;1.3.1;1.1.3;1.10.3;1.3.2;1.1.1;1.1.1;1.1.1;1.1.1;1.1.1;1.1.1;1.1.1;4.2.2;2.1.1;1.3.1;1.3.7;1.3.7;1.-.-;1.3.1;1.21.-;1.3.1;1.14.13
